Workbook

Sheet NORMATIVOS
B1: Consolidado = 🟩 Proyeccion = 🟦 En Proceso = 🟨 No Adquirido = 🟥 | C1: Diego Jaime | D1: Ricardo Jimenez | E1: Alonso Ahedo | F1: Mikel Larrinua | G1: Diego Rodriguez | H1: Isaac Martinez | I1: Diego Vela | J1: Yerik Guerra | K1: Fernando Talavera | L1: Diego Chavez | M1: Mario Bisteni | N1: Maximiliano Diaz | O1: Santiago Sigler | P1: Nicolas Capitanacci | Q1: Bruno Jacobo | R1: Santi Camacho | S1: Leo Camacho | T1: Nico Flores | U1: Carlos Aznar | V1: Emi Gonzalez | W1: David Rangel | X1: Diego Cuevas | Y1: Jose Ma Robles | Z1: Mauro Regand | AA1: Bruno Baez | AB1: Brittan Akim | AC1: Alfredo Jacobo | AD1: Erik Lopez | AE1: Leo Lazaro | AF1: Isaac Rangel
A2: PISO
A3: POSICIONES BÁSICAS Y FUERZA | B3: Postura de pie firme | C3: Consolidado | D3: Consolidado | E3: Consolidado | F3: Consolidado | G3: Consolidado | H3: Consolidado | I3: Consolidado | J3: Consolidado | K3: Consolidado | L3: Consolidado | M3: Consolidado | N3: Consolidado | O3: Consolidado | P3: Consolidado | Q3: Consolidado | R3: Consolidado | S3: Consolidado | T3: Consolidado | U3: Consolidado | V3: Consolidado | W3: Consolidado | X3: Consolidado | Y3: Consolidado | Z3: Consolidado | AA3: Consolidado | AB3: Consolidado | AC3: Consolidado | AD3: Consolidado | AE3: Consolidado | AF3: En proceso | AG3: Nivel 3 | AH3: Nivel 4 | AI3: Nivel 5 | AJ3: Nivel 6 | AK3: Nivel 7 | AL3: Nivel 8 | AM3: Nivel 9 | AN3: Nivel 10 Jr | AO3: Nivel 10 FIG
B4: Parado de hombros | C4: Consolidado | D4: Consolidado | E4: Consolidado | F4: Consolidado | G4: Consolidado | H4: Consolidado | I4: Consolidado | J4: Consolidado | K4: Consolidado | L4: Consolidado | M4: Consolidado | N4: Consolidado | O4: Consolidado | P4: Consolidado | Q4: Consolidado | R4: Consolidado | S4: Consolidado | T4: Consolidado | U4: Consolidado | V4: Consolidado | W4: Consolidado | X4: Consolidado | Y4: Consolidado | Z4: Consolidado | AA4: Consolidado | AB4: Consolidado | AC4: Consolidado | AD4: Consolidado | AE4: Consolidado | AF4: En proceso
B5: Parado de antebrazos | C5: Consolidado | D5: Consolidado | E5: Consolidado | F5: Consolidado | G5: Consolidado | H5: Consolidado | I5: Consolidado | J5: Consolidado | K5: Consolidado | L5: Consolidado | M5: Consolidado | N5: Consolidado | O5: Consolidado | P5: Consolidado | Q5: Consolidado | R5: Consolidado | S5: Consolidado | T5: Consolidado | U5: Consolidado | V5: Consolidado | W5: Consolidado | X5: Consolidado | Y5: Consolidado | Z5: Consolidado | AA5: Consolidado | AB5: Consolidado | AC5: Consolidado | AD5: Consolidado | AE5: Consolidado | AF5: En proceso
B6: Parado de cabeza | C6: Consolidado | D6: Consolidado | E6: Consolidado | F6: Consolidado | G6: Consolidado | H6: Consolidado | I6: Consolidado | J6: Consolidado | K6: Consolidado | L6: Consolidado | M6: Consolidado | N6: Consolidado | O6: Consolidado | P6: Consolidado | Q6: Consolidado | R6: Consolidado | S6: Consolidado | T6: Consolidado | U6: Consolidado | V6: Consolidado | W6: Consolidado | X6: Consolidado | Y6: Consolidado | Z6: Consolidado | AA6: Consolidado | AB6: Consolidado | AC6: Consolidado | AD6: Consolidado | AE6: Consolidado | AF6: En proceso
B7: Parado de manos en apoyo | C7: Consolidado | D7: Consolidado | E7: Consolidado | F7: Consolidado | G7: Consolidado | H7: Consolidado | I7: Consolidado | J7: Consolidado | K7: Consolidado | L7: Consolidado | M7: Consolidado | N7: Consolidado | O7: Consolidado | P7: Consolidado | Q7: Consolidado | R7: Consolidado | S7: Consolidado | T7: Consolidado | U7: Consolidado | V7: Consolidado | W7: Consolidado | X7: Consolidado | Y7: Consolidado | Z7: Consolidado | AA7: Consolidado | AB7: Consolidado | AC7: Consolidado | AD7: Consolidado | AE7: Consolidado | AF7: Consolidado
B8: Parado de Manos | C8: Consolidado | D8: Consolidado | E8: Consolidado | F8: Consolidado | G8: Consolidado | H8: Consolidado | I8: Consolidado | J8: Consolidado | K8: Consolidado | L8: Consolidado | M8: Consolidado | N8: Consolidado | O8: Consolidado | P8: Consolidado | Q8: Consolidado | R8: Consolidado | S8: Consolidado | T8: Consolidado | U8: Consolidado | V8: Consolidado | W8: Consolidado | X8: Consolidado | Y8: Consolidado | Z8: Consolidado | AA8: Consolidado | AB8: Consolidado | AC8: Consolidado | AD8: En proceso | AE8: En proceso | AF8: En proceso
B9: Split | C9: Consolidado | D9: Consolidado | E9: En proceso | F9: En proceso | G9: Consolidado | H9: En proceso | I9: Consolidado | J9: Consolidado | K9: N/A | L9: N/A | M9: En proceso | N9: En proceso | O9: En proceso | P9: En proceso | Q9: En proceso | R9: En proceso | S9: En proceso | T9: En proceso | U9: En proceso | V9: En proceso | W9: En proceso | X9: En proceso | Y9: En proceso | Z9: En proceso | AA9: En proceso | AB9: En proceso | AC9: En proceso | AD9: En proceso | AE9: En proceso | AF9: En proceso
B10: Squat | C10: Consolidado | D10: Consolidado | E10: En proceso | F10: En proceso | G10: Consolidado | H10: En proceso | I10: Consolidado | J10: Consolidado | K10: N/A | L10: N/A | M10: En proceso | N10: En proceso | O10: En proceso | P10: En proceso | Q10: En proceso | R10: En proceso | S10: En proceso | T10: En proceso | U10: En proceso | V10: En proceso | W10: En proceso | X10: En proceso | Y10: En proceso | Z10: En proceso | AA10: En proceso | AB10: En proceso | AC10: En proceso | AD10: En proceso | AE10: En proceso | AF10: En proceso
B11: Equilibrio a un pie (arabesca) | C11: Consolidado | D11: Consolidado | E11: Consolidado | F11: Consolidado | G11: Consolidado | H11: Consolidado | I11: Consolidado | J11: Consolidado | K11: Consolidado | L11: Consolidado | M11: Consolidado | N11: Consolidado | O11: Consolidado | P11: Consolidado | Q11: En proceso | R11: En proceso | S11: En proceso | T11: En proceso | U11: En proceso | V11: En proceso | W11: En proceso | X11: En proceso | Y11: En proceso | Z11: En proceso | AA11: En proceso | AB11: En proceso | AC11: En proceso | AD11: Proyección | AE11: Proyección | AF11: Proyección
B12: L sit | C12: Consolidado | D12: Consolidado | E12: Consolidado | F12: Consolidado | G12: Consolidado | H12: Consolidado | I12: Consolidado | J12: Consolidado | K12: Consolidado | L12: En proceso | M12: En proceso | N12: En proceso | O12: En proceso | P12: En proceso | Q12: Consolidado | R12: Consolidado | S12: Consolidado | T12: Consolidado | U12: En proceso | V12: Consolidado | W12: Consolidado | X12: En proceso | Y12: En proceso | Z12: En proceso | AA12: En proceso | AB12: Consolidado | AC12: En proceso | AD12: En proceso | AE12: En proceso | AF12: En proceso
B13: Sustentación en Arco | C13: Consolidado | D13: Consolidado | E13: En proceso | F13: En proceso | G13: Consolidado | H13: Consolidado | I13: Consolidado | J13: Consolidado | K13: N/A | L13: N/A | M13: En proceso | N13: En proceso | O13: En proceso | P13: En proceso | Q13: Consolidado | R13: Consolidado | S13: Consolidado | T13: Consolidado | U13: En proceso | V13: Consolidado | W13: Consolidado | X13: En proceso | Y13: En proceso | Z13: En proceso | AA13: En proceso | AB13: Consolidado | AC13: En proceso | AD13: En proceso | AE13: En proceso | AF13: En proceso
B14: Soporte en escuadra endo | C14: Consolidado | D14: Consolidado | E14: En proceso | F14: Consolidado | G14: Consolidado | H14: Consolidado | I14: Consolidado | J14: Consolidado | K14: En proceso | L14: En proceso | M14: En proceso | N14: En proceso | O14: Consolidado | P14: En proceso | Q14: Consolidado | R14: En proceso | S14: Consolidado | T14: Consolidado | U14: En proceso | V14: Consolidado | W14: En proceso | X14: Consolidado | Y14: En proceso | Z14: En proceso | AA14: En proceso | AB14: Consolidado | AC14: En proceso | AD14: En proceso | AE14: En proceso | AF14: En proceso
B15: Kato de fuerza | C15: Consolidado | D15: Consolidado | E15: En proceso | F15: Consolidado | G15: Consolidado | H15: Consolidado | I15: Consolidado | J15: Consolidado | K15: En proceso | L15: En proceso | M15: Consolidado | N15: En proceso | O15: En proceso | P15: En proceso | Q15: Consolidado | R15: En proceso | S15: Consolidado | T15: Consolidado | U15: En proceso | V15: Consolidado | W15: En proceso | X15: En proceso | Y15: En proceso | Z15: En proceso | AA15: En proceso | AB15: En proceso | AC15: En proceso | AD15: En proceso | AE15: En proceso | AF15: En proceso
B16: Rodada Kato | C16: Consolidado | D16: Consolidado | E16: En proceso | F16: Consolidado | G16: Consolidado | H16: En proceso | I16: Consolidado | J16: En proceso | K16: En proceso | L16: En proceso | M16: Consolidado | N16: En proceso | O16: En proceso | P16: En proceso | Q16: Consolidado | R16: En proceso | S16: En proceso | T16: En proceso | U16: En proceso | V16: En proceso | W16: En proceso | X16: En proceso | Y16: En proceso | Z16: En proceso | AA16: En proceso | AB16: En proceso | AC16: En proceso | AD16: En proceso | AE16: Proyección | AF16: Proyección
A17: ACROBATICO HACÍA DELANTE | B17: Rodada adelanté | C17: Consolidado | D17: Consolidado | E17: Consolidado | F17: Consolidado | G17: Consolidado | H17: Consolidado | I17: Consolidado | J17: Consolidado | K17: Consolidado | L17: Consolidado | M17: Consolidado | N17: Consolidado | O17: Consolidado | P17: Consolidado | Q17: Consolidado | R17: Consolidado | S17: Consolidado | T17: Consolidado | U17: Consolidado | V17: Consolidado | W17: Consolidado | X17: Consolidado | Y17: Consolidado | Z17: Consolidado | AA17: Consolidado | AB17: Consolidado | AC17: Consolidado | AD17: Consolidado | AE17: Consolidado | AF17: Consolidado | AG17: Nivel 3 | AH17: Nivel 4 | AI17: Nivel 5 | AJ17: Nivel 6 | AK17: Nivel 7 | AL17: Nivel 8 | AM17: Nivel 9 | AN17: Nivel 10 Jr | AO17: Nivel 10 FIG
B18: Vuelta de carro | C18: Consolidado | D18: Consolidado | E18: Consolidado | F18: Consolidado | G18: Consolidado | H18: Consolidado | I18: Consolidado | J18: Consolidado | K18: Consolidado | L18: Consolidado | M18: Consolidado | N18: Consolidado | O18: Consolidado | P18: Consolidado | Q18: Consolidado | R18: Consolidado | S18: Consolidado | T18: Consolidado | U18: Consolidado | V18: Consolidado | W18: Consolidado | X18: Consolidado | Y18: Consolidado | Z18: Consolidado | AA18: Consolidado | AB18: Consolidado | AC18: Consolidado | AD18: Consolidado | AE18: Consolidado | AF18: En proceso
B19: Redondilla | C19: Consolidado | D19: Consolidado | E19: Consolidado | F19: Consolidado | G19: Consolidado | H19: Consolidado | I19: Consolidado | J19: Consolidado | K19: Consolidado | L19: Consolidado | M19: Consolidado | N19: Consolidado | O19: Consolidado | P19: Consolidado | Q19: Consolidado | R19: Consolidado | S19: Consolidado | T19: Consolidado | U19: Consolidado | V19: Consolidado | W19: Consolidado | X19: Consolidado | Y19: Consolidado | Z19: Consolidado | AA19: Consolidado | AB19: Consolidado | AC19: Consolidado | AD19: Consolidado | AE19: En proceso | AF19: En proceso
B20: Resorte a 2 pies | C20: Consolidado | D20: Consolidado | E20: Consolidado | F20: Consolidado | G20: Consolidado | H20: Consolidado | I20: Consolidado | J20: Consolidado | K20: Consolidado | L20: Consolidado | M20: Consolidado | N20: Consolidado | O20: Consolidado | P20: Consolidado | Q20: Consolidado | R20: Consolidado | S20: Consolidado | T20: Consolidado | U20: Consolidado | V20: Consolidado | W20: Consolidado | X20: Consolidado | Y20: Consolidado | Z20: Consolidado | AA20: Consolidado | AB20: Consolidado | AC20: Consolidado | AD20: En proceso | AE20: En proceso | AF20: Proyección
B21: Resorte a 1 pie | C21: Consolidado | D21: Consolidado | E21: Consolidado | F21: Consolidado | G21: Consolidado | H21: Consolidado | I21: Consolidado | J21: Consolidado | K21: Consolidado | L21: Consolidado | M21: Consolidado | N21: Consolidado | O21: Consolidado | P21: Consolidado | Q21: Consolidado | R21: Consolidado | S21: Consolidado | T21: Consolidado | U21: Consolidado | V21: Consolidado | W21: Consolidado | X21: Consolidado | Y21: Consolidado | Z21: Consolidado | AA21: Consolidado | AB21: Consolidado | AC21: Consolidado | AD21: En proceso | AE21: Proyección | AF21: Proyección
B22: Mortal adelante en C | C22: Consolidado | D22: Consolidado | E22: Consolidado | F22: Consolidado | G22: Consolidado | H22: Consolidado | I22: Consolidado | J22: Consolidado | K22: Consolidado | L22: Consolidado | M22: Consolidado | N22: Consolidado | O22: Consolidado | P22: Consolidado | Q22: Consolidado | R22: Consolidado | S22: En proceso | T22: En proceso | U22: Consolidado | V22: Consolidado | W22: Consolidado | X22: En proceso | Y22: Consolidado | Z22: En proceso | AA22: Consolidado | AB22: Consolidado | AC22: En proceso | AD22: En proceso | AE22: Proyección | AF22: Proyección
B23: Resorte 1 a 2 | C23: Consolidado | D23: Consolidado | E23: Consolidado | F23: Consolidado | G23: Consolidado | H23: En proceso | I23: Consolidado | J23: Consolidado | K23: Consolidado | L23: Consolidado | M23: Consolidado | N23: Consolidado | O23: En proceso | P23: En proceso | Q23: En proceso | R23: En proceso | S23: En proceso | T23: En proceso | U23: En proceso | V23: En proceso | W23: En proceso | X23: En proceso | Y23: En proceso | Z23: En proceso | AA23: En proceso | AB23: En proceso | AC23: En proceso | AD23: Proyección | AE23: Proyección | AF23: Proyección
B24: Mortal adelante en V | C24: Consolidado | D24: Consolidado | E24: Consolidado | F24: Consolidado | G24: Consolidado | H24: Consolidado | I24: Consolidado | J24: Consolidado | K24: Consolidado | L24: Consolidado | M24: Consolidado | N24: Consolidado | O24: En proceso | P24: En proceso | Q24: En proceso | R24: En proceso | S24: En proceso | T24: En proceso | U24: En proceso | V24: En proceso | W24: En proceso | X24: En proceso | Y24: En proceso | Z24: En proceso | AA24: En proceso | AB24: En proceso | AC24: En proceso | AD24: En proceso | AE24: Proyección | AF24: Proyección
B25: Mortal extendido | C25: Consolidado | D25: Consolidado | E25: Consolidado | F25: Consolidado | G25: Consolidado | H25: En proceso | I25: Consolidado | J25: Consolidado | K25: Consolidado | L25: Consolidado | M25: En proceso | N25: En proceso | O25: En proceso | P25: En proceso | Q25: En proceso | R25: Proyección | S25: Proyección | T25: Proyección | U25: Proyección | V25: Proyección | W25: Proyección | X25: Proyección | Y25: En proceso | Z25: Proyección | AA25: Proyección | AB25: Proyección | AC25: Proyección | AD25: Proyección | AE25: Proyección | AF25: Proyección
B26: Mortal rebote mortal | C26: Consolidado | D26: Consolidado | E26: Consolidado | F26: Consolidado | G26: Consolidado | H26: En proceso | I26: En proceso | J26: En proceso | K26: Consolidado | L26: Consolidado | M26: En proceso | N26: En proceso | O26: Proyección | P26: En proceso | Q26: Proyección | R26: Proyección | S26: Proyección | T26: Proyección | U26: Proyección | V26: Proyección | W26: Proyección | X26: Proyección | Y26: Proyección | Z26: Proyección | AA26: Proyección | AB26: Proyección | AC26: Proyección | AD26: Proyección | AE26: Proyección | AF26: Proyección
B27: Doble mortal en C adelanté | C27: Consolidado | D27: Consolidado | E27: Consolidado | F27: En proceso | G27: En proceso | H27: Proyección | I27: Proyección | J27: Proyección | K27: Proyección | L27: Proyección | M27: Proyección | N27: Proyección | O27: Proyección | P27: Proyección | Q27: Proyección | R27: Proyección | S27: Proyección | T27: Proyección | U27: Proyección | V27: Proyección | W27: Proyección | X27: Proyección | Y27: Proyección | Z27: Proyección | AA27: Proyección | AB27: Proyección | AC27: Proyección | AD27: Proyección | AE27: Proyección | AF27: Proyección
A28: ACROBATICO HACÍA ATRÁS | B28: Rodada atras | C28: Consolidado | D28: Consolidado | E28: Consolidado | F28: Consolidado | G28: Consolidado | H28: Consolidado | I28: Consolidado | J28: Consolidado | K28: Consolidado | L28: Consolidado | M28: Consolidado | N28: Consolidado | O28: Consolidado | P28: Consolidado | Q28: Consolidado | R28: Consolidado | S28: Consolidado | T28: Consolidado | U28: Consolidado | V28: Consolidado | W28: Consolidado | X28: Consolidado | Y28: Consolidado | Z28: Consolidado | AA28: Consolidado | AB28: Consolidado | AC28: Consolidado | AD28: Consolidado | AE28: Consolidado | AF28: Consolidado | AG28: Nivel 3 | AH28: Nivel 4 | AI28: Nivel 5 | AJ28: Nivel 6 | AK28: Nivel 7 | AL28: Nivel 8 | AM28: Nivel 9 | AN28: Nivel 10 Jr | AO28: Nivel 10 FIG
B29: Rodada atrás a parado de manos | C29: Consolidado | D29: Consolidado | E29: Consolidado | F29: Consolidado | G29: Consolidado | H29: Consolidado | I29: Consolidado | J29: Consolidado | K29: Consolidado | L29: Consolidado | M29: Consolidado | N29: Consolidado | O29: Consolidado | P29: Consolidado | Q29: Consolidado | R29: Consolidado | S29: Consolidado | T29: Consolidado | U29: Consolidado | V29: Consolidado | W29: Consolidado | X29: Consolidado | Y29: Consolidado | Z29: Consolidado | AA29: Consolidado | AB29: Consolidado | AC29: Consolidado | AD29: En proceso | AE29: En proceso | AF29: En proceso
B30: Flic flac | C30: Consolidado | D30: Consolidado | E30: Consolidado | F30: Consolidado | G30: Consolidado | H30: Consolidado | I30: Consolidado | J30: Consolidado | K30: Consolidado | L30: Consolidado | M30: Consolidado | N30: Consolidado | O30: Consolidado | P30: Consolidado | Q30: Consolidado | R30: Consolidado | S30: Consolidado | T30: Consolidado | U30: Consolidado | V30: Consolidado | W30: Consolidado | X30: Consolidado | Y30: Consolidado | Z30: Consolidado | AA30: Consolidado | AB30: Consolidado | AC30: Consolidado | AD30: En proceso | AE30: Proyección | AF30: Proyección
B31: Doble flic | C31: Consolidado | D31: Consolidado | E31: Consolidado | F31: Consolidado | G31: Consolidado | H31: Consolidado | I31: Consolidado | J31: Consolidado | K31: Consolidado | L31: Consolidado | M31: Consolidado | N31: Consolidado | O31: Consolidado | P31: Consolidado | Q31: Consolidado | R31: Consolidado | S31: Consolidado | T31: Consolidado | U31: Consolidado | V31: Consolidado | W31: Consolidado | X31: Consolidado | Y31: Consolidado | Z31: Consolidado | AA31: Consolidado | AB31: Consolidado | AC31: Consolidado | AD31: Proyección | AE31: Proyección | AF31: Proyección
B32: Mortal atras en C desde Redondilla | C32: Consolidado | D32: Consolidado | E32: Consolidado | F32: Consolidado | G32: Consolidado | H32: Consolidado | I32: Consolidado | J32: Consolidado | K32: Consolidado | L32: Consolidado | M32: Consolidado | N32: Consolidado | O32: Consolidado | P32: Consolidado | Q32: Consolidado | R32: Consolidado | S32: En proceso | T32: En proceso | U32: Consolidado | V32: Consolidado | W32: En proceso | X32: En proceso | Y32: Consolidado | Z32: Consolidado | AA32: Consolidado | AB32: Consolidado | AC32: En proceso | AD32: Proyección | AE32: Proyección | AF32: Proyección
B33: Mortal atras en C desde Flic flac | C33: Consolidado | D33: Consolidado | E33: Consolidado | F33: Consolidado | G33: Consolidado | H33: Consolidado | I33: Consolidado | J33: Consolidado | K33: Consolidado | L33: Consolidado | M33: Consolidado | N33: Consolidado | O33: Consolidado | P33: Consolidado | Q33: Consolidado | R33: Consolidado | S33: En proceso | T33: En proceso | U33: En proceso | V33: Consolidado | W33: En proceso | X33: En proceso | Y33: Consolidado | Z33: En proceso | AA33: En proceso | AB33: Consolidado | AC33: En proceso | AD33: Proyección | AE33: Proyección | AF33: Proyección
B34: Mortal en V atras | C34: Consolidado | D34: Consolidado | E34: Consolidado | F34: Consolidado | G34: Consolidado | H34: Consolidado | I34: Consolidado | J34: Consolidado | K34: Consolidado | L34: Consolidado | M34: Consolidado | N34: Consolidado | O34: En proceso | P34: En proceso | Q34: En proceso | R34: Proyección | S34: Proyección | T34: Proyección | U34: Proyección | V34: Proyección | W34: Proyección | X34: Proyección | Y34: En proceso | Z34: Proyección | AA34: Proyección | AB34: En proceso | AC34: Proyección | AD34: Proyección | AE34: Proyección | AF34: Proyección
B35: Mortal extendido atras | C35: Consolidado | D35: Consolidado | E35: Consolidado | F35: Consolidado | G35: Consolidado | H35: Consolidado | I35: Consolidado | J35: Consolidado | K35: Consolidado | L35: Consolidado | M35: Consolidado | N35: Consolidado | O35: En proceso | P35: En proceso | Q35: En proceso | R35: Proyección | S35: Proyección | T35: Proyección | U35: Proyección | V35: Proyección | W35: Proyección | X35: Proyección | Y35: En proceso | Z35: Proyección | AA35: Proyección | AB35: En proceso | AC35: Proyección | AD35: Proyección | AE35: Proyección | AF35: Proyección
B36: Power flic (Tempo) | C36: Consolidado | D36: Consolidado | E36: Consolidado | F36: N/A | G36: N/A | H36: N/A | I36: Consolidado | J36: N/A | K36: N/A | L36: Proyección | M36: En proceso | N36: En proceso | O36: Proyección | P36: Proyección | Q36: En proceso | R36: Proyección | S36: Proyección | T36: Proyección | U36: Proyección | V36: Proyección | W36: Proyección | X36: Proyección | Y36: Proyección | Z36: Proyección | AA36: Proyección | AB36: Proyección | AC36: Proyección | AD36: Proyección | AE36: Proyección | AF36: Proyección
B37: Doble mortal atrás en C | C37: Consolidado | D37: Consolidado | E37: Consolidado | F37: Consolidado | G37: En proceso | H37: En proceso | I37: En proceso | J37: En proceso | K37: En proceso | L37: Proyección | M37: Proyección | N37: Proyección | O37: Proyección | P37: Proyección | Q37: Proyección | R37: Proyección | S37: Proyección | T37: Proyección | U37: Proyección | V37: Proyección | W37: Proyección | X37: Proyección | Y37: Proyección | Z37: Proyección | AA37: Proyección | AB37: Proyección | AC37: Proyección | AD37: Proyección | AE37: Proyección | AF37: Proyección
A38: ACROBATICO CON GIRO | B38: Mortal extendido atras con 1/2 giro | C38: Consolidado | D38: Consolidado | E38: Consolidado | F38: Consolidado | G38: Consolidado | H38: N/A | I38: Consolidado | J38: Consolidado | K38: Consolidado | L38: En proceso | M38: Consolidado | N38: Consolidado | O38: En proceso | P38: En proceso | Q38: En proceso | R38: Proyección | S38: Proyección | T38: Proyección | U38: Proyección | V38: Proyección | W38: Proyección | X38: Proyección | Y38: Proyección | Z38: Proyección | AA38: Proyección | AB38: Proyección | AC38: Proyección | AD38: Proyección | AE38: Proyección | AF38: Proyección | AJ38: Nivel 6 | AK38: Nivel 7 | AL38: Nivel 8 | AM38: Nivel 9 | AN38: Nivel 10 Jr | AO38: Nivel 10 FIG
B39: Mortal extendido atras con un giro | C39: Consolidado | D39: Consolidado | E39: Consolidado | F39: Consolidado | G39: Consolidado | H39: Consolidado | I39: Consolidado | J39: Consolidado | K39: Consolidado | L39: En proceso | M39: Consolidado | N39: Consolidado | O39: En proceso | P39: En proceso | Q39: En proceso | R39: Proyección | S39: Proyección | T39: Proyección | U39: Proyección | V39: Proyección | W39: Proyección | X39: Proyección | Y39: Proyección | Z39: Proyección | AA39: Proyección | AB39: Proyección | AC39: Proyección | AD39: Proyección | AE39: Proyección | AF39: Proyección
B40: Mortal agrupado adelanté con 1/2 giro | C40: Consolidado | D40: Consolidado | E40: Consolidado | F40: Consolidado | G40: Consolidado | H40: Consolidado | I40: Consolidado | J40: Consolidado | K40: Consolidado | L40: En proceso | M40: Consolidado | N40: Consolidado | O40: En proceso | P40: En proceso | Q40: Proyección | R40: Proyección | S40: Proyección | T40: Proyección | U40: Proyección | V40: Proyección | W40: Proyección | X40: Proyección | Y40: En proceso | Z40: Proyección | AA40: Proyección | AB40: En proceso | AC40: Proyección | AD40: Proyección | AE40: Proyección | AF40: Proyección
B41: Mortal agrupado adelanté con 1 giro | C41: Consolidado | D41: Consolidado | E41: Consolidado | F41: Consolidado | G41: Consolidado | H41: Consolidado | I41: Consolidado | J41: Consolidado | K41: Consolidado | L41: Proyección | M41: Consolidado | N41: Consolidado | O41: En proceso | P41: En proceso | Q41: Proyección | R41: Proyección | S41: Proyección | T41: Proyección | U41: Proyección | V41: Proyección | W41: Proyección | X41: Proyección | Y41: Proyección | Z41: Proyección | AA41: Proyección | AB41: Proyección | AC41: Proyección | AD41: Proyección | AE41: Proyección | AF41: Proyección
B42: Varani | C42: Consolidado | D42: Consolidado | E42: Consolidado | F42: Consolidado | G42: Consolidado | H42: Consolidado | I42: En proceso | J42: En proceso | K42: En proceso | L42: En proceso | M42: En proceso | N42: En proceso | O42: En proceso | P42: En proceso | Q42: Proyección | R42: Proyección | S42: Proyección | T42: Proyección | U42: Proyección | V42: Proyección | W42: Proyección | X42: Proyección | Y42: Proyección | Z42: Proyección | AA42: Proyección | AB42: Proyección | AC42: Proyección | AD42: Proyección | AE42: Proyección | AF42: Proyección
B43: Mortal extendido adelanté con 1 giro | C43: Consolidado | D43: Consolidado | E43: Consolidado | F43: Consolidado | G43: Consolidado | H43: En proceso | I43: En proceso | J43: En proceso | K43: Consolidado | L43: En proceso | M43: En proceso | N43: En proceso | O43: Proyección | P43: Proyección | Q43: Proyección | R43: Proyección | S43: Proyección | T43: Proyección | U43: Proyección | V43: Proyección | W43: Proyección | X43: Proyección | Y43: Proyección | Z43: Proyección | AA43: Proyección | AB43: Proyección | AC43: Proyección | AD43: Proyección | AE43: Proyección | AF43: Proyección
B44: Mortal extendido atras con 1 1/2 giro | C44: Consolidado | D44: Consolidado | E44: Consolidado | F44: En proceso | G44: Consolidado | H44: En proceso | I44: Consolidado | J44: En proceso | K44: En proceso | L44: Proyección | M44: En proceso | N44: Consolidado | O44: Proyección | P44: Proyección | Q44: Proyección | R44: Proyección | S44: Proyección | T44: Proyección | U44: Proyección | V44: Proyección | W44: Proyección | X44: Proyección | Y44: Proyección | Z44: Proyección | AA44: Proyección | AB44: Proyección | AC44: Proyección | AD44: Proyección | AE44: Proyección | AF44: Proyección
B45: Mortal extendido atrás con 2 giros | C45: Consolidado | D45: Consolidado | E45: Consolidado | F45: N/A | G45: Consolidado | H45: En proceso | I45: Consolidado | J45: En proceso | K45: En proceso | L45: Proyección | M45: En proceso | N45: En proceso | O45: Proyección | P45: Proyección | Q45: Proyección | R45: Proyección | S45: Proyección | T45: Proyección | U45: Proyección | V45: Proyección | W45: Proyección | X45: Proyección | Y45: Proyección | Z45: Proyección | AA45: Proyección | AB45: Proyección | AC45: Proyección | AD45: Proyección | AE45: Proyección | AF45: Proyección
B46: Mortal extendido adelante con 1 1/2 giro | C46: Consolidado | D46: Consolidado | E46: Consolidado | F46: En proceso | G46: Consolidado | H46: Proyección | I46: Proyección | J46: Proyección | K46: Proyección | L46: Proyección | M46: Proyección | N46: Proyección | O46: Proyección | P46: Proyección | Q46: Proyección | R46: Proyección | S46: Proyección | T46: Proyección | U46: Proyección | V46: Proyección | W46: Proyección | X46: Proyección | Y46: Proyección | Z46: Proyección | AA46: Proyección | AB46: Proyección | AC46: Proyección | AD46: Proyección | AE46: Proyección | AF46: Proyección
A48: ARZON
A49: HONGO | B49: Posturas básicas de apoyo e impulso | C49: Consolidado | D49: Consolidado | E49: Consolidado | F49: Consolidado | G49: Consolidado | H49: Consolidado | I49: Consolidado | J49: Consolidado | K49: Consolidado | L49: Consolidado | M49: Consolidado | N49: Consolidado | O49: Consolidado | P49: Consolidado | Q49: Consolidado | R49: Consolidado | S49: Consolidado | T49: Consolidado | U49: Consolidado | V49: Consolidado | W49: Consolidado | X49: Consolidado | Y49: Consolidado | Z49: Consolidado | AA49: Consolidado | AB49: Consolidado | AC49: Consolidado | AD49: Consolidado | AE49: Consolidado | AF49: Consolidado | AG49: Nivel 3 | AH49: Nivel 4 | AI49: Nivel 5 | AJ49: Nivel 6 | AK49: Nivel 7 | AL49: Nivel 8 | AM49: Nivel 9 | AN49: Nivel 10 Jr | AO49: Nivel 10 FIG
B50: 1/4 de circulo | C50: Consolidado | D50: Consolidado | E50: Consolidado | F50: Consolidado | G50: Consolidado | H50: Consolidado | I50: Consolidado | J50: Consolidado | K50: Consolidado | L50: Consolidado | M50: Consolidado | N50: Consolidado | O50: Consolidado | P50: Consolidado | Q50: Consolidado | R50: Consolidado | S50: Consolidado | T50: Consolidado | U50: Consolidado | V50: Consolidado | W50: Consolidado | X50: Consolidado | Y50: Consolidado | Z50: Consolidado | AA50: Consolidado | AB50: Consolidado | AC50: Consolidado | AD50: Consolidado | AE50: Consolidado | AF50: Consolidado
B51: 1/2 de circulo | C51: Consolidado | D51: Consolidado | E51: Consolidado | F51: Consolidado | G51: Consolidado | H51: Consolidado | I51: Consolidado | J51: Consolidado | K51: Consolidado | L51: Consolidado | M51: Consolidado | N51: Consolidado | O51: Consolidado | P51: Consolidado | Q51: Consolidado | R51: Consolidado | S51: Consolidado | T51: Consolidado | U51: Consolidado | V51: Consolidado | W51: Consolidado | X51: Consolidado | Y51: Consolidado | Z51: Consolidado | AA51: Consolidado | AB51: Consolidado | AC51: Consolidado | AD51: Consolidado | AE51: Consolidado | AF51: Consolidado
B52: 3/4 de circulo | C52: Consolidado | D52: Consolidado | E52: Consolidado | F52: Consolidado | G52: Consolidado | H52: Consolidado | I52: Consolidado | J52: Consolidado | K52: Consolidado | L52: Consolidado | M52: Consolidado | N52: Consolidado | O52: Consolidado | P52: Consolidado | Q52: Consolidado | R52: Consolidado | S52: Consolidado | T52: Consolidado | U52: Consolidado | V52: Consolidado | W52: Consolidado | X52: Consolidado | Y52: Consolidado | Z52: Consolidado | AA52: Consolidado | AB52: Consolidado | AC52: Consolidado | AD52: Consolidado | AE52: Consolidado | AF52: En proceso
B53: 1 circulo | C53: Consolidado | D53: Consolidado | E53: Consolidado | F53: Consolidado | G53: Consolidado | H53: Consolidado | I53: Consolidado | J53: Consolidado | K53: Consolidado | L53: Consolidado | M53: Consolidado | N53: Consolidado | O53: Consolidado | P53: Consolidado | Q53: Consolidado | R53: Consolidado | S53: Consolidado | T53: Consolidado | U53: Consolidado | V53: Consolidado | W53: Consolidado | X53: Consolidado | Y53: Consolidado | Z53: Consolidado | AA53: Consolidado | AB53: Consolidado | AC53: Consolidado | AD53: Consolidado | AE53: Consolidado | AF53: En proceso
B54: 2 circulos | C54: Consolidado | D54: Consolidado | E54: Consolidado | F54: Consolidado | G54: Consolidado | H54: Consolidado | I54: Consolidado | J54: Consolidado | K54: Consolidado | L54: Consolidado | M54: Consolidado | N54: Consolidado | O54: Consolidado | P54: Consolidado | Q54: Consolidado | R54: Consolidado | S54: Consolidado | T54: Consolidado | U54: Consolidado | V54: Consolidado | W54: Consolidado | X54: Consolidado | Y54: Consolidado | Z54: Consolidado | AA54: Consolidado | AB54: Consolidado | AC54: Consolidado | AD54: Consolidado | AE54: En proceso | AF54: Proyección
B55: 3 circulos | C55: Consolidado | D55: Consolidado | E55: Consolidado | F55: Consolidado | G55: Consolidado | H55: Consolidado | I55: Consolidado | J55: Consolidado | K55: Consolidado | L55: Consolidado | M55: Consolidado | N55: Consolidado | O55: Consolidado | P55: Consolidado | Q55: Consolidado | R55: Consolidado | S55: Consolidado | T55: Consolidado | U55: Consolidado | V55: Consolidado | W55: Consolidado | X55: Consolidado | Y55: Consolidado | Z55: Consolidado | AA55: Consolidado | AB55: Consolidado | AC55: Consolidado | AD55: Consolidado | AE55: Proyección | AF55: Proyección
B56: 4 circulos | C56: Consolidado | D56: Consolidado | E56: Consolidado | F56: Consolidado | G56: Consolidado | H56: Consolidado | I56: Consolidado | J56: Consolidado | K56: Consolidado | L56: Consolidado | M56: Consolidado | N56: Consolidado | O56: Consolidado | P56: Consolidado | Q56: Consolidado | R56: Consolidado | S56: Consolidado | T56: Consolidado | U56: Consolidado | V56: Consolidado | W56: Consolidado | X56: Consolidado | Y56: Consolidado | Z56: Consolidado | AA56: Consolidado | AB56: Consolidado | AC56: Consolidado | AD56: Consolidado | AE56: Proyección | AF56: Proyección
B57: 5 circulos | C57: Consolidado | D57: Consolidado | E57: Consolidado | F57: Consolidado | G57: Consolidado | H57: Consolidado | I57: Consolidado | J57: Consolidado | K57: Consolidado | L57: Consolidado | M57: Consolidado | N57: Consolidado | O57: Consolidado | P57: Consolidado | Q57: Consolidado | R57: Consolidado | S57: Consolidado | T57: Consolidado | U57: Consolidado | V57: Consolidado | W57: Consolidado | X57: Consolidado | Y57: Consolidado | Z57: Consolidado | AA57: Consolidado | AB57: Consolidado | AC57: Consolidado | AD57: En proceso | AE57: Proyección | AF57: Proyección
B58: Salida finlandesa | C58: Consolidado | D58: Consolidado | E58: Consolidado | F58: Consolidado | G58: Consolidado | H58: Consolidado | I58: Consolidado | J58: Consolidado | K58: Consolidado | L58: Consolidado | M58: Consolidado | N58: Consolidado | O58: Consolidado | P58: Consolidado | Q58: Consolidado | R58: Consolidado | S58: Consolidado | T58: Consolidado | U58: Consolidado | V58: Consolidado | W58: Consolidado | X58: Consolidado | Y58: Consolidado | Z58: Consolidado | AA58: Consolidado | AB58: Consolidado | AC58: Consolidado | AD58: Consolidado | AE58: En proceso | AF58: En proceso
B59: Splindle | C59: Consolidado | D59: Consolidado | E59: En proceso | F59: Consolidado | G59: Consolidado | H59: Consolidado | I59: Consolidado | J59: Consolidado | K59: Consolidado | L59: Consolidado | M59: Consolidado | N59: Consolidado | O59: Consolidado | P59: Consolidado | Q59: Consolidado | R59: Consolidado | S59: Consolidado | T59: Consolidado | U59: Consolidado | V59: Consolidado | W59: Consolidado | X59: Consolidado | Y59: Consolidado | Z59: Consolidado | AA59: Consolidado | AB59: Consolidado | AC59: Consolidado | AD59: En proceso | AE59: Proyección | AF59: Proyección
B60: Thomas Flair | C60: Consolidado | D60: Consolidado | E60: En proceso | F60: Consolidado | G60: Consolidado | H60: Consolidado | I60: Consolidado | J60: Consolidado | K60: Consolidado | L60: Consolidado | M60: Consolidado | N60: Consolidado | O60: Consolidado | P60: Consolidado | Q60: Consolidado | R60: En proceso | S60: Consolidado | T60: En proceso | U60: Consolidado | V60: Consolidado | W60: En proceso | X60: En proceso | Y60: En proceso | Z60: En proceso | AA60: En proceso | AB60: Consolidado | AC60: En proceso | AD60: En proceso | AE60: Proyección | AF60: Proyección
B61: Cheka | C61: Consolidado | D61: Consolidado | E61: Consolidado | F61: Consolidado | G61: Consolidado | H61: Consolidado | I61: Consolidado | J61: Consolidado | K61: Consolidado | L61: Consolidado | M61: Consolidado | N61: Consolidado | O61: Consolidado | P61: Consolidado | Q61: Consolidado | R61: En proceso | S61: Consolidado | T61: En proceso | U61: En proceso | V61: En proceso | W61: En proceso | X61: En proceso | Y61: En proceso | Z61: En proceso | AA61: En proceso | AB61: Consolidado | AC61: En proceso | AD61: Proyección | AE61: Proyección | AF61: Proyección
... B64: Rusa | C64: Consolidado | D64: Consolidado | E64: N/A | F64: Consolidado | G64: Consolidado | H64: Consolidado | I64: Consolidado | J64: Consolidado | K64: Consolidado | L64: Consolidado | M64: Consolidado | N64: Consolidado | O64: Consolidado | P64: Consolidado | Q64: Consolidado | R64: En proceso | S64: En proceso | T64: En proceso | U64: En proceso | V64: En proceso | W64: En proceso | X64: En proceso | Y64: En proceso | Z64: En proceso | AA64: En proceso | AB64: En proceso | AC64: En proceso | AD64: Proyección | AE64: Proyección | AF64: Proyección
A65: CABALLO SIN ARZON | B65: 1/2 Circulo | C65: Consolidado | D65: Consolidado | E65: Consolidado | F65: Consolidado | G65: Consolidado | H65: Consolidado | I65: Consolidado | J65: Consolidado | K65: Consolidado | L65: Consolidado | M65: Consolidado | N65: Consolidado | O65: Consolidado | P65: Consolidado | Q65: Consolidado | R65: Consolidado | S65: Consolidado | T65: Consolidado | U65: Consolidado | V65: Consolidado | W65: Consolidado | X65: Consolidado | Y65: Consolidado | Z65: Consolidado | AA65: Consolidado | AB65: Consolidado | AC65: Consolidado | AD65: Proyección | AE65: Proyección | AF65: Proyección | AJ65: Nivel 6 | AK65: Nivel 7 | AL65: Nivel 8 | AM65: Nivel 9 | AN65: Nivel 10 Jr | AO65: Nivel 10 FIG
B66: Circulo | C66: Consolidado | D66: Consolidado | E66: Consolidado | F66: Consolidado | G66: Consolidado | H66: Consolidado | I66: Consolidado | J66: Consolidado | K66: Consolidado | L66: Consolidado | M66: Consolidado | N66: Consolidado | O66: Consolidado | P66: Consolidado | Q66: Consolidado | R66: Consolidado | S66: Consolidado | T66: Consolidado | U66: Consolidado | V66: Consolidado | W66: Consolidado | X66: Consolidado | Y66: Consolidado | Z66: Consolidado | AA66: Consolidado | AB66: Consolidado | AC66: Consolidado | AD66: Proyección | AE66: Proyección | AF66: Proyección
B67: Thomas Flair | C67: Consolidado | D67: Consolidado | E67: N/A | F67: Consolidado | G67: Consolidado | H67: Consolidado | I67: Consolidado | J67: Consolidado | K67: Consolidado | L67: Consolidado | M67: Consolidado | N67: Consolidado | O67: Consolidado | P67: Consolidado | Q67: Consolidado | R67: En proceso | S67: En proceso | T67: En proceso | U67: En proceso | V67: En proceso | W67: En proceso | X67: En proceso | Y67: En proceso | Z67: En proceso | AA67: En proceso | AB67: En proceso | AC67: En proceso | AD67: Proyección | AE67: Proyección | AF67: Proyección
B68: 1/4 de Kehr | C68: Consolidado | D68: Consolidado | E68: En proceso | F68: Consolidado | G68: Consolidado | H68: Consolidado | I68: Consolidado | J68: Consolidado | K68: Consolidado | L68: Consolidado | M68: Consolidado | N68: Consolidado | O68: Consolidado | P68: Consolidado | Q68: Consolidado | R68: Proyección | S68: Proyección | T68: Proyección | U68: Proyección | V68: Proyección | W68: Proyección | X68: Proyección | Y68: Proyección | Z68: Proyección | AA68: Proyección | AB68: Proyección | AC68: Proyección | AD68: Proyección | AE68: Proyección | AF68: Proyección
B69: 1/2 Splindle | C69: Consolidado | D69: Consolidado | E69: En proceso | F69: Consolidado | G69: Consolidado | H69: Consolidado | I69: Consolidado | J69: Consolidado | K69: Consolidado | L69: Consolidado | M69: Consolidado | N69: Consolidado | O69: Consolidado | P69: Consolidado | Q69: Consolidado | R69: Proyección | S69: Proyección | T69: Proyección | U69: Proyección | V69: Proyección | W69: Proyección | X69: Proyección | Y69: Proyección | Z69: Proyección | AA69: Proyección | AB69: Proyección | AC69: Proyección | AD69: Proyección | AE69: Proyección | AF69: Proyección
B70: Salida finlandesa | C70: Consolidado | D70: Consolidado | E70: Consolidado | F70: Consolidado | G70: Consolidado | H70: Consolidado | I70: Consolidado | J70: Consolidado | K70: Consolidado | L70: Consolidado | M70: Consolidado | N70: Consolidado | O70: Consolidado | P70: Consolidado | Q70: Consolidado | R70: Proyección | S70: Proyección | T70: Proyección | U70: Proyección | V70: Proyección | W70: Proyección | X70: Proyección | Y70: Proyección | Z70: Proyección | AA70: Proyección | AB70: Proyección | AC70: Proyección | AD70: Proyección | AE70: Proyección | AF70: Proyección
B71: Cheka | C71: Consolidado | D71: Consolidado | E71: En proceso | F71: Consolidado | G71: Consolidado | H71: Consolidado | I71: Consolidado | J71: Consolidado | K71: Consolidado | L71: En proceso | M71: En proceso | N71: En proceso | O71: En proceso | P71: En proceso | Q71: En proceso | R71: Proyección | S71: Proyección | T71: Proyección | U71: Proyección | V71: Proyección | W71: Proyección | X71: Proyección | Y71: Proyección | Z71: Proyección | AA71: Proyección | AB71: Proyección | AC71: Proyección | AD71: Proyección | AE71: Proyección | AF71: Proyección
B72: Stöckli | C72: Consolidado | D72: Consolidado | E72: N/A | F72: Consolidado | G72: Consolidado | H72: Consolidado | I72: Consolidado | J72: Consolidado | K72: Consolidado | L72: En proceso | M72: En proceso | N72: En proceso | O72: En proceso | P72: En proceso | Q72: En proceso | R72: Proyección | S72: Proyección | T72: Proyección | U72: Proyección | V72: Proyección | W72: Proyección | X72: Proyección | Y72: Proyección | Z72: Proyección | AA72: Proyección | AB72: Proyección | AC72: Proyección | AD72: Proyección | AE72: Proyección | AF72: Proyección
B73: 1/2 Magyar | C73: Consolidado | D73: Consolidado | E73: En proceso | F73: Consolidado | G73: Consolidado | H73: Consolidado | I73: Consolidado | J73: Consolidado | K73: Consolidado | L73: En proceso | M73: Consolidado | N73: Consolidado | O73: Consolidado | P73: Consolidado | Q73: Consolidado | R73: Proyección | S73: Proyección | T73: Proyección | U73: Proyección | V73: Proyección | W73: Proyección | X73: Proyección | Y73: Proyección | Z73: Proyección | AA73: Proyección | AB73: Proyección | AC73: Proyección | AD73: Proyección | AE73: Proyección | AF73: Proyección
B74: 1/2 Sivado | C74: Consolidado | D74: Consolidado | E74: En proceso | F74: Consolidado | G74: Consolidado | H74: Consolidado | I74: Consolidado | J74: Consolidado | K74: Consolidado | L74: En proceso | M74: Consolidado | N74: Consolidado | O74: Consolidado | P74: Consolidado | Q74: Consolidado | R74: Proyección | S74: Proyección | T74: Proyección | U74: Proyección | V74: Proyección | W74: Proyección | X74: Proyección | Y74: Proyección | Z74: Proyección | AA74: Proyección | AB74: Proyección | AC74: Proyección | AD74: Proyección | AE74: Proyección | AF74: Proyección
B75: Rusa | C75: Consolidado | D75: Consolidado | E75: N/A | F75: Consolidado | G75: Consolidado | H75: Consolidado | I75: Consolidado | J75: N/A | K75: N/A | L75: N/A | M75: En proceso | N75: En proceso | O75: En proceso | P75: En proceso | Q75: En proceso | R75: Proyección | S75: Proyección | T75: Proyección | U75: Proyección | V75: Proyección | W75: Proyección | X75: Proyección | Y75: Proyección | Z75: Proyección | AA75: Proyección | AB75: Proyección | AC75: Proyección | AD75: Proyección | AE75: Proyección | AF75: Proyección
B76: Doble rusa | C76: Consolidado | D76: Consolidado | E76: N/A | F76: Consolidado | G76: Consolidado | H76: En proceso | I76: En proceso | J76: N/A | K76: N/A | L76: Proyección | M76: En proceso | N76: En proceso | O76: En proceso | P76: En proceso | Q76: En proceso | R76: Proyección | S76: Proyección | T76: Proyección | U76: Proyección | V76: Proyección | W76: Proyección | X76: Proyección | Y76: Proyección | Z76: Proyección | AA76: Proyección | AB76: Proyección | AC76: Proyección | AD76: Proyección | AE76: Proyección | AF76: Proyección
B77: Magyar | C77: Consolidado | D77: Consolidado | E77: Proyección | F77: Consolidado | G77: Consolidado | H77: Consolidado | I77: Consolidado | J77: N/A | K77: N/A | L77: En proceso | M77: Consolidado | N77: Consolidado | O77: Consolidado | P77: Consolidado | Q77: Consolidado | R77: Proyección | S77: Proyección | T77: Proyección | U77: Proyección | V77: Proyección | W77: Proyección | X77: Proyección | Y77: Proyección | Z77: Proyección | AA77: Proyección | AB77: Proyección | AC77: Proyección | AD77: Proyección | AE77: Proyección | AF77: Proyección
B78: Sivado | C78: Consolidado | D78: Consolidado | E78: Proyección | F78: N/A | G78: Consolidado | H78: Consolidado | I78: Consolidado | J78: N/A | K78: N/A | L78: En proceso | M78: En proceso | N78: En proceso | O78: Consolidado | P78: Consolidado | Q78: En proceso | R78: Proyección | S78: Proyección | T78: Proyección | U78: Proyección | V78: Proyección | W78: Proyección | X78: Proyección | Y78: Proyección | Z78: Proyección | AA78: Proyección | AB78: Proyección | AC78: Proyección | AD78: Proyección | AE78: Proyección | AF78: Proyección
A79: CABALLO CON ARZONES | B79: Balanceo pendular | C79: Consolidado | D79: Consolidado | E79: Consolidado | F79: Consolidado | G79: Consolidado | H79: Consolidado | I79: Consolidado | J79: Consolidado | K79: Consolidado | L79: Consolidado | M79: En proceso | N79: En proceso | O79: En proceso | P79: En proceso | Q79: Proyección | R79: Proyección | S79: Proyección | T79: Proyección | U79: Proyección | V79: Proyección | W79: Proyección | X79: Proyección | Y79: Proyección | Z79: Proyección | AA79: Proyección | AB79: Proyección | AC79: Proyección | AD79: Proyección | AE79: Proyección | AF79: Proyección | AM79: Nivel 9 | AN79: Nivel 10 Jr | AO79: Nivel 10 FIG
B80: Tijera falsa | C80: Consolidado | D80: Consolidado | E80: Consolidado | F80: Consolidado | G80: Consolidado | H80: Consolidado | I80: Consolidado | J80: Consolidado | K80: Consolidado | L80: Consolidado | M80: Proyección | N80: Proyección | O80: Proyección | P80: Proyección | Q80: Proyección | R80: Proyección | S80: Proyección | T80: Proyección | U80: Proyección | V80: Proyección | W80: Proyección | X80: Proyección | Y80: Proyección | Z80: Proyección | AA80: Proyección | AB80: Proyección | AC80: Proyección | AD80: Proyección | AE80: Proyección | AF80: Proyección
B81: Tijera | C81: Consolidado | D81: Consolidado | E81: Consolidado | F81: Consolidado | G81: Consolidado | H81: Consolidado | I81: Consolidado | J81: Consolidado | K81: Consolidado | L81: En proceso | M81: Proyección | N81: Proyección | O81: Proyección | P81: Proyección | Q81: Proyección | R81: Proyección | S81: Proyección | T81: Proyección | U81: Proyección | V81: Proyección | W81: Proyección | X81: Proyección | Y81: Proyección | Z81: Proyección | AA81: Proyección | AB81: Proyección | AC81: Proyección | AD81: Proyección | AE81: Proyección | AF81: Proyección
B82: Circulo sobre arzones | C82: Consolidado | D82: Consolidado | E82: Consolidado | F82: Consolidado | G82: Consolidado | H82: Consolidado | I82: Consolidado | J82: Consolidado | K82: Consolidado | L82: Consolidado | M82: En proceso | N82: En proceso | O82: En proceso | P82: En proceso | Q82: En proceso | R82: Proyección | S82: Proyección | T82: Proyección | U82: Proyección | V82: Proyección | W82: Proyección | X82: Proyección | Y82: Proyección | Z82: Proyección | AA82: Proyección | AB82: Proyección | AC82: Proyección | AD82: Proyección | AE82: Proyección | AF82: Proyección
B83: Tijera circulo | C83: Consolidado | D83: Consolidado | E83: En proceso | F83: Consolidado | G83: Consolidado | H83: Consolidado | I83: En proceso | J83: Consolidado | K83: Consolidado | L83: En proceso | M83: Proyección | N83: Proyección | O83: Proyección | P83: Proyección | Q83: Proyección | R83: Proyección | S83: Proyección | T83: Proyección | U83: Proyección | V83: Proyección | W83: Proyección | X83: Proyección | Y83: Proyección | Z83: Proyección | AA83: Proyección | AB83: Proyección | AC83: Proyección | AD83: Proyección | AE83: Proyección | AF83: Proyección
B84: Bajada lateral | C84: Consolidado | D84: Consolidado | E84: En proceso | F84: Consolidado | G84: Consolidado | H84: Consolidado | I84: En proceso | J84: Consolidado | K84: Consolidado | L84: En proceso | M84: Proyección | N84: Proyección | O84: Proyección | P84: Proyección | Q84: Proyección | R84: Proyección | S84: Proyección | T84: Proyección | U84: Proyección | V84: Proyección | W84: Proyección | X84: Proyección | Y84: Proyección | Z84: Proyección | AA84: Proyección | AB84: Proyección | AC84: Proyección | AD84: Proyección | AE84: Proyección | AF84: Proyección
B85: Circulo en grupa | C85: Consolidado | D85: Consolidado | E85: Consolidado | F85: Consolidado | G85: Consolidado | H85: Consolidado | I85: Consolidado | J85: Consolidado | K85: Consolidado | L85: En proceso | M85: En proceso | N85: En proceso | O85: En proceso | P85: En proceso | Q85: Proyección | R85: Proyección | S85: Proyección | T85: Proyección | U85: Proyección | V85: Proyección | W85: Proyección | X85: Proyección | Y85: Proyección | Z85: Proyección | AA85: Proyección | AB85: Proyección | AC85: Proyección | AD85: Proyección | AE85: Proyección | AF85: Proyección
B86: Circulo lateral en grupa | C86: Consolidado | D86: Consolidado | E86: Consolidado | F86: Consolidado | G86: Consolidado | H86: Consolidado | I86: En proceso | J86: En proceso | K86: Consolidado | L86: En proceso | M86: En proceso | N86: En proceso | O86: En proceso | P86: En proceso | Q86: Proyección | R86: Proyección | S86: Proyección | T86: Proyección | U86: Proyección | V86: Proyección | W86: Proyección | X86: Proyección | Y86: Proyección | Z86: Proyección | AA86: Proyección | AB86: Proyección | AC86: Proyección | AD86: Proyección | AE86: Proyección | AF86: Proyección
B87: Circulo frontal en grupa | C87: Consolidado | D87: Consolidado | E87: En proceso | F87: Consolidado | G87: Consolidado | H87: Consolidado | I87: En proceso | J87: Consolidado | K87: Consolidado | L87: En proceso | M87: Proyección | N87: Proyección | O87: Proyección | P87: Proyección | Q87: Proyección | R87: Proyección | S87: Proyección | T87: Proyección | U87: Proyección | V87: Proyección | W87: Proyección | X87: Proyección | Y87: Proyección | Z87: Proyección | AA87: Proyección | AB87: Proyección | AC87: Proyección | AD87: Proyección | AE87: Proyección | AF87: Proyección
B88: 1/4 de Kehr en grupa | C88: Consolidado | D88: Consolidado | E88: Consolidado | F88: Consolidado | G88: Consolidado | H88: Consolidado | I88: Consolidado | J88: Consolidado | K88: Consolidado | L88: Consolidado | M88: Proyección | N88: Proyección | O88: Proyección | P88: Proyección | Q88: Proyección | R88: Proyección | S88: Proyección | T88: Proyección | U88: Proyección | V88: Proyección | W88: Proyección | X88: Proyección | Y88: Proyección | Z88: Proyección | AA88: Proyección | AB88: Proyección | AC88: Proyección | AD88: Proyección | AE88: Proyección | AF88: Proyección
B89: 1/2 Splindle en grupa | C89: Consolidado | D89: Consolidado | E89: En proceso | F89: Consolidado | G89: Consolidado | H89: Consolidado | I89: En proceso | J89: En proceso | K89: Consolidado | L89: En proceso | M89: Proyección | N89: Proyección | O89: Proyección | P89: Proyección | Q89: Proyección | R89: Proyección | S89: Proyección | T89: Proyección | U89: Proyección | V89: Proyección | W89: Proyección | X89: Proyección | Y89: Proyección | Z89: Proyección | AA89: Proyección | AB89: Proyección | AC89: Proyección | AD89: Proyección | AE89: Proyección | AF89: Proyección
B90: Salida finlandesa | C90: Consolidado | D90: Consolidado | E90: Consolidado | F90: Consolidado | G90: Consolidado | H90: Consolidado | I90: Consolidado | J90: Consolidado | K90: Consolidado | L90: Consolidado | M90: Proyección | N90: Proyección | O90: Proyección | P90: Proyección | Q90: Proyección | R90: Proyección | S90: Proyección | T90: Proyección | U90: Proyección | V90: Proyección | W90: Proyección | X90: Proyección | Y90: Proyección | Z90: Proyección | AA90: Proyección | AB90: Proyección | AC90: Proyección | AD90: Proyección | AE90: Proyección | AF90: Proyección
B91: Cheka sobre arzones | C91: Consolidado | D91: Consolidado | E91: N/A | F91: Consolidado | G91: En proceso | H91: En proceso | I91: Proyección | J91: En proceso | K91: Proyección | L91: Proyección | M91: Proyección | N91: Proyección | O91: Proyección | P91: Proyección | Q91: Proyección | R91: Proyección | S91: Proyección | T91: Proyección | U91: Proyección | V91: Proyección | W91: Proyección | X91: Proyección | Y91: Proyección | Z91: Proyección | AA91: Proyección | AB91: Proyección | AC91: Proyección | AD91: Proyección | AE91: Proyección | AF91: Proyección
... B105: Bezugo | C105: Proyección | D105: Proyección | E105: Proyección | F105: Proyección | G105: Proyección | H105: Proyección | I105: Proyección | J105: Proyección | K105: Proyección | L105: Proyección | M105: Proyección | N105: Proyección | O105: Proyección | P105: Proyección | Q105: Proyección | R105: Proyección | S105: Proyección | T105: Proyección | U105: Proyección | V105: Proyección | W105: Proyección | X105: Proyección | Y105: Proyección | Z105: Proyección | AA105: Proyección | AB105: Proyección | AC105: Proyección | AD105: Proyección | AE105: Proyección | AF105: Proyección
A107: ANILLOS
A108: ELEMENTOS DE FUERZA | B108: L sit en suspension | C108: Consolidado | D108: Consolidado | E108: Consolidado | F108: Consolidado | G108: Consolidado | H108: Consolidado | I108: Consolidado | J108: Consolidado | K108: Consolidado | L108: Consolidado | M108: Consolidado | N108: Consolidado | O108: Consolidado | P108: Consolidado | Q108: Consolidado | R108: Consolidado | S108: Consolidado | T108: Consolidado | U108: Consolidado | V108: Consolidado | W108: Consolidado | X108: Consolidado | Y108: Consolidado | Z108: Consolidado | AA108: Consolidado | AB108: Consolidado | AC108: Consolidado | AD108: Consolidado | AE108: Consolidado | AF108: Consolidado | AG108: Nivel 3 | AH108: Nivel 4 | AI108: Nivel 5 | AJ108: Nivel 6 | AK108: Nivel 7 | AL108: Nivel 8 | AM108: Nivel 9 | AN108: Nivel 10 Jr | AO108: Nivel 10 FIG
B109: Dominada | C109: Consolidado | D109: Consolidado | E109: Consolidado | F109: Consolidado | G109: Consolidado | H109: Consolidado | I109: Consolidado | J109: Consolidado | K109: Consolidado | L109: Consolidado | M109: Consolidado | N109: Consolidado | O109: Consolidado | P109: Consolidado | Q109: Consolidado | R109: Consolidado | S109: Consolidado | T109: Consolidado | U109: Consolidado | V109: Consolidado | W109: Consolidado | X109: Consolidado | Y109: Consolidado | Z109: Consolidado | AA109: Consolidado | AB109: Consolidado | AC109: Consolidado | AD109: Consolidado | AE109: Consolidado | AF109: Consolidado
B110: Vela | C110: Consolidado | D110: Consolidado | E110: Consolidado | F110: Consolidado | G110: Consolidado | H110: Consolidado | I110: Consolidado | J110: Consolidado | K110: Consolidado | L110: Consolidado | M110: Consolidado | N110: Consolidado | O110: Consolidado | P110: Consolidado | Q110: Consolidado | R110: Consolidado | S110: Consolidado | T110: Consolidado | U110: Consolidado | V110: Consolidado | W110: Consolidado | X110: Consolidado | Y110: Consolidado | Z110: Consolidado | AA110: Consolidado | AB110: Consolidado | AC110: Consolidado | AD110: Consolidado | AE110: Consolidado | AF110: Consolidado
B111: Plancha dorsal | C111: Consolidado | D111: Consolidado | E111: Consolidado | F111: Consolidado | G111: Consolidado | H111: Consolidado | I111: Consolidado | J111: Consolidado | K111: Consolidado | L111: Consolidado | M111: Consolidado | N111: Consolidado | O111: Consolidado | P111: Consolidado | Q111: Consolidado | R111: Consolidado | S111: Consolidado | T111: Consolidado | U111: Consolidado | V111: Consolidado | W111: Consolidado | X111: Consolidado | Y111: Consolidado | Z111: Consolidado | AA111: Consolidado | AB111: Consolidado | AC111: Consolidado | AD111: En proceso | AE111: En proceso | AF111: En proceso
B112: Hercules | C112: Consolidado | D112: Consolidado | E112: Consolidado | F112: Consolidado | G112: Consolidado | H112: Consolidado | I112: Consolidado | J112: Consolidado | K112: Consolidado | L112: Consolidado | M112: Consolidado | N112: Consolidado | O112: Consolidado | P112: Consolidado | Q112: Consolidado | R112: Consolidado | S112: Consolidado | T112: Consolidado | U112: N/A | V112: Consolidado | W112: Consolidado | X112: Consolidado | Y112: N/A | Z112: Consolidado | AA112: N/A | AB112: N/A | AC112: N/A | AD112: En proceso | AE112: En proceso | AF112: En proceso
B113: L sit en apoyo | C113: Consolidado | D113: Consolidado | E113: Consolidado | F113: Consolidado | G113: Consolidado | H113: Consolidado | I113: Consolidado | J113: Consolidado | K113: Consolidado | L113: Consolidado | M113: Consolidado | N113: Consolidado | O113: Consolidado | P113: Consolidado | Q113: Consolidado | R113: Consolidado | S113: Consolidado | T113: Consolidado | U113: Consolidado | V113: Consolidado | W113: Consolidado | X113: Consolidado | Y113: Consolidado | Z113: Consolidado | AA113: Consolidado | AB113: Consolidado | AC113: Consolidado | AD113: En proceso | AE113: En proceso | AF113: En proceso
B114: Plancha agrupada | C114: Consolidado | D114: Consolidado | E114: Consolidado | F114: Consolidado | G114: Consolidado | H114: Consolidado | I114: Consolidado | J114: Consolidado | K114: Consolidado | L114: Consolidado | M114: Consolidado | N114: Consolidado | O114: Consolidado | P114: Consolidado | Q114: Consolidado | R114: Consolidado | S114: Consolidado | T114: Consolidado | U114: Consolidado | V114: Consolidado | W114: Consolidado | X114: Consolidado | Y114: Consolidado | Z114: Consolidado | AA114: Consolidado | AB114: Consolidado | AC114: Consolidado | AD114: Proyección | AE114: Proyección | AF114: Proyección
B115: Parado de hombros | C115: Consolidado | D115: Consolidado | E115: Consolidado | F115: Consolidado | G115: Consolidado | H115: Consolidado | I115: Consolidado | J115: Consolidado | K115: Consolidado | L115: Consolidado | M115: Consolidado | N115: Consolidado | O115: Consolidado | P115: Consolidado | Q115: Consolidado | R115: En proceso | S115: En proceso | T115: En proceso | U115: En proceso | V115: En proceso | W115: En proceso | X115: En proceso | Y115: En proceso | Z115: En proceso | AA115: En proceso | AB115: En proceso | AC115: En proceso | AD115: Proyección | AE115: Proyección | AF115: Proyección
B116: L sit a Parado de manos (Kato) | C116: Consolidado | D116: Consolidado | E116: Consolidado | F116: Consolidado | G116: Consolidado | H116: Consolidado | I116: Consolidado | J116: En proceso | K116: Consolidado | L116: En proceso | M116: En proceso | N116: En proceso | O116: En proceso | P116: En proceso | Q116: En proceso | R116: En proceso | S116: En proceso | T116: En proceso | U116: En proceso | V116: En proceso | W116: En proceso | X116: En proceso | Y116: En proceso | Z116: En proceso | AA116: En proceso | AB116: En proceso | AC116: En proceso | AD116: Proyección | AE116: Proyección | AF116: Proyección
B117: Semidisloque desde suspension estática | C117: N/A | D117: Consolidado | E117: N/A | F117: N/A | G117: Consolidado | H117: N/A | I117: N/A | J117: En proceso | K117: N/A | L117: N/A | M117: Proyección | N117: Proyección | O117: Proyección | P117: Proyección | Q117: Proyección | R117: Proyección | S117: Proyección | T117: Proyección | U117: Proyección | V117: Proyección | W117: Proyección | X117: Proyección | Y117: Proyección | Z117: Proyección | AA117: Proyección | AB117: Proyección | AC117: Proyección | AD117: Proyección | AE117: Proyección | AF117: Proyección
...

Sheet FICHA DEL ATLETA
A1: FICHA INDIVIDUAL DE EVALUACIÓN
A3: Atleta: | B3: Diego Jaime
A5: RESUMEN | D5: Aparato | E5: Consolidado | F5: En proceso | G5: Proyección | H5: % dominio
A6: Elementos evaluados | B6: =INDEX(CONSOLIDADO!$B$4:$B$1048576,MATCH($B$3,CONSOLIDADO!$A$4:$A$1048576,0)) -> 267 | D6: POSICIONES BÁSICAS Y FUERZA | E6: =--(INDEX(NORMATIVOS!$C$3:$XFD$3,1,MATCH($B$3,NORMATIVOS!$C$1:$XFD$1,0))="Consolidado")+--(INDEX(NORMATIVOS!$C$4:$XFD$4,1,MATCH($B$3,NORMATIVOS!$C$1:$XFD$1,0))="Consolidado")+--(INDEX(NORMATIVOS!$C$5:$XFD$5,1,MATCH($B$3,NORMATIVOS!$C$1:$XFD$1,0))="Consolidado")+--(INDEX(NORMATIVOS!$C$6:$XFD$6,1,MATCH($B$3,NORMATIVOS!$C$1:$XFD$1,0))="Consolidado")+--(INDEX(NORMATIVOS!$C$7:$XFD$7,1,MATCH($B$3,NORMATIVOS!$C$1:$XFD$1,0))="Consolidado")+--(INDEX(NORMATIVOS!$C$8:$XFD$8,1,MATCH($B$3,NORMATIVOS!$C$1:$XFD$1,0))="Consolidado")+--(INDEX(NORMATIVOS!$C$9:$XFD$9,1,MATCH($B$3,NORMATIVOS!$C$1:$XFD$1,0))="Consolidado")+--(INDEX(NORMATIVOS!$C$10:$XFD$10,1,MATCH($B$3,NORMATIVOS!$C$1:$XFD$1,0))="Consolidado")+--(INDEX(NORMATIVOS!$C$11:$XFD$11,1,MATCH($B$3,NORMATIVOS!$C$1:$XFD$1,0))="Consolidado")+--(INDEX(NORMATIVOS!$C$12:$XFD$12,1,MATCH($B$3,NORMATIVOS!$C$1:$XFD$1,0))="Consolidado")+--(INDEX(NORMATIVOS!$C$13:$XFD$13,1,MATCH($B$3,NORMATIVOS!$C$1:$XFD$1,0))="Consolidado")+--(INDEX(NORMATIVOS!$C$14:$XFD$14,1,MATCH($B$3,NORMATIVOS!$C$1:$XFD$1,0))="Consolidado")+--(INDEX(NORMATIVOS!$C$15:$XFD$15,1,MATCH($B$3,NORMATIVOS!$C$1:$XFD$1,0))="Consolidado")+--(INDEX(NORMATIVOS!$C$16:$XFD$16,1,MATCH($B$3,NORMATIVOS!$C$1:$XFD$1,0))="Consolidado") -> 14 | F6: =--(INDEX(NORMATIVOS!$C$3:$XFD$3,1,MATCH($B$3,NORMATIVOS!$C$1:$XFD$1,0))="En proceso")+--(INDEX(NORMATIVOS!$C$4:$XFD$4,1,MATCH($B$3,NORMATIVOS!$C$1:$XFD$1,0))="En proceso")+--(INDEX(NORMATIVOS!$C$5:$XFD$5,1,MATCH($B$3,NORMATIVOS!$C$1:$XFD$1,0))="En proceso")+--(INDEX(NORMATIVOS!$C$6:$XFD$6,1,MATCH($B$3,NORMATIVOS!$C$1:$XFD$1,0))="En proceso")+--(INDEX(NORMATIVOS!$C$7:$XFD$7,1,MATCH($B$3,NORMATIVOS!$C$1:$XFD$1,0))="En proceso")+--(INDEX(NORMATIVOS!$C$8:$XFD$8,1,MATCH($B$3,NORMATIVOS!$C$1:$XFD$1,0))="En proceso")+--(INDEX(NORMATIVOS!$C$9:$XFD$9,1,MATCH($B$3,NORMATIVOS!$C$1:$XFD$1,0))="En proceso")+--(INDEX(NORMATIVOS!$C$10:$XFD$10,1,MATCH($B$3,NORMATIVOS!$C$1:$XFD$1,0))="En proceso")+--(INDEX(NORMATIVOS!$C$11:$XFD$11,1,MATCH($B$3,NORMATIVOS!$C$1:$XFD$1,0))="En proceso")+--(INDEX(NORMATIVOS!$C$12:$XFD$12,1,MATCH($B$3,NORMATIVOS!$C$1:$XFD$1,0))="En proceso")+--(INDEX(NORMATIVOS!$C$13:$XFD$13,1,MATCH($B$3,NORMATIVOS!$C$1:$XFD$1,0))="En proceso")+--(INDEX(NORMATIVOS!$C$14:$XFD$14,1,MATCH($B$3,NORMATIVOS!$C$1:$XFD$1,0))="En proceso")+--(INDEX(NORMATIVOS!$C$15:$XFD$15,1,MATCH($B$3,NORMATIVOS!$C$1:$XFD$1,0))="En proceso")+--(INDEX(NORMATIVOS!$C$16:$XFD$16,1,MATCH($B$3,NORMATIVOS!$C$1:$XFD$1,0))="En proceso") -> 0 | G6: =--(INDEX(NORMATIVOS!$C$3:$XFD$3,1,MATCH($B$3,NORMATIVOS!$C$1:$XFD$1,0))="Proyección")+--(INDEX(NORMATIVOS!$C$4:$XFD$4,1,MATCH($B$3,NORMATIVOS!$C$1:$XFD$1,0))="Proyección")+--(INDEX(NORMATIVOS!$C$5:$XFD$5,1,MATCH($B$3,NORMATIVOS!$C$1:$XFD$1,0))="Proyección")+--(INDEX(NORMATIVOS!$C$6:$XFD$6,1,MATCH($B$3,NORMATIVOS!$C$1:$XFD$1,0))="Proyección")+--(INDEX(NORMATIVOS!$C$7:$XFD$7,1,MATCH($B$3,NORMATIVOS!$C$1:$XFD$1,0))="Proyección")+--(INDEX(NORMATIVOS!$C$8:$XFD$8,1,MATCH($B$3,NORMATIVOS!$C$1:$XFD$1,0))="Proyección")+--(INDEX(NORMATIVOS!$C$9:$XFD$9,1,MATCH($B$3,NORMATIVOS!$C$1:$XFD$1,0))="Proyección")+--(INDEX(NORMATIVOS!$C$10:$XFD$10,1,MATCH($B$3,NORMATIVOS!$C$1:$XFD$1,0))="Proyección")+--(INDEX(NORMATIVOS!$C$11:$XFD$11,1,MATCH($B$3,NORMATIVOS!$C$1:$XFD$1,0))="Proyección")+--(INDEX(NORMATIVOS!$C$12:$XFD$12,1,MATCH($B$3,NORMATIVOS!$C$1:$XFD$1,0))="Proyección")+--(INDEX(NORMATIVOS!$C$13:$XFD$13,1,MATCH($B$3,NORMATIVOS!$C$1:$XFD$1,0))="Proyección")+--(INDEX(NORMATIVOS!$C$14:$XFD$14,1,MATCH($B$3,NORMATIVOS!$C$1:$XFD$1,0))="Proyección")+--(INDEX(NORMATIVOS!$C$15:$XFD$15,1,MATCH($B$3,NORMATIVOS!$C$1:$XFD$1,0))="Proyección")+--(INDEX(NORMATIVOS!$C$16:$XFD$16,1,MATCH($B$3,NORMATIVOS!$C$1:$XFD$1,0))="Proyección") -> 0 | H6: =IFERROR(E6/COUNTA(NORMATIVOS!$B$3:$B$16),0) -> 1
A7: Consolidados | B7: =INDEX(CONSOLIDADO!$C$4:$C$1048576,MATCH($B$3,CONSOLIDADO!$A$4:$A$1048576,0)) -> 227 | D7: ACROBATICO HACÍA DELANTE | E7: =--(INDEX(NORMATIVOS!$C$17:$XFD$17,1,MATCH($B$3,NORMATIVOS!$C$1:$XFD$1,0))="Consolidado")+--(INDEX(NORMATIVOS!$C$18:$XFD$18,1,MATCH($B$3,NORMATIVOS!$C$1:$XFD$1,0))="Consolidado")+--(INDEX(NORMATIVOS!$C$19:$XFD$19,1,MATCH($B$3,NORMATIVOS!$C$1:$XFD$1,0))="Consolidado")+--(INDEX(NORMATIVOS!$C$20:$XFD$20,1,MATCH($B$3,NORMATIVOS!$C$1:$XFD$1,0))="Consolidado")+--(INDEX(NORMATIVOS!$C$21:$XFD$21,1,MATCH($B$3,NORMATIVOS!$C$1:$XFD$1,0))="Consolidado")+--(INDEX(NORMATIVOS!$C$22:$XFD$22,1,MATCH($B$3,NORMATIVOS!$C$1:$XFD$1,0))="Consolidado")+--(INDEX(NORMATIVOS!$C$23:$XFD$23,1,MATCH($B$3,NORMATIVOS!$C$1:$XFD$1,0))="Consolidado")+--(INDEX(NORMATIVOS!$C$24:$XFD$24,1,MATCH($B$3,NORMATIVOS!$C$1:$XFD$1,0))="Consolidado")+--(INDEX(NORMATIVOS!$C$25:$XFD$25,1,MATCH($B$3,NORMATIVOS!$C$1:$XFD$1,0))="Consolidado")+--(INDEX(NORMATIVOS!$C$26:$XFD$26,1,MATCH($B$3,NORMATIVOS!$C$1:$XFD$1,0))="Consolidado")+--(INDEX(NORMATIVOS!$C$27:$XFD$27,1,MATCH($B$3,NORMATIVOS!$C$1:$XFD$1,0))="Consolidado") -> 11 | F7: =--(INDEX(NORMATIVOS!$C$17:$XFD$17,1,MATCH($B$3,NORMATIVOS!$C$1:$XFD$1,0))="En proceso")+--(INDEX(NORMATIVOS!$C$18:$XFD$18,1,MATCH($B$3,NORMATIVOS!$C$1:$XFD$1,0))="En proceso")+--(INDEX(NORMATIVOS!$C$19:$XFD$19,1,MATCH($B$3,NORMATIVOS!$C$1:$XFD$1,0))="En proceso")+--(INDEX(NORMATIVOS!$C$20:$XFD$20,1,MATCH($B$3,NORMATIVOS!$C$1:$XFD$1,0))="En proceso")+--(INDEX(NORMATIVOS!$C$21:$XFD$21,1,MATCH($B$3,NORMATIVOS!$C$1:$XFD$1,0))="En proceso")+--(INDEX(NORMATIVOS!$C$22:$XFD$22,1,MATCH($B$3,NORMATIVOS!$C$1:$XFD$1,0))="En proceso")+--(INDEX(NORMATIVOS!$C$23:$XFD$23,1,MATCH($B$3,NORMATIVOS!$C$1:$XFD$1,0))="En proceso")+--(INDEX(NORMATIVOS!$C$24:$XFD$24,1,MATCH($B$3,NORMATIVOS!$C$1:$XFD$1,0))="En proceso")+--(INDEX(NORMATIVOS!$C$25:$XFD$25,1,MATCH($B$3,NORMATIVOS!$C$1:$XFD$1,0))="En proceso")+--(INDEX(NORMATIVOS!$C$26:$XFD$26,1,MATCH($B$3,NORMATIVOS!$C$1:$XFD$1,0))="En proceso")+--(INDEX(NORMATIVOS!$C$27:$XFD$27,1,MATCH($B$3,NORMATIVOS!$C$1:$XFD$1,0))="En proceso") -> 0 | G7: =--(INDEX(NORMATIVOS!$C$17:$XFD$17,1,MATCH($B$3,NORMATIVOS!$C$1:$XFD$1,0))="Proyección")+--(INDEX(NORMATIVOS!$C$18:$XFD$18,1,MATCH($B$3,NORMATIVOS!$C$1:$XFD$1,0))="Proyección")+--(INDEX(NORMATIVOS!$C$19:$XFD$19,1,MATCH($B$3,NORMATIVOS!$C$1:$XFD$1,0))="Proyección")+--(INDEX(NORMATIVOS!$C$20:$XFD$20,1,MATCH($B$3,NORMATIVOS!$C$1:$XFD$1,0))="Proyección")+--(INDEX(NORMATIVOS!$C$21:$XFD$21,1,MATCH($B$3,NORMATIVOS!$C$1:$XFD$1,0))="Proyección")+--(INDEX(NORMATIVOS!$C$22:$XFD$22,1,MATCH($B$3,NORMATIVOS!$C$1:$XFD$1,0))="Proyección")+--(INDEX(NORMATIVOS!$C$23:$XFD$23,1,MATCH($B$3,NORMATIVOS!$C$1:$XFD$1,0))="Proyección")+--(INDEX(NORMATIVOS!$C$24:$XFD$24,1,MATCH($B$3,NORMATIVOS!$C$1:$XFD$1,0))="Proyección")+--(INDEX(NORMATIVOS!$C$25:$XFD$25,1,MATCH($B$3,NORMATIVOS!$C$1:$XFD$1,0))="Proyección")+--(INDEX(NORMATIVOS!$C$26:$XFD$26,1,MATCH($B$3,NORMATIVOS!$C$1:$XFD$1,0))="Proyección")+--(INDEX(NORMATIVOS!$C$27:$XFD$27,1,MATCH($B$3,NORMATIVOS!$C$1:$XFD$1,0))="Proyección") -> 0 | H7: =IFERROR(E7/COUNTA(NORMATIVOS!$B$17:$B$27),0) -> 1
A8: En proceso | B8: =INDEX(CONSOLIDADO!$D$4:$D$1048576,MATCH($B$3,CONSOLIDADO!$A$4:$A$1048576,0)) -> 7 | D8: ACROBATICO HACÍA ATRÁS | E8: =--(INDEX(NORMATIVOS!$C$28:$XFD$28,1,MATCH($B$3,NORMATIVOS!$C$1:$XFD$1,0))="Consolidado")+--(INDEX(NORMATIVOS!$C$29:$XFD$29,1,MATCH($B$3,NORMATIVOS!$C$1:$XFD$1,0))="Consolidado")+--(INDEX(NORMATIVOS!$C$30:$XFD$30,1,MATCH($B$3,NORMATIVOS!$C$1:$XFD$1,0))="Consolidado")+--(INDEX(NORMATIVOS!$C$31:$XFD$31,1,MATCH($B$3,NORMATIVOS!$C$1:$XFD$1,0))="Consolidado")+--(INDEX(NORMATIVOS!$C$32:$XFD$32,1,MATCH($B$3,NORMATIVOS!$C$1:$XFD$1,0))="Consolidado")+--(INDEX(NORMATIVOS!$C$33:$XFD$33,1,MATCH($B$3,NORMATIVOS!$C$1:$XFD$1,0))="Consolidado")+--(INDEX(NORMATIVOS!$C$34:$XFD$34,1,MATCH($B$3,NORMATIVOS!$C$1:$XFD$1,0))="Consolidado")+--(INDEX(NORMATIVOS!$C$35:$XFD$35,1,MATCH($B$3,NORMATIVOS!$C$1:$XFD$1,0))="Consolidado")+--(INDEX(NORMATIVOS!$C$36:$XFD$36,1,MATCH($B$3,NORMATIVOS!$C$1:$XFD$1,0))="Consolidado")+--(INDEX(NORMATIVOS!$C$37:$XFD$37,1,MATCH($B$3,NORMATIVOS!$C$1:$XFD$1,0))="Consolidado") -> 10 | F8: =--(INDEX(NORMATIVOS!$C$28:$XFD$28,1,MATCH($B$3,NORMATIVOS!$C$1:$XFD$1,0))="En proceso")+--(INDEX(NORMATIVOS!$C$29:$XFD$29,1,MATCH($B$3,NORMATIVOS!$C$1:$XFD$1,0))="En proceso")+--(INDEX(NORMATIVOS!$C$30:$XFD$30,1,MATCH($B$3,NORMATIVOS!$C$1:$XFD$1,0))="En proceso")+--(INDEX(NORMATIVOS!$C$31:$XFD$31,1,MATCH($B$3,NORMATIVOS!$C$1:$XFD$1,0))="En proceso")+--(INDEX(NORMATIVOS!$C$32:$XFD$32,1,MATCH($B$3,NORMATIVOS!$C$1:$XFD$1,0))="En proceso")+--(INDEX(NORMATIVOS!$C$33:$XFD$33,1,MATCH($B$3,NORMATIVOS!$C$1:$XFD$1,0))="En proceso")+--(INDEX(NORMATIVOS!$C$34:$XFD$34,1,MATCH($B$3,NORMATIVOS!$C$1:$XFD$1,0))="En proceso")+--(INDEX(NORMATIVOS!$C$35:$XFD$35,1,MATCH($B$3,NORMATIVOS!$C$1:$XFD$1,0))="En proceso")+--(INDEX(NORMATIVOS!$C$36:$XFD$36,1,MATCH($B$3,NORMATIVOS!$C$1:$XFD$1,0))="En proceso")+--(INDEX(NORMATIVOS!$C$37:$XFD$37,1,MATCH($B$3,NORMATIVOS!$C$1:$XFD$1,0))="En proceso") -> 0 | G8: =--(INDEX(NORMATIVOS!$C$28:$XFD$28,1,MATCH($B$3,NORMATIVOS!$C$1:$XFD$1,0))="Proyección")+--(INDEX(NORMATIVOS!$C$29:$XFD$29,1,MATCH($B$3,NORMATIVOS!$C$1:$XFD$1,0))="Proyección")+--(INDEX(NORMATIVOS!$C$30:$XFD$30,1,MATCH($B$3,NORMATIVOS!$C$1:$XFD$1,0))="Proyección")+--(INDEX(NORMATIVOS!$C$31:$XFD$31,1,MATCH($B$3,NORMATIVOS!$C$1:$XFD$1,0))="Proyección")+--(INDEX(NORMATIVOS!$C$32:$XFD$32,1,MATCH($B$3,NORMATIVOS!$C$1:$XFD$1,0))="Proyección")+--(INDEX(NORMATIVOS!$C$33:$XFD$33,1,MATCH($B$3,NORMATIVOS!$C$1:$XFD$1,0))="Proyección")+--(INDEX(NORMATIVOS!$C$34:$XFD$34,1,MATCH($B$3,NORMATIVOS!$C$1:$XFD$1,0))="Proyección")+--(INDEX(NORMATIVOS!$C$35:$XFD$35,1,MATCH($B$3,NORMATIVOS!$C$1:$XFD$1,0))="Proyección")+--(INDEX(NORMATIVOS!$C$36:$XFD$36,1,MATCH($B$3,NORMATIVOS!$C$1:$XFD$1,0))="Proyección")+--(INDEX(NORMATIVOS!$C$37:$XFD$37,1,MATCH($B$3,NORMATIVOS!$C$1:$XFD$1,0))="Proyección") -> 0 | H8: =IFERROR(E8/COUNTA(NORMATIVOS!$B$28:$B$37),0) -> 1
A9: Proyección | B9: =INDEX(CONSOLIDADO!$E$4:$E$1048576,MATCH($B$3,CONSOLIDADO!$A$4:$A$1048576,0)) -> 24 | D9: ACROBATICO CON GIRO | E9: =--(INDEX(NORMATIVOS!$C$38:$XFD$38,1,MATCH($B$3,NORMATIVOS!$C$1:$XFD$1,0))="Consolidado")+--(INDEX(NORMATIVOS!$C$39:$XFD$39,1,MATCH($B$3,NORMATIVOS!$C$1:$XFD$1,0))="Consolidado")+--(INDEX(NORMATIVOS!$C$40:$XFD$40,1,MATCH($B$3,NORMATIVOS!$C$1:$XFD$1,0))="Consolidado")+--(INDEX(NORMATIVOS!$C$41:$XFD$41,1,MATCH($B$3,NORMATIVOS!$C$1:$XFD$1,0))="Consolidado")+--(INDEX(NORMATIVOS!$C$42:$XFD$42,1,MATCH($B$3,NORMATIVOS!$C$1:$XFD$1,0))="Consolidado")+--(INDEX(NORMATIVOS!$C$43:$XFD$43,1,MATCH($B$3,NORMATIVOS!$C$1:$XFD$1,0))="Consolidado")+--(INDEX(NORMATIVOS!$C$44:$XFD$44,1,MATCH($B$3,NORMATIVOS!$C$1:$XFD$1,0))="Consolidado")+--(INDEX(NORMATIVOS!$C$45:$XFD$45,1,MATCH($B$3,NORMATIVOS!$C$1:$XFD$1,0))="Consolidado")+--(INDEX(NORMATIVOS!$C$46:$XFD$46,1,MATCH($B$3,NORMATIVOS!$C$1:$XFD$1,0))="Consolidado") -> 9 | F9: =--(INDEX(NORMATIVOS!$C$38:$XFD$38,1,MATCH($B$3,NORMATIVOS!$C$1:$XFD$1,0))="En proceso")+--(INDEX(NORMATIVOS!$C$39:$XFD$39,1,MATCH($B$3,NORMATIVOS!$C$1:$XFD$1,0))="En proceso")+--(INDEX(NORMATIVOS!$C$40:$XFD$40,1,MATCH($B$3,NORMATIVOS!$C$1:$XFD$1,0))="En proceso")+--(INDEX(NORMATIVOS!$C$41:$XFD$41,1,MATCH($B$3,NORMATIVOS!$C$1:$XFD$1,0))="En proceso")+--(INDEX(NORMATIVOS!$C$42:$XFD$42,1,MATCH($B$3,NORMATIVOS!$C$1:$XFD$1,0))="En proceso")+--(INDEX(NORMATIVOS!$C$43:$XFD$43,1,MATCH($B$3,NORMATIVOS!$C$1:$XFD$1,0))="En proceso")+--(INDEX(NORMATIVOS!$C$44:$XFD$44,1,MATCH($B$3,NORMATIVOS!$C$1:$XFD$1,0))="En proceso")+--(INDEX(NORMATIVOS!$C$45:$XFD$45,1,MATCH($B$3,NORMATIVOS!$C$1:$XFD$1,0))="En proceso")+--(INDEX(NORMATIVOS!$C$46:$XFD$46,1,MATCH($B$3,NORMATIVOS!$C$1:$XFD$1,0))="En proceso") -> 0 | G9: =--(INDEX(NORMATIVOS!$C$38:$XFD$38,1,MATCH($B$3,NORMATIVOS!$C$1:$XFD$1,0))="Proyección")+--(INDEX(NORMATIVOS!$C$39:$XFD$39,1,MATCH($B$3,NORMATIVOS!$C$1:$XFD$1,0))="Proyección")+--(INDEX(NORMATIVOS!$C$40:$XFD$40,1,MATCH($B$3,NORMATIVOS!$C$1:$XFD$1,0))="Proyección")+--(INDEX(NORMATIVOS!$C$41:$XFD$41,1,MATCH($B$3,NORMATIVOS!$C$1:$XFD$1,0))="Proyección")+--(INDEX(NORMATIVOS!$C$42:$XFD$42,1,MATCH($B$3,NORMATIVOS!$C$1:$XFD$1,0))="Proyección")+--(INDEX(NORMATIVOS!$C$43:$XFD$43,1,MATCH($B$3,NORMATIVOS!$C$1:$XFD$1,0))="Proyección")+--(INDEX(NORMATIVOS!$C$44:$XFD$44,1,MATCH($B$3,NORMATIVOS!$C$1:$XFD$1,0))="Proyección")+--(INDEX(NORMATIVOS!$C$45:$XFD$45,1,MATCH($B$3,NORMATIVOS!$C$1:$XFD$1,0))="Proyección")+--(INDEX(NORMATIVOS!$C$46:$XFD$46,1,MATCH($B$3,NORMATIVOS!$C$1:$XFD$1,0))="Proyección") -> 0 | H9: =IFERROR(E9/COUNTA(NORMATIVOS!$B$38:$B$46),0) -> 1
A10: N/A | B10: =INDEX(CONSOLIDADO!$F$4:$F$1048576,MATCH($B$3,CONSOLIDADO!$A$4:$A$1048576,0)) -> 9 | D10: HONGO | E10: =--(INDEX(NORMATIVOS!$C$49:$XFD$49,1,MATCH($B$3,NORMATIVOS!$C$1:$XFD$1,0))="Consolidado")+--(INDEX(NORMATIVOS!$C$50:$XFD$50,1,MATCH($B$3,NORMATIVOS!$C$1:$XFD$1,0))="Consolidado")+--(INDEX(NORMATIVOS!$C$51:$XFD$51,1,MATCH($B$3,NORMATIVOS!$C$1:$XFD$1,0))="Consolidado")+--(INDEX(NORMATIVOS!$C$52:$XFD$52,1,MATCH($B$3,NORMATIVOS!$C$1:$XFD$1,0))="Consolidado")+--(INDEX(NORMATIVOS!$C$53:$XFD$53,1,MATCH($B$3,NORMATIVOS!$C$1:$XFD$1,0))="Consolidado")+--(INDEX(NORMATIVOS!$C$54:$XFD$54,1,MATCH($B$3,NORMATIVOS!$C$1:$XFD$1,0))="Consolidado")+--(INDEX(NORMATIVOS!$C$55:$XFD$55,1,MATCH($B$3,NORMATIVOS!$C$1:$XFD$1,0))="Consolidado")+--(INDEX(NORMATIVOS!$C$56:$XFD$56,1,MATCH($B$3,NORMATIVOS!$C$1:$XFD$1,0))="Consolidado")+--(INDEX(NORMATIVOS!$C$57:$XFD$57,1,MATCH($B$3,NORMATIVOS!$C$1:$XFD$1,0))="Consolidado")+--(INDEX(NORMATIVOS!$C$58:$XFD$58,1,MATCH($B$3,NORMATIVOS!$C$1:$XFD$1,0))="Consolidado")+--(INDEX(NORMATIVOS!$C$59:$XFD$59,1,MATCH($B$3,NORMATIVOS!$C$1:$XFD$1,0))="Consolidado")+--(INDEX(NORMATIVOS!$C$60:$XFD$60,1,MATCH($B$3,NORMATIVOS!$C$1:$XFD$1,0))="Consolidado")+--(INDEX(NORMATIVOS!$C$61:$XFD$61,1,MATCH($B$3,NORMATIVOS!$C$1:$XFD$1,0))="Consolidado")+--(INDEX(NORMATIVOS!$C$62:$XFD$62,1,MATCH($B$3,NORMATIVOS!$C$1:$XFD$1,0))="Consolidado")+--(INDEX(NORMATIVOS!$C$63:$XFD$63,1,MATCH($B$3,NORMATIVOS!$C$1:$XFD$1,0))="Consolidado")+--(INDEX(NORMATIVOS!$C$64:$XFD$64,1,MATCH($B$3,NORMATIVOS!$C$1:$XFD$1,0))="Consolidado") -> 16 | F10: =--(INDEX(NORMATIVOS!$C$49:$XFD$49,1,MATCH($B$3,NORMATIVOS!$C$1:$XFD$1,0))="En proceso")+--(INDEX(NORMATIVOS!$C$50:$XFD$50,1,MATCH($B$3,NORMATIVOS!$C$1:$XFD$1,0))="En proceso")+--(INDEX(NORMATIVOS!$C$51:$XFD$51,1,MATCH($B$3,NORMATIVOS!$C$1:$XFD$1,0))="En proceso")+--(INDEX(NORMATIVOS!$C$52:$XFD$52,1,MATCH($B$3,NORMATIVOS!$C$1:$XFD$1,0))="En proceso")+--(INDEX(NORMATIVOS!$C$53:$XFD$53,1,MATCH($B$3,NORMATIVOS!$C$1:$XFD$1,0))="En proceso")+--(INDEX(NORMATIVOS!$C$54:$XFD$54,1,MATCH($B$3,NORMATIVOS!$C$1:$XFD$1,0))="En proceso")+--(INDEX(NORMATIVOS!$C$55:$XFD$55,1,MATCH($B$3,NORMATIVOS!$C$1:$XFD$1,0))="En proceso")+--(INDEX(NORMATIVOS!$C$56:$XFD$56,1,MATCH($B$3,NORMATIVOS!$C$1:$XFD$1,0))="En proceso")+--(INDEX(NORMATIVOS!$C$57:$XFD$57,1,MATCH($B$3,NORMATIVOS!$C$1:$XFD$1,0))="En proceso")+--(INDEX(NORMATIVOS!$C$58:$XFD$58,1,MATCH($B$3,NORMATIVOS!$C$1:$XFD$1,0))="En proceso")+--(INDEX(NORMATIVOS!$C$59:$XFD$59,1,MATCH($B$3,NORMATIVOS!$C$1:$XFD$1,0))="En proceso")+--(INDEX(NORMATIVOS!$C$60:$XFD$60,1,MATCH($B$3,NORMATIVOS!$C$1:$XFD$1,0))="En proceso")+--(INDEX(NORMATIVOS!$C$61:$XFD$61,1,MATCH($B$3,NORMATIVOS!$C$1:$XFD$1,0))="En proceso")+--(INDEX(NORMATIVOS!$C$62:$XFD$62,1,MATCH($B$3,NORMATIVOS!$C$1:$XFD$1,0))="En proceso")+--(INDEX(NORMATIVOS!$C$63:$XFD$63,1,MATCH($B$3,NORMATIVOS!$C$1:$XFD$1,0))="En proceso")+--(INDEX(NORMATIVOS!$C$64:$XFD$64,1,MATCH($B$3,NORMATIVOS!$C$1:$XFD$1,0))="En proceso") -> 0 | G10: =--(INDEX(NORMATIVOS!$C$49:$XFD$49,1,MATCH($B$3,NORMATIVOS!$C$1:$XFD$1,0))="Proyección")+--(INDEX(NORMATIVOS!$C$50:$XFD$50,1,MATCH($B$3,NORMATIVOS!$C$1:$XFD$1,0))="Proyección")+--(INDEX(NORMATIVOS!$C$51:$XFD$51,1,MATCH($B$3,NORMATIVOS!$C$1:$XFD$1,0))="Proyección")+--(INDEX(NORMATIVOS!$C$52:$XFD$52,1,MATCH($B$3,NORMATIVOS!$C$1:$XFD$1,0))="Proyección")+--(INDEX(NORMATIVOS!$C$53:$XFD$53,1,MATCH($B$3,NORMATIVOS!$C$1:$XFD$1,0))="Proyección")+--(INDEX(NORMATIVOS!$C$54:$XFD$54,1,MATCH($B$3,NORMATIVOS!$C$1:$XFD$1,0))="Proyección")+--(INDEX(NORMATIVOS!$C$55:$XFD$55,1,MATCH($B$3,NORMATIVOS!$C$1:$XFD$1,0))="Proyección")+--(INDEX(NORMATIVOS!$C$56:$XFD$56,1,MATCH($B$3,NORMATIVOS!$C$1:$XFD$1,0))="Proyección")+--(INDEX(NORMATIVOS!$C$57:$XFD$57,1,MATCH($B$3,NORMATIVOS!$C$1:$XFD$1,0))="Proyección")+--(INDEX(NORMATIVOS!$C$58:$XFD$58,1,MATCH($B$3,NORMATIVOS!$C$1:$XFD$1,0))="Proyección")+--(INDEX(NORMATIVOS!$C$59:$XFD$59,1,MATCH($B$3,NORMATIVOS!$C$1:$XFD$1,0))="Proyección")+--(INDEX(NORMATIVOS!$C$60:$XFD$60,1,MATCH($B$3,NORMATIVOS!$C$1:$XFD$1,0))="Proyección")+--(INDEX(NORMATIVOS!$C$61:$XFD$61,1,MATCH($B$3,NORMATIVOS!$C$1:$XFD$1,0))="Proyección")+--(INDEX(NORMATIVOS!$C$62:$XFD$62,1,MATCH($B$3,NORMATIVOS!$C$1:$XFD$1,0))="Proyección")+--(INDEX(NORMATIVOS!$C$63:$XFD$63,1,MATCH($B$3,NORMATIVOS!$C$1:$XFD$1,0))="Proyección")+--(INDEX(NORMATIVOS!$C$64:$XFD$64,1,MATCH($B$3,NORMATIVOS!$C$1:$XFD$1,0))="Proyección") -> 0 | H10: =IFERROR(E10/COUNTA(NORMATIVOS!$B$49:$B$64),0) -> 1
A11: % dominio | B11: =INDEX(CONSOLIDADO!$G$4:$G$1048576,MATCH($B$3,CONSOLIDADO!$A$4:$A$1048576,0)) -> 0.85018727 | D11: CABALLO SIN ARZON | E11: =--(INDEX(NORMATIVOS!$C$65:$XFD$65,1,MATCH($B$3,NORMATIVOS!$C$1:$XFD$1,0))="Consolidado")+--(INDEX(NORMATIVOS!$C$66:$XFD$66,1,MATCH($B$3,NORMATIVOS!$C$1:$XFD$1,0))="Consolidado")+--(INDEX(NORMATIVOS!$C$67:$XFD$67,1,MATCH($B$3,NORMATIVOS!$C$1:$XFD$1,0))="Consolidado")+--(INDEX(NORMATIVOS!$C$68:$XFD$68,1,MATCH($B$3,NORMATIVOS!$C$1:$XFD$1,0))="Consolidado")+--(INDEX(NORMATIVOS!$C$69:$XFD$69,1,MATCH($B$3,NORMATIVOS!$C$1:$XFD$1,0))="Consolidado")+--(INDEX(NORMATIVOS!$C$70:$XFD$70,1,MATCH($B$3,NORMATIVOS!$C$1:$XFD$1,0))="Consolidado")+--(INDEX(NORMATIVOS!$C$71:$XFD$71,1,MATCH($B$3,NORMATIVOS!$C$1:$XFD$1,0))="Consolidado")+--(INDEX(NORMATIVOS!$C$72:$XFD$72,1,MATCH($B$3,NORMATIVOS!$C$1:$XFD$1,0))="Consolidado")+--(INDEX(NORMATIVOS!$C$73:$XFD$73,1,MATCH($B$3,NORMATIVOS!$C$1:$XFD$1,0))="Consolidado")+--(INDEX(NORMATIVOS!$C$74:$XFD$74,1,MATCH($B$3,NORMATIVOS!$C$1:$XFD$1,0))="Consolidado")+--(INDEX(NORMATIVOS!$C$75:$XFD$75,1,MATCH($B$3,NORMATIVOS!$C$1:$XFD$1,0))="Consolidado")+--(INDEX(NORMATIVOS!$C$76:$XFD$76,1,MATCH($B$3,NORMATIVOS!$C$1:$XFD$1,0))="Consolidado")+--(INDEX(NORMATIVOS!$C$77:$XFD$77,1,MATCH($B$3,NORMATIVOS!$C$1:$XFD$1,0))="Consolidado")+--(INDEX(NORMATIVOS!$C$78:$XFD$78,1,MATCH($B$3,NORMATIVOS!$C$1:$XFD$1,0))="Consolidado") -> 14 | F11: =--(INDEX(NORMATIVOS!$C$65:$XFD$65,1,MATCH($B$3,NORMATIVOS!$C$1:$XFD$1,0))="En proceso")+--(INDEX(NORMATIVOS!$C$66:$XFD$66,1,MATCH($B$3,NORMATIVOS!$C$1:$XFD$1,0))="En proceso")+--(INDEX(NORMATIVOS!$C$67:$XFD$67,1,MATCH($B$3,NORMATIVOS!$C$1:$XFD$1,0))="En proceso")+--(INDEX(NORMATIVOS!$C$68:$XFD$68,1,MATCH($B$3,NORMATIVOS!$C$1:$XFD$1,0))="En proceso")+--(INDEX(NORMATIVOS!$C$69:$XFD$69,1,MATCH($B$3,NORMATIVOS!$C$1:$XFD$1,0))="En proceso")+--(INDEX(NORMATIVOS!$C$70:$XFD$70,1,MATCH($B$3,NORMATIVOS!$C$1:$XFD$1,0))="En proceso")+--(INDEX(NORMATIVOS!$C$71:$XFD$71,1,MATCH($B$3,NORMATIVOS!$C$1:$XFD$1,0))="En proceso")+--(INDEX(NORMATIVOS!$C$72:$XFD$72,1,MATCH($B$3,NORMATIVOS!$C$1:$XFD$1,0))="En proceso")+--(INDEX(NORMATIVOS!$C$73:$XFD$73,1,MATCH($B$3,NORMATIVOS!$C$1:$XFD$1,0))="En proceso")+--(INDEX(NORMATIVOS!$C$74:$XFD$74,1,MATCH($B$3,NORMATIVOS!$C$1:$XFD$1,0))="En proceso")+--(INDEX(NORMATIVOS!$C$75:$XFD$75,1,MATCH($B$3,NORMATIVOS!$C$1:$XFD$1,0))="En proceso")+--(INDEX(NORMATIVOS!$C$76:$XFD$76,1,MATCH($B$3,NORMATIVOS!$C$1:$XFD$1,0))="En proceso")+--(INDEX(NORMATIVOS!$C$77:$XFD$77,1,MATCH($B$3,NORMATIVOS!$C$1:$XFD$1,0))="En proceso")+--(INDEX(NORMATIVOS!$C$78:$XFD$78,1,MATCH($B$3,NORMATIVOS!$C$1:$XFD$1,0))="En proceso") -> 0 | G11: =--(INDEX(NORMATIVOS!$C$65:$XFD$65,1,MATCH($B$3,NORMATIVOS!$C$1:$XFD$1,0))="Proyección")+--(INDEX(NORMATIVOS!$C$66:$XFD$66,1,MATCH($B$3,NORMATIVOS!$C$1:$XFD$1,0))="Proyección")+--(INDEX(NORMATIVOS!$C$67:$XFD$67,1,MATCH($B$3,NORMATIVOS!$C$1:$XFD$1,0))="Proyección")+--(INDEX(NORMATIVOS!$C$68:$XFD$68,1,MATCH($B$3,NORMATIVOS!$C$1:$XFD$1,0))="Proyección")+--(INDEX(NORMATIVOS!$C$69:$XFD$69,1,MATCH($B$3,NORMATIVOS!$C$1:$XFD$1,0))="Proyección")+--(INDEX(NORMATIVOS!$C$70:$XFD$70,1,MATCH($B$3,NORMATIVOS!$C$1:$XFD$1,0))="Proyección")+--(INDEX(NORMATIVOS!$C$71:$XFD$71,1,MATCH($B$3,NORMATIVOS!$C$1:$XFD$1,0))="Proyección")+--(INDEX(NORMATIVOS!$C$72:$XFD$72,1,MATCH($B$3,NORMATIVOS!$C$1:$XFD$1,0))="Proyección")+--(INDEX(NORMATIVOS!$C$73:$XFD$73,1,MATCH($B$3,NORMATIVOS!$C$1:$XFD$1,0))="Proyección")+--(INDEX(NORMATIVOS!$C$74:$XFD$74,1,MATCH($B$3,NORMATIVOS!$C$1:$XFD$1,0))="Proyección")+--(INDEX(NORMATIVOS!$C$75:$XFD$75,1,MATCH($B$3,NORMATIVOS!$C$1:$XFD$1,0))="Proyección")+--(INDEX(NORMATIVOS!$C$76:$XFD$76,1,MATCH($B$3,NORMATIVOS!$C$1:$XFD$1,0))="Proyección")+--(INDEX(NORMATIVOS!$C$77:$XFD$77,1,MATCH($B$3,NORMATIVOS!$C$1:$XFD$1,0))="Proyección")+--(INDEX(NORMATIVOS!$C$78:$XFD$78,1,MATCH($B$3,NORMATIVOS!$C$1:$XFD$1,0))="Proyección") -> 0 | H11: =IFERROR(E11/COUNTA(NORMATIVOS!$B$65:$B$78),0) -> 1
D12: CABALLO CON ARZONES | E12: =--(INDEX(NORMATIVOS!$C$79:$XFD$79,1,MATCH($B$3,NORMATIVOS!$C$1:$XFD$1,0))="Consolidado")+--(INDEX(NORMATIVOS!$C$80:$XFD$80,1,MATCH($B$3,NORMATIVOS!$C$1:$XFD$1,0))="Consolidado")+--(INDEX(NORMATIVOS!$C$81:$XFD$81,1,MATCH($B$3,NORMATIVOS!$C$1:$XFD$1,0))="Consolidado")+--(INDEX(NORMATIVOS!$C$82:$XFD$82,1,MATCH($B$3,NORMATIVOS!$C$1:$XFD$1,0))="Consolidado")+--(INDEX(NORMATIVOS!$C$83:$XFD$83,1,MATCH($B$3,NORMATIVOS!$C$1:$XFD$1,0))="Consolidado")+--(INDEX(NORMATIVOS!$C$84:$XFD$84,1,MATCH($B$3,NORMATIVOS!$C$1:$XFD$1,0))="Consolidado")+--(INDEX(NORMATIVOS!$C$85:$XFD$85,1,MATCH($B$3,NORMATIVOS!$C$1:$XFD$1,0))="Consolidado")+--(INDEX(NORMATIVOS!$C$86:$XFD$86,1,MATCH($B$3,NORMATIVOS!$C$1:$XFD$1,0))="Consolidado")+--(INDEX(NORMATIVOS!$C$87:$XFD$87,1,MATCH($B$3,NORMATIVOS!$C$1:$XFD$1,0))="Consolidado")+--(INDEX(NORMATIVOS!$C$88:$XFD$88,1,MATCH($B$3,NORMATIVOS!$C$1:$XFD$1,0))="Consolidado")+--(INDEX(NORMATIVOS!$C$89:$XFD$89,1,MATCH($B$3,NORMATIVOS!$C$1:$XFD$1,0))="Consolidado")+--(INDEX(NORMATIVOS!$C$90:$XFD$90,1,MATCH($B$3,NORMATIVOS!$C$1:$XFD$1,0))="Consolidado")+--(INDEX(NORMATIVOS!$C$91:$XFD$91,1,MATCH($B$3,NORMATIVOS!$C$1:$XFD$1,0))="Consolidado")+--(INDEX(NORMATIVOS!$C$92:$XFD$92,1,MATCH($B$3,NORMATIVOS!$C$1:$XFD$1,0))="Consolidado")+--(INDEX(NORMATIVOS!$C$93:$XFD$93,1,MATCH($B$3,NORMATIVOS!$C$1:$XFD$1,0))="Consolidado")+--(INDEX(NORMATIVOS!$C$94:$XFD$94,1,MATCH($B$3,NORMATIVOS!$C$1:$XFD$1,0))="Consolidado")+--(INDEX(NORMATIVOS!$C$95:$XFD$95,1,MATCH($B$3,NORMATIVOS!$C$1:$XFD$1,0))="Consolidado")+--(INDEX(NORMATIVOS!$C$96:$XFD$96,1,MATCH($B$3,NORMATIVOS!$C$1:$XFD$1,0))="Consolidado")+--(INDEX(NORMATIVOS!$C$97:$XFD$97,1,MATCH($B$3,NORMATIVOS!$C$1:$XFD$1,0))="Consolidado")+--(INDEX(NORMATIVOS!$C$98:$XFD$98,1,MATCH($B$3,NORMATIVOS!$C$1:$XFD$1,0))="Consolidado")+--(INDEX(NORMATIVOS!$C$99:$XFD$99,1,MATCH($B$3,NORMATIVOS!$C$1:$XFD$1,0))="Consolidado")+--(INDEX(NORMATIVOS!$C$100:$XFD$100,1,MATCH($B$3,NORMATIVOS!$C$1:$XFD$1,0))="Consolidado")+--(INDEX(NORMATIVOS!$C$101:$XFD$101,1,MATCH($B$3,NORMATIVOS!$C$1:$XFD$1,0))="Consolidado")+--(INDEX(NORMATIVOS!$C$102:$XFD$102,1,MATCH($B$3,NORMATIVOS!$C$1:$XFD$1,0))="Consolidado")+--(INDEX(NORMATIVOS!$C$103:$XFD$103,1,MATCH($B$3,NORMATIVOS!$C$1:$XFD$1,0))="Consolidado")+--(INDEX(NORMATIVOS!$C$104:$XFD$104,1,MATCH($B$3,NORMATIVOS!$C$1:$XFD$1,0))="Consolidado")+--(INDEX(NORMATIVOS!$C$105:$XFD$105,1,MATCH($B$3,NORMATIVOS!$C$1:$XFD$1,0))="Consolidado") -> 24 | F12: =--(INDEX(NORMATIVOS!$C$79:$XFD$79,1,MATCH($B$3,NORMATIVOS!$C$1:$XFD$1,0))="En proceso")+--(INDEX(NORMATIVOS!$C$80:$XFD$80,1,MATCH($B$3,NORMATIVOS!$C$1:$XFD$1,0))="En proceso")+--(INDEX(NORMATIVOS!$C$81:$XFD$81,1,MATCH($B$3,NORMATIVOS!$C$1:$XFD$1,0))="En proceso")+--(INDEX(NORMATIVOS!$C$82:$XFD$82,1,MATCH($B$3,NORMATIVOS!$C$1:$XFD$1,0))="En proceso")+--(INDEX(NORMATIVOS!$C$83:$XFD$83,1,MATCH($B$3,NORMATIVOS!$C$1:$XFD$1,0))="En proceso")+--(INDEX(NORMATIVOS!$C$84:$XFD$84,1,MATCH($B$3,NORMATIVOS!$C$1:$XFD$1,0))="En proceso")+--(INDEX(NORMATIVOS!$C$85:$XFD$85,1,MATCH($B$3,NORMATIVOS!$C$1:$XFD$1,0))="En proceso")+--(INDEX(NORMATIVOS!$C$86:$XFD$86,1,MATCH($B$3,NORMATIVOS!$C$1:$XFD$1,0))="En proceso")+--(INDEX(NORMATIVOS!$C$87:$XFD$87,1,MATCH($B$3,NORMATIVOS!$C$1:$XFD$1,0))="En proceso")+--(INDEX(NORMATIVOS!$C$88:$XFD$88,1,MATCH($B$3,NORMATIVOS!$C$1:$XFD$1,0))="En proceso")+--(INDEX(NORMATIVOS!$C$89:$XFD$89,1,MATCH($B$3,NORMATIVOS!$C$1:$XFD$1,0))="En proceso")+--(INDEX(NORMATIVOS!$C$90:$XFD$90,1,MATCH($B$3,NORMATIVOS!$C$1:$XFD$1,0))="En proceso")+--(INDEX(NORMATIVOS!$C$91:$XFD$91,1,MATCH($B$3,NORMATIVOS!$C$1:$XFD$1,0))="En proceso")+--(INDEX(NORMATIVOS!$C$92:$XFD$92,1,MATCH($B$3,NORMATIVOS!$C$1:$XFD$1,0))="En proceso")+--(INDEX(NORMATIVOS!$C$93:$XFD$93,1,MATCH($B$3,NORMATIVOS!$C$1:$XFD$1,0))="En proceso")+--(INDEX(NORMATIVOS!$C$94:$XFD$94,1,MATCH($B$3,NORMATIVOS!$C$1:$XFD$1,0))="En proceso")+--(INDEX(NORMATIVOS!$C$95:$XFD$95,1,MATCH($B$3,NORMATIVOS!$C$1:$XFD$1,0))="En proceso")+--(INDEX(NORMATIVOS!$C$96:$XFD$96,1,MATCH($B$3,NORMATIVOS!$C$1:$XFD$1,0))="En proceso")+--(INDEX(NORMATIVOS!$C$97:$XFD$97,1,MATCH($B$3,NORMATIVOS!$C$1:$XFD$1,0))="En proceso")+--(INDEX(NORMATIVOS!$C$98:$XFD$98,1,MATCH($B$3,NORMATIVOS!$C$1:$XFD$1,0))="En proceso")+--(INDEX(NORMATIVOS!$C$99:$XFD$99,1,MATCH($B$3,NORMATIVOS!$C$1:$XFD$1,0))="En proceso")+--(INDEX(NORMATIVOS!$C$100:$XFD$100,1,MATCH($B$3,NORMATIVOS!$C$1:$XFD$1,0))="En proceso")+--(INDEX(NORMATIVOS!$C$101:$XFD$101,1,MATCH($B$3,NORMATIVOS!$C$1:$XFD$1,0))="En proceso")+--(INDEX(NORMATIVOS!$C$102:$XFD$102,1,MATCH($B$3,NORMATIVOS!$C$1:$XFD$1,0))="En proceso")+--(INDEX(NORMATIVOS!$C$103:$XFD$103,1,MATCH($B$3,NORMATIVOS!$C$1:$XFD$1,0))="En proceso")+--(INDEX(NORMATIVOS!$C$104:$XFD$104,1,MATCH($B$3,NORMATIVOS!$C$1:$XFD$1,0))="En proceso")+--(INDEX(NORMATIVOS!$C$105:$XFD$105,1,MATCH($B$3,NORMATIVOS!$C$1:$XFD$1,0))="En proceso") -> 0 | G12: =--(INDEX(NORMATIVOS!$C$79:$XFD$79,1,MATCH($B$3,NORMATIVOS!$C$1:$XFD$1,0))="Proyección")+--(INDEX(NORMATIVOS!$C$80:$XFD$80,1,MATCH($B$3,NORMATIVOS!$C$1:$XFD$1,0))="Proyección")+--(INDEX(NORMATIVOS!$C$81:$XFD$81,1,MATCH($B$3,NORMATIVOS!$C$1:$XFD$1,0))="Proyección")+--(INDEX(NORMATIVOS!$C$82:$XFD$82,1,MATCH($B$3,NORMATIVOS!$C$1:$XFD$1,0))="Proyección")+--(INDEX(NORMATIVOS!$C$83:$XFD$83,1,MATCH($B$3,NORMATIVOS!$C$1:$XFD$1,0))="Proyección")+--(INDEX(NORMATIVOS!$C$84:$XFD$84,1,MATCH($B$3,NORMATIVOS!$C$1:$XFD$1,0))="Proyección")+--(INDEX(NORMATIVOS!$C$85:$XFD$85,1,MATCH($B$3,NORMATIVOS!$C$1:$XFD$1,0))="Proyección")+--(INDEX(NORMATIVOS!$C$86:$XFD$86,1,MATCH($B$3,NORMATIVOS!$C$1:$XFD$1,0))="Proyección")+--(INDEX(NORMATIVOS!$C$87:$XFD$87,1,MATCH($B$3,NORMATIVOS!$C$1:$XFD$1,0))="Proyección")+--(INDEX(NORMATIVOS!$C$88:$XFD$88,1,MATCH($B$3,NORMATIVOS!$C$1:$XFD$1,0))="Proyección")+--(INDEX(NORMATIVOS!$C$89:$XFD$89,1,MATCH($B$3,NORMATIVOS!$C$1:$XFD$1,0))="Proyección")+--(INDEX(NORMATIVOS!$C$90:$XFD$90,1,MATCH($B$3,NORMATIVOS!$C$1:$XFD$1,0))="Proyección")+--(INDEX(NORMATIVOS!$C$91:$XFD$91,1,MATCH($B$3,NORMATIVOS!$C$1:$XFD$1,0))="Proyección")+--(INDEX(NORMATIVOS!$C$92:$XFD$92,1,MATCH($B$3,NORMATIVOS!$C$1:$XFD$1,0))="Proyección")+--(INDEX(NORMATIVOS!$C$93:$XFD$93,1,MATCH($B$3,NORMATIVOS!$C$1:$XFD$1,0))="Proyección")+--(INDEX(NORMATIVOS!$C$94:$XFD$94,1,MATCH($B$3,NORMATIVOS!$C$1:$XFD$1,0))="Proyección")+--(INDEX(NORMATIVOS!$C$95:$XFD$95,1,MATCH($B$3,NORMATIVOS!$C$1:$XFD$1,0))="Proyección")+--(INDEX(NORMATIVOS!$C$96:$XFD$96,1,MATCH($B$3,NORMATIVOS!$C$1:$XFD$1,0))="Proyección")+--(INDEX(NORMATIVOS!$C$97:$XFD$97,1,MATCH($B$3,NORMATIVOS!$C$1:$XFD$1,0))="Proyección")+--(INDEX(NORMATIVOS!$C$98:$XFD$98,1,MATCH($B$3,NORMATIVOS!$C$1:$XFD$1,0))="Proyección")+--(INDEX(NORMATIVOS!$C$99:$XFD$99,1,MATCH($B$3,NORMATIVOS!$C$1:$XFD$1,0))="Proyección")+--(INDEX(NORMATIVOS!$C$100:$XFD$100,1,MATCH($B$3,NORMATIVOS!$C$1:$XFD$1,0))="Proyección")+--(INDEX(NORMATIVOS!$C$101:$XFD$101,1,MATCH($B$3,NORMATIVOS!$C$1:$XFD$1,0))="Proyección")+--(INDEX(NORMATIVOS!$C$102:$XFD$102,1,MATCH($B$3,NORMATIVOS!$C$1:$XFD$1,0))="Proyección")+--(INDEX(NORMATIVOS!$C$103:$XFD$103,1,MATCH($B$3,NORMATIVOS!$C$1:$XFD$1,0))="Proyección")+--(INDEX(NORMATIVOS!$C$104:$XFD$104,1,MATCH($B$3,NORMATIVOS!$C$1:$XFD$1,0))="Proyección")+--(INDEX(NORMATIVOS!$C$105:$XFD$105,1,MATCH($B$3,NORMATIVOS!$C$1:$XFD$1,0))="Proyección") -> 3 | H12: =IFERROR(E12/COUNTA(NORMATIVOS!$B$79:$B$105),0) -> 0.88888889
D13: ELEMENTOS DE FUERZA | E13: =--(INDEX(NORMATIVOS!$C$108:$XFD$108,1,MATCH($B$3,NORMATIVOS!$C$1:$XFD$1,0))="Consolidado")+--(INDEX(NORMATIVOS!$C$109:$XFD$109,1,MATCH($B$3,NORMATIVOS!$C$1:$XFD$1,0))="Consolidado")+--(INDEX(NORMATIVOS!$C$110:$XFD$110,1,MATCH($B$3,NORMATIVOS!$C$1:$XFD$1,0))="Consolidado")+--(INDEX(NORMATIVOS!$C$111:$XFD$111,1,MATCH($B$3,NORMATIVOS!$C$1:$XFD$1,0))="Consolidado")+--(INDEX(NORMATIVOS!$C$112:$XFD$112,1,MATCH($B$3,NORMATIVOS!$C$1:$XFD$1,0))="Consolidado")+--(INDEX(NORMATIVOS!$C$113:$XFD$113,1,MATCH($B$3,NORMATIVOS!$C$1:$XFD$1,0))="Consolidado")+--(INDEX(NORMATIVOS!$C$114:$XFD$114,1,MATCH($B$3,NORMATIVOS!$C$1:$XFD$1,0))="Consolidado")+--(INDEX(NORMATIVOS!$C$115:$XFD$115,1,MATCH($B$3,NORMATIVOS!$C$1:$XFD$1,0))="Consolidado")+--(INDEX(NORMATIVOS!$C$116:$XFD$116,1,MATCH($B$3,NORMATIVOS!$C$1:$XFD$1,0))="Consolidado")+--(INDEX(NORMATIVOS!$C$117:$XFD$117,1,MATCH($B$3,NORMATIVOS!$C$1:$XFD$1,0))="Consolidado")+--(INDEX(NORMATIVOS!$C$118:$XFD$118,1,MATCH($B$3,NORMATIVOS!$C$1:$XFD$1,0))="Consolidado")+--(INDEX(NORMATIVOS!$C$119:$XFD$119,1,MATCH($B$3,NORMATIVOS!$C$1:$XFD$1,0))="Consolidado")+--(INDEX(NORMATIVOS!$C$120:$XFD$120,1,MATCH($B$3,NORMATIVOS!$C$1:$XFD$1,0))="Consolidado")+--(INDEX(NORMATIVOS!$C$121:$XFD$121,1,MATCH($B$3,NORMATIVOS!$C$1:$XFD$1,0))="Consolidado")+--(INDEX(NORMATIVOS!$C$122:$XFD$122,1,MATCH($B$3,NORMATIVOS!$C$1:$XFD$1,0))="Consolidado") -> 12 | F13: =--(INDEX(NORMATIVOS!$C$108:$XFD$108,1,MATCH($B$3,NORMATIVOS!$C$1:$XFD$1,0))="En proceso")+--(INDEX(NORMATIVOS!$C$109:$XFD$109,1,MATCH($B$3,NORMATIVOS!$C$1:$XFD$1,0))="En proceso")+--(INDEX(NORMATIVOS!$C$110:$XFD$110,1,MATCH($B$3,NORMATIVOS!$C$1:$XFD$1,0))="En proceso")+--(INDEX(NORMATIVOS!$C$111:$XFD$111,1,MATCH($B$3,NORMATIVOS!$C$1:$XFD$1,0))="En proceso")+--(INDEX(NORMATIVOS!$C$112:$XFD$112,1,MATCH($B$3,NORMATIVOS!$C$1:$XFD$1,0))="En proceso")+--(INDEX(NORMATIVOS!$C$113:$XFD$113,1,MATCH($B$3,NORMATIVOS!$C$1:$XFD$1,0))="En proceso")+--(INDEX(NORMATIVOS!$C$114:$XFD$114,1,MATCH($B$3,NORMATIVOS!$C$1:$XFD$1,0))="En proceso")+--(INDEX(NORMATIVOS!$C$115:$XFD$115,1,MATCH($B$3,NORMATIVOS!$C$1:$XFD$1,0))="En proceso")+--(INDEX(NORMATIVOS!$C$116:$XFD$116,1,MATCH($B$3,NORMATIVOS!$C$1:$XFD$1,0))="En proceso")+--(INDEX(NORMATIVOS!$C$117:$XFD$117,1,MATCH($B$3,NORMATIVOS!$C$1:$XFD$1,0))="En proceso")+--(INDEX(NORMATIVOS!$C$118:$XFD$118,1,MATCH($B$3,NORMATIVOS!$C$1:$XFD$1,0))="En proceso")+--(INDEX(NORMATIVOS!$C$119:$XFD$119,1,MATCH($B$3,NORMATIVOS!$C$1:$XFD$1,0))="En proceso")+--(INDEX(NORMATIVOS!$C$120:$XFD$120,1,MATCH($B$3,NORMATIVOS!$C$1:$XFD$1,0))="En proceso")+--(INDEX(NORMATIVOS!$C$121:$XFD$121,1,MATCH($B$3,NORMATIVOS!$C$1:$XFD$1,0))="En proceso")+--(INDEX(NORMATIVOS!$C$122:$XFD$122,1,MATCH($B$3,NORMATIVOS!$C$1:$XFD$1,0))="En proceso") -> 0 | G13: =--(INDEX(NORMATIVOS!$C$108:$XFD$108,1,MATCH($B$3,NORMATIVOS!$C$1:$XFD$1,0))="Proyección")+--(INDEX(NORMATIVOS!$C$109:$XFD$109,1,MATCH($B$3,NORMATIVOS!$C$1:$XFD$1,0))="Proyección")+--(INDEX(NORMATIVOS!$C$110:$XFD$110,1,MATCH($B$3,NORMATIVOS!$C$1:$XFD$1,0))="Proyección")+--(INDEX(NORMATIVOS!$C$111:$XFD$111,1,MATCH($B$3,NORMATIVOS!$C$1:$XFD$1,0))="Proyección")+--(INDEX(NORMATIVOS!$C$112:$XFD$112,1,MATCH($B$3,NORMATIVOS!$C$1:$XFD$1,0))="Proyección")+--(INDEX(NORMATIVOS!$C$113:$XFD$113,1,MATCH($B$3,NORMATIVOS!$C$1:$XFD$1,0))="Proyección")+--(INDEX(NORMATIVOS!$C$114:$XFD$114,1,MATCH($B$3,NORMATIVOS!$C$1:$XFD$1,0))="Proyección")+--(INDEX(NORMATIVOS!$C$115:$XFD$115,1,MATCH($B$3,NORMATIVOS!$C$1:$XFD$1,0))="Proyección")+--(INDEX(NORMATIVOS!$C$116:$XFD$116,1,MATCH($B$3,NORMATIVOS!$C$1:$XFD$1,0))="Proyección")+--(INDEX(NORMATIVOS!$C$117:$XFD$117,1,MATCH($B$3,NORMATIVOS!$C$1:$XFD$1,0))="Proyección")+--(INDEX(NORMATIVOS!$C$118:$XFD$118,1,MATCH($B$3,NORMATIVOS!$C$1:$XFD$1,0))="Proyección")+--(INDEX(NORMATIVOS!$C$119:$XFD$119,1,MATCH($B$3,NORMATIVOS!$C$1:$XFD$1,0))="Proyección")+--(INDEX(NORMATIVOS!$C$120:$XFD$120,1,MATCH($B$3,NORMATIVOS!$C$1:$XFD$1,0))="Proyección")+--(INDEX(NORMATIVOS!$C$121:$XFD$121,1,MATCH($B$3,NORMATIVOS!$C$1:$XFD$1,0))="Proyección")+--(INDEX(NORMATIVOS!$C$122:$XFD$122,1,MATCH($B$3,NORMATIVOS!$C$1:$XFD$1,0))="Proyección") -> 2 | H13: =IFERROR(E13/COUNTA(NORMATIVOS!$B$108:$B$122),0) -> 0.8
D14: ELEMENTOS DE VUELO | E14: =--(INDEX(NORMATIVOS!$C$123:$XFD$123,1,MATCH($B$3,NORMATIVOS!$C$1:$XFD$1,0))="Consolidado")+--(INDEX(NORMATIVOS!$C$124:$XFD$124,1,MATCH($B$3,NORMATIVOS!$C$1:$XFD$1,0))="Consolidado")+--(INDEX(NORMATIVOS!$C$125:$XFD$125,1,MATCH($B$3,NORMATIVOS!$C$1:$XFD$1,0))="Consolidado")+--(INDEX(NORMATIVOS!$C$126:$XFD$126,1,MATCH($B$3,NORMATIVOS!$C$1:$XFD$1,0))="Consolidado")+--(INDEX(NORMATIVOS!$C$127:$XFD$127,1,MATCH($B$3,NORMATIVOS!$C$1:$XFD$1,0))="Consolidado")+--(INDEX(NORMATIVOS!$C$128:$XFD$128,1,MATCH($B$3,NORMATIVOS!$C$1:$XFD$1,0))="Consolidado")+--(INDEX(NORMATIVOS!$C$129:$XFD$129,1,MATCH($B$3,NORMATIVOS!$C$1:$XFD$1,0))="Consolidado")+--(INDEX(NORMATIVOS!$C$130:$XFD$130,1,MATCH($B$3,NORMATIVOS!$C$1:$XFD$1,0))="Consolidado")+--(INDEX(NORMATIVOS!$C$131:$XFD$131,1,MATCH($B$3,NORMATIVOS!$C$1:$XFD$1,0))="Consolidado")+--(INDEX(NORMATIVOS!$C$132:$XFD$132,1,MATCH($B$3,NORMATIVOS!$C$1:$XFD$1,0))="Consolidado")+--(INDEX(NORMATIVOS!$C$133:$XFD$133,1,MATCH($B$3,NORMATIVOS!$C$1:$XFD$1,0))="Consolidado")+--(INDEX(NORMATIVOS!$C$134:$XFD$134,1,MATCH($B$3,NORMATIVOS!$C$1:$XFD$1,0))="Consolidado")+--(INDEX(NORMATIVOS!$C$135:$XFD$135,1,MATCH($B$3,NORMATIVOS!$C$1:$XFD$1,0))="Consolidado")+--(INDEX(NORMATIVOS!$C$136:$XFD$136,1,MATCH($B$3,NORMATIVOS!$C$1:$XFD$1,0))="Consolidado")+--(INDEX(NORMATIVOS!$C$137:$XFD$137,1,MATCH($B$3,NORMATIVOS!$C$1:$XFD$1,0))="Consolidado")+--(INDEX(NORMATIVOS!$C$138:$XFD$138,1,MATCH($B$3,NORMATIVOS!$C$1:$XFD$1,0))="Consolidado")+--(INDEX(NORMATIVOS!$C$139:$XFD$139,1,MATCH($B$3,NORMATIVOS!$C$1:$XFD$1,0))="Consolidado")+--(INDEX(NORMATIVOS!$C$140:$XFD$140,1,MATCH($B$3,NORMATIVOS!$C$1:$XFD$1,0))="Consolidado")+--(INDEX(NORMATIVOS!$C$141:$XFD$141,1,MATCH($B$3,NORMATIVOS!$C$1:$XFD$1,0))="Consolidado")+--(INDEX(NORMATIVOS!$C$142:$XFD$142,1,MATCH($B$3,NORMATIVOS!$C$1:$XFD$1,0))="Consolidado") -> 18 | F14: =--(INDEX(NORMATIVOS!$C$123:$XFD$123,1,MATCH($B$3,NORMATIVOS!$C$1:$XFD$1,0))="En proceso")+--(INDEX(NORMATIVOS!$C$124:$XFD$124,1,MATCH($B$3,NORMATIVOS!$C$1:$XFD$1,0))="En proceso")+--(INDEX(NORMATIVOS!$C$125:$XFD$125,1,MATCH($B$3,NORMATIVOS!$C$1:$XFD$1,0))="En proceso")+--(INDEX(NORMATIVOS!$C$126:$XFD$126,1,MATCH($B$3,NORMATIVOS!$C$1:$XFD$1,0))="En proceso")+--(INDEX(NORMATIVOS!$C$127:$XFD$127,1,MATCH($B$3,NORMATIVOS!$C$1:$XFD$1,0))="En proceso")+--(INDEX(NORMATIVOS!$C$128:$XFD$128,1,MATCH($B$3,NORMATIVOS!$C$1:$XFD$1,0))="En proceso")+--(INDEX(NORMATIVOS!$C$129:$XFD$129,1,MATCH($B$3,NORMATIVOS!$C$1:$XFD$1,0))="En proceso")+--(INDEX(NORMATIVOS!$C$130:$XFD$130,1,MATCH($B$3,NORMATIVOS!$C$1:$XFD$1,0))="En proceso")+--(INDEX(NORMATIVOS!$C$131:$XFD$131,1,MATCH($B$3,NORMATIVOS!$C$1:$XFD$1,0))="En proceso")+--(INDEX(NORMATIVOS!$C$132:$XFD$132,1,MATCH($B$3,NORMATIVOS!$C$1:$XFD$1,0))="En proceso")+--(INDEX(NORMATIVOS!$C$133:$XFD$133,1,MATCH($B$3,NORMATIVOS!$C$1:$XFD$1,0))="En proceso")+--(INDEX(NORMATIVOS!$C$134:$XFD$134,1,MATCH($B$3,NORMATIVOS!$C$1:$XFD$1,0))="En proceso")+--(INDEX(NORMATIVOS!$C$135:$XFD$135,1,MATCH($B$3,NORMATIVOS!$C$1:$XFD$1,0))="En proceso")+--(INDEX(NORMATIVOS!$C$136:$XFD$136,1,MATCH($B$3,NORMATIVOS!$C$1:$XFD$1,0))="En proceso")+--(INDEX(NORMATIVOS!$C$137:$XFD$137,1,MATCH($B$3,NORMATIVOS!$C$1:$XFD$1,0))="En proceso")+--(INDEX(NORMATIVOS!$C$138:$XFD$138,1,MATCH($B$3,NORMATIVOS!$C$1:$XFD$1,0))="En proceso")+--(INDEX(NORMATIVOS!$C$139:$XFD$139,1,MATCH($B$3,NORMATIVOS!$C$1:$XFD$1,0))="En proceso")+--(INDEX(NORMATIVOS!$C$140:$XFD$140,1,MATCH($B$3,NORMATIVOS!$C$1:$XFD$1,0))="En proceso")+--(INDEX(NORMATIVOS!$C$141:$XFD$141,1,MATCH($B$3,NORMATIVOS!$C$1:$XFD$1,0))="En proceso")+--(INDEX(NORMATIVOS!$C$142:$XFD$142,1,MATCH($B$3,NORMATIVOS!$C$1:$XFD$1,0))="En proceso") -> 0 | G14: =--(INDEX(NORMATIVOS!$C$123:$XFD$123,1,MATCH($B$3,NORMATIVOS!$C$1:$XFD$1,0))="Proyección")+--(INDEX(NORMATIVOS!$C$124:$XFD$124,1,MATCH($B$3,NORMATIVOS!$C$1:$XFD$1,0))="Proyección")+--(INDEX(NORMATIVOS!$C$125:$XFD$125,1,MATCH($B$3,NORMATIVOS!$C$1:$XFD$1,0))="Proyección")+--(INDEX(NORMATIVOS!$C$126:$XFD$126,1,MATCH($B$3,NORMATIVOS!$C$1:$XFD$1,0))="Proyección")+--(INDEX(NORMATIVOS!$C$127:$XFD$127,1,MATCH($B$3,NORMATIVOS!$C$1:$XFD$1,0))="Proyección")+--(INDEX(NORMATIVOS!$C$128:$XFD$128,1,MATCH($B$3,NORMATIVOS!$C$1:$XFD$1,0))="Proyección")+--(INDEX(NORMATIVOS!$C$129:$XFD$129,1,MATCH($B$3,NORMATIVOS!$C$1:$XFD$1,0))="Proyección")+--(INDEX(NORMATIVOS!$C$130:$XFD$130,1,MATCH($B$3,NORMATIVOS!$C$1:$XFD$1,0))="Proyección")+--(INDEX(NORMATIVOS!$C$131:$XFD$131,1,MATCH($B$3,NORMATIVOS!$C$1:$XFD$1,0))="Proyección")+--(INDEX(NORMATIVOS!$C$132:$XFD$132,1,MATCH($B$3,NORMATIVOS!$C$1:$XFD$1,0))="Proyección")+--(INDEX(NORMATIVOS!$C$133:$XFD$133,1,MATCH($B$3,NORMATIVOS!$C$1:$XFD$1,0))="Proyección")+--(INDEX(NORMATIVOS!$C$134:$XFD$134,1,MATCH($B$3,NORMATIVOS!$C$1:$XFD$1,0))="Proyección")+--(INDEX(NORMATIVOS!$C$135:$XFD$135,1,MATCH($B$3,NORMATIVOS!$C$1:$XFD$1,0))="Proyección")+--(INDEX(NORMATIVOS!$C$136:$XFD$136,1,MATCH($B$3,NORMATIVOS!$C$1:$XFD$1,0))="Proyección")+--(INDEX(NORMATIVOS!$C$137:$XFD$137,1,MATCH($B$3,NORMATIVOS!$C$1:$XFD$1,0))="Proyección")+--(INDEX(NORMATIVOS!$C$138:$XFD$138,1,MATCH($B$3,NORMATIVOS!$C$1:$XFD$1,0))="Proyección")+--(INDEX(NORMATIVOS!$C$139:$XFD$139,1,MATCH($B$3,NORMATIVOS!$C$1:$XFD$1,0))="Proyección")+--(INDEX(NORMATIVOS!$C$140:$XFD$140,1,MATCH($B$3,NORMATIVOS!$C$1:$XFD$1,0))="Proyección")+--(INDEX(NORMATIVOS!$C$141:$XFD$141,1,MATCH($B$3,NORMATIVOS!$C$1:$XFD$1,0))="Proyección")+--(INDEX(NORMATIVOS!$C$142:$XFD$142,1,MATCH($B$3,NORMATIVOS!$C$1:$XFD$1,0))="Proyección") -> 0 | H14: =IFERROR(E14/COUNTA(NORMATIVOS!$B$123:$B$142),0) -> 0.9
D15: ACCIONES SIN TABLA DE SALTO | E15: =--(INDEX(NORMATIVOS!$C$145:$XFD$145,1,MATCH($B$3,NORMATIVOS!$C$1:$XFD$1,0))="Consolidado")+--(INDEX(NORMATIVOS!$C$146:$XFD$146,1,MATCH($B$3,NORMATIVOS!$C$1:$XFD$1,0))="Consolidado")+--(INDEX(NORMATIVOS!$C$147:$XFD$147,1,MATCH($B$3,NORMATIVOS!$C$1:$XFD$1,0))="Consolidado")+--(INDEX(NORMATIVOS!$C$148:$XFD$148,1,MATCH($B$3,NORMATIVOS!$C$1:$XFD$1,0))="Consolidado")+--(INDEX(NORMATIVOS!$C$149:$XFD$149,1,MATCH($B$3,NORMATIVOS!$C$1:$XFD$1,0))="Consolidado")+--(INDEX(NORMATIVOS!$C$150:$XFD$150,1,MATCH($B$3,NORMATIVOS!$C$1:$XFD$1,0))="Consolidado")+--(INDEX(NORMATIVOS!$C$151:$XFD$151,1,MATCH($B$3,NORMATIVOS!$C$1:$XFD$1,0))="Consolidado") -> 7 | F15: =--(INDEX(NORMATIVOS!$C$145:$XFD$145,1,MATCH($B$3,NORMATIVOS!$C$1:$XFD$1,0))="En proceso")+--(INDEX(NORMATIVOS!$C$146:$XFD$146,1,MATCH($B$3,NORMATIVOS!$C$1:$XFD$1,0))="En proceso")+--(INDEX(NORMATIVOS!$C$147:$XFD$147,1,MATCH($B$3,NORMATIVOS!$C$1:$XFD$1,0))="En proceso")+--(INDEX(NORMATIVOS!$C$148:$XFD$148,1,MATCH($B$3,NORMATIVOS!$C$1:$XFD$1,0))="En proceso")+--(INDEX(NORMATIVOS!$C$149:$XFD$149,1,MATCH($B$3,NORMATIVOS!$C$1:$XFD$1,0))="En proceso")+--(INDEX(NORMATIVOS!$C$150:$XFD$150,1,MATCH($B$3,NORMATIVOS!$C$1:$XFD$1,0))="En proceso")+--(INDEX(NORMATIVOS!$C$151:$XFD$151,1,MATCH($B$3,NORMATIVOS!$C$1:$XFD$1,0))="En proceso") -> 0 | G15: =--(INDEX(NORMATIVOS!$C$145:$XFD$145,1,MATCH($B$3,NORMATIVOS!$C$1:$XFD$1,0))="Proyección")+--(INDEX(NORMATIVOS!$C$146:$XFD$146,1,MATCH($B$3,NORMATIVOS!$C$1:$XFD$1,0))="Proyección")+--(INDEX(NORMATIVOS!$C$147:$XFD$147,1,MATCH($B$3,NORMATIVOS!$C$1:$XFD$1,0))="Proyección")+--(INDEX(NORMATIVOS!$C$148:$XFD$148,1,MATCH($B$3,NORMATIVOS!$C$1:$XFD$1,0))="Proyección")+--(INDEX(NORMATIVOS!$C$149:$XFD$149,1,MATCH($B$3,NORMATIVOS!$C$1:$XFD$1,0))="Proyección")+--(INDEX(NORMATIVOS!$C$150:$XFD$150,1,MATCH($B$3,NORMATIVOS!$C$1:$XFD$1,0))="Proyección")+--(INDEX(NORMATIVOS!$C$151:$XFD$151,1,MATCH($B$3,NORMATIVOS!$C$1:$XFD$1,0))="Proyección") -> 0 | H15: =IFERROR(E15/COUNTA(NORMATIVOS!$B$145:$B$151),0) -> 1
D16: SALTOS | E16: =--(INDEX(NORMATIVOS!$C$152:$XFD$152,1,MATCH($B$3,NORMATIVOS!$C$1:$XFD$1,0))="Consolidado")+--(INDEX(NORMATIVOS!$C$153:$XFD$153,1,MATCH($B$3,NORMATIVOS!$C$1:$XFD$1,0))="Consolidado")+--(INDEX(NORMATIVOS!$C$154:$XFD$154,1,MATCH($B$3,NORMATIVOS!$C$1:$XFD$1,0))="Consolidado")+--(INDEX(NORMATIVOS!$C$155:$XFD$155,1,MATCH($B$3,NORMATIVOS!$C$1:$XFD$1,0))="Consolidado")+--(INDEX(NORMATIVOS!$C$156:$XFD$156,1,MATCH($B$3,NORMATIVOS!$C$1:$XFD$1,0))="Consolidado")+--(INDEX(NORMATIVOS!$C$157:$XFD$157,1,MATCH($B$3,NORMATIVOS!$C$1:$XFD$1,0))="Consolidado")+--(INDEX(NORMATIVOS!$C$158:$XFD$158,1,MATCH($B$3,NORMATIVOS!$C$1:$XFD$1,0))="Consolidado")+--(INDEX(NORMATIVOS!$C$159:$XFD$159,1,MATCH($B$3,NORMATIVOS!$C$1:$XFD$1,0))="Consolidado")+--(INDEX(NORMATIVOS!$C$160:$XFD$160,1,MATCH($B$3,NORMATIVOS!$C$1:$XFD$1,0))="Consolidado")+--(INDEX(NORMATIVOS!$C$161:$XFD$161,1,MATCH($B$3,NORMATIVOS!$C$1:$XFD$1,0))="Consolidado")+--(INDEX(NORMATIVOS!$C$162:$XFD$162,1,MATCH($B$3,NORMATIVOS!$C$1:$XFD$1,0))="Consolidado")+--(INDEX(NORMATIVOS!$C$163:$XFD$163,1,MATCH($B$3,NORMATIVOS!$C$1:$XFD$1,0))="Consolidado")+--(INDEX(NORMATIVOS!$C$164:$XFD$164,1,MATCH($B$3,NORMATIVOS!$C$1:$XFD$1,0))="Consolidado")+--(INDEX(NORMATIVOS!$C$165:$XFD$165,1,MATCH($B$3,NORMATIVOS!$C$1:$XFD$1,0))="Consolidado")+--(INDEX(NORMATIVOS!$C$166:$XFD$166,1,MATCH($B$3,NORMATIVOS!$C$1:$XFD$1,0))="Consolidado")+--(INDEX(NORMATIVOS!$C$167:$XFD$167,1,MATCH($B$3,NORMATIVOS!$C$1:$XFD$1,0))="Consolidado")+--(INDEX(NORMATIVOS!$C$168:$XFD$168,1,MATCH($B$3,NORMATIVOS!$C$1:$XFD$1,0))="Consolidado")+--(INDEX(NORMATIVOS!$C$169:$XFD$169,1,MATCH($B$3,NORMATIVOS!$C$1:$XFD$1,0))="Consolidado")+--(INDEX(NORMATIVOS!$C$170:$XFD$170,1,MATCH($B$3,NORMATIVOS!$C$1:$XFD$1,0))="Consolidado")+--(INDEX(NORMATIVOS!$C$171:$XFD$171,1,MATCH($B$3,NORMATIVOS!$C$1:$XFD$1,0))="Consolidado")+--(INDEX(NORMATIVOS!$C$172:$XFD$172,1,MATCH($B$3,NORMATIVOS!$C$1:$XFD$1,0))="Consolidado")+--(INDEX(NORMATIVOS!$C$173:$XFD$173,1,MATCH($B$3,NORMATIVOS!$C$1:$XFD$1,0))="Consolidado") -> 14 | F16: =--(INDEX(NORMATIVOS!$C$152:$XFD$152,1,MATCH($B$3,NORMATIVOS!$C$1:$XFD$1,0))="En proceso")+--(INDEX(NORMATIVOS!$C$153:$XFD$153,1,MATCH($B$3,NORMATIVOS!$C$1:$XFD$1,0))="En proceso")+--(INDEX(NORMATIVOS!$C$154:$XFD$154,1,MATCH($B$3,NORMATIVOS!$C$1:$XFD$1,0))="En proceso")+--(INDEX(NORMATIVOS!$C$155:$XFD$155,1,MATCH($B$3,NORMATIVOS!$C$1:$XFD$1,0))="En proceso")+--(INDEX(NORMATIVOS!$C$156:$XFD$156,1,MATCH($B$3,NORMATIVOS!$C$1:$XFD$1,0))="En proceso")+--(INDEX(NORMATIVOS!$C$157:$XFD$157,1,MATCH($B$3,NORMATIVOS!$C$1:$XFD$1,0))="En proceso")+--(INDEX(NORMATIVOS!$C$158:$XFD$158,1,MATCH($B$3,NORMATIVOS!$C$1:$XFD$1,0))="En proceso")+--(INDEX(NORMATIVOS!$C$159:$XFD$159,1,MATCH($B$3,NORMATIVOS!$C$1:$XFD$1,0))="En proceso")+--(INDEX(NORMATIVOS!$C$160:$XFD$160,1,MATCH($B$3,NORMATIVOS!$C$1:$XFD$1,0))="En proceso")+--(INDEX(NORMATIVOS!$C$161:$XFD$161,1,MATCH($B$3,NORMATIVOS!$C$1:$XFD$1,0))="En proceso")+--(INDEX(NORMATIVOS!$C$162:$XFD$162,1,MATCH($B$3,NORMATIVOS!$C$1:$XFD$1,0))="En proceso")+--(INDEX(NORMATIVOS!$C$163:$XFD$163,1,MATCH($B$3,NORMATIVOS!$C$1:$XFD$1,0))="En proceso")+--(INDEX(NORMATIVOS!$C$164:$XFD$164,1,MATCH($B$3,NORMATIVOS!$C$1:$XFD$1,0))="En proceso")+--(INDEX(NORMATIVOS!$C$165:$XFD$165,1,MATCH($B$3,NORMATIVOS!$C$1:$XFD$1,0))="En proceso")+--(INDEX(NORMATIVOS!$C$166:$XFD$166,1,MATCH($B$3,NORMATIVOS!$C$1:$XFD$1,0))="En proceso")+--(INDEX(NORMATIVOS!$C$167:$XFD$167,1,MATCH($B$3,NORMATIVOS!$C$1:$XFD$1,0))="En proceso")+--(INDEX(NORMATIVOS!$C$168:$XFD$168,1,MATCH($B$3,NORMATIVOS!$C$1:$XFD$1,0))="En proceso")+--(INDEX(NORMATIVOS!$C$169:$XFD$169,1,MATCH($B$3,NORMATIVOS!$C$1:$XFD$1,0))="En proceso")+--(INDEX(NORMATIVOS!$C$170:$XFD$170,1,MATCH($B$3,NORMATIVOS!$C$1:$XFD$1,0))="En proceso")+--(INDEX(NORMATIVOS!$C$171:$XFD$171,1,MATCH($B$3,NORMATIVOS!$C$1:$XFD$1,0))="En proceso")+--(INDEX(NORMATIVOS!$C$172:$XFD$172,1,MATCH($B$3,NORMATIVOS!$C$1:$XFD$1,0))="En proceso")+--(INDEX(NORMATIVOS!$C$173:$XFD$173,1,MATCH($B$3,NORMATIVOS!$C$1:$XFD$1,0))="En proceso") -> 1 | G16: =--(INDEX(NORMATIVOS!$C$152:$XFD$152,1,MATCH($B$3,NORMATIVOS!$C$1:$XFD$1,0))="Proyección")+--(INDEX(NORMATIVOS!$C$153:$XFD$153,1,MATCH($B$3,NORMATIVOS!$C$1:$XFD$1,0))="Proyección")+--(INDEX(NORMATIVOS!$C$154:$XFD$154,1,MATCH($B$3,NORMATIVOS!$C$1:$XFD$1,0))="Proyección")+--(INDEX(NORMATIVOS!$C$155:$XFD$155,1,MATCH($B$3,NORMATIVOS!$C$1:$XFD$1,0))="Proyección")+--(INDEX(NORMATIVOS!$C$156:$XFD$156,1,MATCH($B$3,NORMATIVOS!$C$1:$XFD$1,0))="Proyección")+--(INDEX(NORMATIVOS!$C$157:$XFD$157,1,MATCH($B$3,NORMATIVOS!$C$1:$XFD$1,0))="Proyección")+--(INDEX(NORMATIVOS!$C$158:$XFD$158,1,MATCH($B$3,NORMATIVOS!$C$1:$XFD$1,0))="Proyección")+--(INDEX(NORMATIVOS!$C$159:$XFD$159,1,MATCH($B$3,NORMATIVOS!$C$1:$XFD$1,0))="Proyección")+--(INDEX(NORMATIVOS!$C$160:$XFD$160,1,MATCH($B$3,NORMATIVOS!$C$1:$XFD$1,0))="Proyección")+--(INDEX(NORMATIVOS!$C$161:$XFD$161,1,MATCH($B$3,NORMATIVOS!$C$1:$XFD$1,0))="Proyección")+--(INDEX(NORMATIVOS!$C$162:$XFD$162,1,MATCH($B$3,NORMATIVOS!$C$1:$XFD$1,0))="Proyección")+--(INDEX(NORMATIVOS!$C$163:$XFD$163,1,MATCH($B$3,NORMATIVOS!$C$1:$XFD$1,0))="Proyección")+--(INDEX(NORMATIVOS!$C$164:$XFD$164,1,MATCH($B$3,NORMATIVOS!$C$1:$XFD$1,0))="Proyección")+--(INDEX(NORMATIVOS!$C$165:$XFD$165,1,MATCH($B$3,NORMATIVOS!$C$1:$XFD$1,0))="Proyección")+--(INDEX(NORMATIVOS!$C$166:$XFD$166,1,MATCH($B$3,NORMATIVOS!$C$1:$XFD$1,0))="Proyección")+--(INDEX(NORMATIVOS!$C$167:$XFD$167,1,MATCH($B$3,NORMATIVOS!$C$1:$XFD$1,0))="Proyección")+--(INDEX(NORMATIVOS!$C$168:$XFD$168,1,MATCH($B$3,NORMATIVOS!$C$1:$XFD$1,0))="Proyección")+--(INDEX(NORMATIVOS!$C$169:$XFD$169,1,MATCH($B$3,NORMATIVOS!$C$1:$XFD$1,0))="Proyección")+--(INDEX(NORMATIVOS!$C$170:$XFD$170,1,MATCH($B$3,NORMATIVOS!$C$1:$XFD$1,0))="Proyección")+--(INDEX(NORMATIVOS!$C$171:$XFD$171,1,MATCH($B$3,NORMATIVOS!$C$1:$XFD$1,0))="Proyección")+--(INDEX(NORMATIVOS!$C$172:$XFD$172,1,MATCH($B$3,NORMATIVOS!$C$1:$XFD$1,0))="Proyección")+--(INDEX(NORMATIVOS!$C$173:$XFD$173,1,MATCH($B$3,NORMATIVOS!$C$1:$XFD$1,0))="Proyección") -> 6 | H16: =IFERROR(E16/COUNTA(NORMATIVOS!$B$152:$B$173),0) -> 0.63636364
D17: ELEMENTOS EN SUSPENSION | E17: =--(INDEX(NORMATIVOS!$C$176:$XFD$176,1,MATCH($B$3,NORMATIVOS!$C$1:$XFD$1,0))="Consolidado")+--(INDEX(NORMATIVOS!$C$177:$XFD$177,1,MATCH($B$3,NORMATIVOS!$C$1:$XFD$1,0))="Consolidado")+--(INDEX(NORMATIVOS!$C$178:$XFD$178,1,MATCH($B$3,NORMATIVOS!$C$1:$XFD$1,0))="Consolidado")+--(INDEX(NORMATIVOS!$C$179:$XFD$179,1,MATCH($B$3,NORMATIVOS!$C$1:$XFD$1,0))="Consolidado")+--(INDEX(NORMATIVOS!$C$180:$XFD$180,1,MATCH($B$3,NORMATIVOS!$C$1:$XFD$1,0))="Consolidado")+--(INDEX(NORMATIVOS!$C$181:$XFD$181,1,MATCH($B$3,NORMATIVOS!$C$1:$XFD$1,0))="Consolidado")+--(INDEX(NORMATIVOS!$C$182:$XFD$182,1,MATCH($B$3,NORMATIVOS!$C$1:$XFD$1,0))="Consolidado")+--(INDEX(NORMATIVOS!$C$183:$XFD$183,1,MATCH($B$3,NORMATIVOS!$C$1:$XFD$1,0))="Consolidado")+--(INDEX(NORMATIVOS!$C$184:$XFD$184,1,MATCH($B$3,NORMATIVOS!$C$1:$XFD$1,0))="Consolidado")+--(INDEX(NORMATIVOS!$C$185:$XFD$185,1,MATCH($B$3,NORMATIVOS!$C$1:$XFD$1,0))="Consolidado")+--(INDEX(NORMATIVOS!$C$186:$XFD$186,1,MATCH($B$3,NORMATIVOS!$C$1:$XFD$1,0))="Consolidado")+--(INDEX(NORMATIVOS!$C$187:$XFD$187,1,MATCH($B$3,NORMATIVOS!$C$1:$XFD$1,0))="Consolidado")+--(INDEX(NORMATIVOS!$C$188:$XFD$188,1,MATCH($B$3,NORMATIVOS!$C$1:$XFD$1,0))="Consolidado")+--(INDEX(NORMATIVOS!$C$189:$XFD$189,1,MATCH($B$3,NORMATIVOS!$C$1:$XFD$1,0))="Consolidado")+--(INDEX(NORMATIVOS!$C$190:$XFD$190,1,MATCH($B$3,NORMATIVOS!$C$1:$XFD$1,0))="Consolidado")+--(INDEX(NORMATIVOS!$C$191:$XFD$191,1,MATCH($B$3,NORMATIVOS!$C$1:$XFD$1,0))="Consolidado")+--(INDEX(NORMATIVOS!$C$192:$XFD$192,1,MATCH($B$3,NORMATIVOS!$C$1:$XFD$1,0))="Consolidado")+--(INDEX(NORMATIVOS!$C$193:$XFD$193,1,MATCH($B$3,NORMATIVOS!$C$1:$XFD$1,0))="Consolidado") -> 17 | F17: =--(INDEX(NORMATIVOS!$C$176:$XFD$176,1,MATCH($B$3,NORMATIVOS!$C$1:$XFD$1,0))="En proceso")+--(INDEX(NORMATIVOS!$C$177:$XFD$177,1,MATCH($B$3,NORMATIVOS!$C$1:$XFD$1,0))="En proceso")+--(INDEX(NORMATIVOS!$C$178:$XFD$178,1,MATCH($B$3,NORMATIVOS!$C$1:$XFD$1,0))="En proceso")+--(INDEX(NORMATIVOS!$C$179:$XFD$179,1,MATCH($B$3,NORMATIVOS!$C$1:$XFD$1,0))="En proceso")+--(INDEX(NORMATIVOS!$C$180:$XFD$180,1,MATCH($B$3,NORMATIVOS!$C$1:$XFD$1,0))="En proceso")+--(INDEX(NORMATIVOS!$C$181:$XFD$181,1,MATCH($B$3,NORMATIVOS!$C$1:$XFD$1,0))="En proceso")+--(INDEX(NORMATIVOS!$C$182:$XFD$182,1,MATCH($B$3,NORMATIVOS!$C$1:$XFD$1,0))="En proceso")+--(INDEX(NORMATIVOS!$C$183:$XFD$183,1,MATCH($B$3,NORMATIVOS!$C$1:$XFD$1,0))="En proceso")+--(INDEX(NORMATIVOS!$C$184:$XFD$184,1,MATCH($B$3,NORMATIVOS!$C$1:$XFD$1,0))="En proceso")+--(INDEX(NORMATIVOS!$C$185:$XFD$185,1,MATCH($B$3,NORMATIVOS!$C$1:$XFD$1,0))="En proceso")+--(INDEX(NORMATIVOS!$C$186:$XFD$186,1,MATCH($B$3,NORMATIVOS!$C$1:$XFD$1,0))="En proceso")+--(INDEX(NORMATIVOS!$C$187:$XFD$187,1,MATCH($B$3,NORMATIVOS!$C$1:$XFD$1,0))="En proceso")+--(INDEX(NORMATIVOS!$C$188:$XFD$188,1,MATCH($B$3,NORMATIVOS!$C$1:$XFD$1,0))="En proceso")+--(INDEX(NORMATIVOS!$C$189:$XFD$189,1,MATCH($B$3,NORMATIVOS!$C$1:$XFD$1,0))="En proceso")+--(INDEX(NORMATIVOS!$C$190:$XFD$190,1,MATCH($B$3,NORMATIVOS!$C$1:$XFD$1,0))="En proceso")+--(INDEX(NORMATIVOS!$C$191:$XFD$191,1,MATCH($B$3,NORMATIVOS!$C$1:$XFD$1,0))="En proceso")+--(INDEX(NORMATIVOS!$C$192:$XFD$192,1,MATCH($B$3,NORMATIVOS!$C$1:$XFD$1,0))="En proceso")+--(INDEX(NORMATIVOS!$C$193:$XFD$193,1,MATCH($B$3,NORMATIVOS!$C$1:$XFD$1,0))="En proceso") -> 1 | G17: =--(INDEX(NORMATIVOS!$C$176:$XFD$176,1,MATCH($B$3,NORMATIVOS!$C$1:$XFD$1,0))="Proyección")+--(INDEX(NORMATIVOS!$C$177:$XFD$177,1,MATCH($B$3,NORMATIVOS!$C$1:$XFD$1,0))="Proyección")+--(INDEX(NORMATIVOS!$C$178:$XFD$178,1,MATCH($B$3,NORMATIVOS!$C$1:$XFD$1,0))="Proyección")+--(INDEX(NORMATIVOS!$C$179:$XFD$179,1,MATCH($B$3,NORMATIVOS!$C$1:$XFD$1,0))="Proyección")+--(INDEX(NORMATIVOS!$C$180:$XFD$180,1,MATCH($B$3,NORMATIVOS!$C$1:$XFD$1,0))="Proyección")+--(INDEX(NORMATIVOS!$C$181:$XFD$181,1,MATCH($B$3,NORMATIVOS!$C$1:$XFD$1,0))="Proyección")+--(INDEX(NORMATIVOS!$C$182:$XFD$182,1,MATCH($B$3,NORMATIVOS!$C$1:$XFD$1,0))="Proyección")+--(INDEX(NORMATIVOS!$C$183:$XFD$183,1,MATCH($B$3,NORMATIVOS!$C$1:$XFD$1,0))="Proyección")+--(INDEX(NORMATIVOS!$C$184:$XFD$184,1,MATCH($B$3,NORMATIVOS!$C$1:$XFD$1,0))="Proyección")+--(INDEX(NORMATIVOS!$C$185:$XFD$185,1,MATCH($B$3,NORMATIVOS!$C$1:$XFD$1,0))="Proyección")+--(INDEX(NORMATIVOS!$C$186:$XFD$186,1,MATCH($B$3,NORMATIVOS!$C$1:$XFD$1,0))="Proyección")+--(INDEX(NORMATIVOS!$C$187:$XFD$187,1,MATCH($B$3,NORMATIVOS!$C$1:$XFD$1,0))="Proyección")+--(INDEX(NORMATIVOS!$C$188:$XFD$188,1,MATCH($B$3,NORMATIVOS!$C$1:$XFD$1,0))="Proyección")+--(INDEX(NORMATIVOS!$C$189:$XFD$189,1,MATCH($B$3,NORMATIVOS!$C$1:$XFD$1,0))="Proyección")+--(INDEX(NORMATIVOS!$C$190:$XFD$190,1,MATCH($B$3,NORMATIVOS!$C$1:$XFD$1,0))="Proyección")+--(INDEX(NORMATIVOS!$C$191:$XFD$191,1,MATCH($B$3,NORMATIVOS!$C$1:$XFD$1,0))="Proyección")+--(INDEX(NORMATIVOS!$C$192:$XFD$192,1,MATCH($B$3,NORMATIVOS!$C$1:$XFD$1,0))="Proyección")+--(INDEX(NORMATIVOS!$C$193:$XFD$193,1,MATCH($B$3,NORMATIVOS!$C$1:$XFD$1,0))="Proyección") -> 0 | H17: =IFERROR(E17/COUNTA(NORMATIVOS!$B$176:$B$193),0) -> 0.94444444
D18: ELEMENTOS EN APOYO | E18: =--(INDEX(NORMATIVOS!$C$194:$XFD$194,1,MATCH($B$3,NORMATIVOS!$C$1:$XFD$1,0))="Consolidado")+--(INDEX(NORMATIVOS!$C$195:$XFD$195,1,MATCH($B$3,NORMATIVOS!$C$1:$XFD$1,0))="Consolidado")+--(INDEX(NORMATIVOS!$C$196:$XFD$196,1,MATCH($B$3,NORMATIVOS!$C$1:$XFD$1,0))="Consolidado")+--(INDEX(NORMATIVOS!$C$197:$XFD$197,1,MATCH($B$3,NORMATIVOS!$C$1:$XFD$1,0))="Consolidado")+--(INDEX(NORMATIVOS!$C$198:$XFD$198,1,MATCH($B$3,NORMATIVOS!$C$1:$XFD$1,0))="Consolidado")+--(INDEX(NORMATIVOS!$C$199:$XFD$199,1,MATCH($B$3,NORMATIVOS!$C$1:$XFD$1,0))="Consolidado")+--(INDEX(NORMATIVOS!$C$200:$XFD$200,1,MATCH($B$3,NORMATIVOS!$C$1:$XFD$1,0))="Consolidado")+--(INDEX(NORMATIVOS!$C$201:$XFD$201,1,MATCH($B$3,NORMATIVOS!$C$1:$XFD$1,0))="Consolidado")+--(INDEX(NORMATIVOS!$C$202:$XFD$202,1,MATCH($B$3,NORMATIVOS!$C$1:$XFD$1,0))="Consolidado")+--(INDEX(NORMATIVOS!$C$203:$XFD$203,1,MATCH($B$3,NORMATIVOS!$C$1:$XFD$1,0))="Consolidado")+--(INDEX(NORMATIVOS!$C$204:$XFD$204,1,MATCH($B$3,NORMATIVOS!$C$1:$XFD$1,0))="Consolidado")+--(INDEX(NORMATIVOS!$C$205:$XFD$205,1,MATCH($B$3,NORMATIVOS!$C$1:$XFD$1,0))="Consolidado")+--(INDEX(NORMATIVOS!$C$206:$XFD$206,1,MATCH($B$3,NORMATIVOS!$C$1:$XFD$1,0))="Consolidado")+--(INDEX(NORMATIVOS!$C$207:$XFD$207,1,MATCH($B$3,NORMATIVOS!$C$1:$XFD$1,0))="Consolidado")+--(INDEX(NORMATIVOS!$C$208:$XFD$208,1,MATCH($B$3,NORMATIVOS!$C$1:$XFD$1,0))="Consolidado")+--(INDEX(NORMATIVOS!$C$209:$XFD$209,1,MATCH($B$3,NORMATIVOS!$C$1:$XFD$1,0))="Consolidado")+--(INDEX(NORMATIVOS!$C$210:$XFD$210,1,MATCH($B$3,NORMATIVOS!$C$1:$XFD$1,0))="Consolidado")+--(INDEX(NORMATIVOS!$C$211:$XFD$211,1,MATCH($B$3,NORMATIVOS!$C$1:$XFD$1,0))="Consolidado")+--(INDEX(NORMATIVOS!$C$212:$XFD$212,1,MATCH($B$3,NORMATIVOS!$C$1:$XFD$1,0))="Consolidado")+--(INDEX(NORMATIVOS!$C$213:$XFD$213,1,MATCH($B$3,NORMATIVOS!$C$1:$XFD$1,0))="Consolidado")+--(INDEX(NORMATIVOS!$C$214:$XFD$214,1,MATCH($B$3,NORMATIVOS!$C$1:$XFD$1,0))="Consolidado")+--(INDEX(NORMATIVOS!$C$215:$XFD$215,1,MATCH($B$3,NORMATIVOS!$C$1:$XFD$1,0))="Consolidado")+--(INDEX(NORMATIVOS!$C$216:$XFD$216,1,MATCH($B$3,NORMATIVOS!$C$1:$XFD$1,0))="Consolidado")+--(INDEX(NORMATIVOS!$C$217:$XFD$217,1,MATCH($B$3,NORMATIVOS!$C$1:$XFD$1,0))="Consolidado")+--(INDEX(NORMATIVOS!$C$218:$XFD$218,1,MATCH($B$3,NORMATIVOS!$C$1:$XFD$1,0))="Consolidado") -> 19 | F18: =--(INDEX(NORMATIVOS!$C$194:$XFD$194,1,MATCH($B$3,NORMATIVOS!$C$1:$XFD$1,0))="En proceso")+--(INDEX(NORMATIVOS!$C$195:$XFD$195,1,MATCH($B$3,NORMATIVOS!$C$1:$XFD$1,0))="En proceso")+--(INDEX(NORMATIVOS!$C$196:$XFD$196,1,MATCH($B$3,NORMATIVOS!$C$1:$XFD$1,0))="En proceso")+--(INDEX(NORMATIVOS!$C$197:$XFD$197,1,MATCH($B$3,NORMATIVOS!$C$1:$XFD$1,0))="En proceso")+--(INDEX(NORMATIVOS!$C$198:$XFD$198,1,MATCH($B$3,NORMATIVOS!$C$1:$XFD$1,0))="En proceso")+--(INDEX(NORMATIVOS!$C$199:$XFD$199,1,MATCH($B$3,NORMATIVOS!$C$1:$XFD$1,0))="En proceso")+--(INDEX(NORMATIVOS!$C$200:$XFD$200,1,MATCH($B$3,NORMATIVOS!$C$1:$XFD$1,0))="En proceso")+--(INDEX(NORMATIVOS!$C$201:$XFD$201,1,MATCH($B$3,NORMATIVOS!$C$1:$XFD$1,0))="En proceso")+--(INDEX(NORMATIVOS!$C$202:$XFD$202,1,MATCH($B$3,NORMATIVOS!$C$1:$XFD$1,0))="En proceso")+--(INDEX(NORMATIVOS!$C$203:$XFD$203,1,MATCH($B$3,NORMATIVOS!$C$1:$XFD$1,0))="En proceso")+--(INDEX(NORMATIVOS!$C$204:$XFD$204,1,MATCH($B$3,NORMATIVOS!$C$1:$XFD$1,0))="En proceso")+--(INDEX(NORMATIVOS!$C$205:$XFD$205,1,MATCH($B$3,NORMATIVOS!$C$1:$XFD$1,0))="En proceso")+--(INDEX(NORMATIVOS!$C$206:$XFD$206,1,MATCH($B$3,NORMATIVOS!$C$1:$XFD$1,0))="En proceso")+--(INDEX(NORMATIVOS!$C$207:$XFD$207,1,MATCH($B$3,NORMATIVOS!$C$1:$XFD$1,0))="En proceso")+--(INDEX(NORMATIVOS!$C$208:$XFD$208,1,MATCH($B$3,NORMATIVOS!$C$1:$XFD$1,0))="En proceso")+--(INDEX(NORMATIVOS!$C$209:$XFD$209,1,MATCH($B$3,NORMATIVOS!$C$1:$XFD$1,0))="En proceso")+--(INDEX(NORMATIVOS!$C$210:$XFD$210,1,MATCH($B$3,NORMATIVOS!$C$1:$XFD$1,0))="En proceso")+--(INDEX(NORMATIVOS!$C$211:$XFD$211,1,MATCH($B$3,NORMATIVOS!$C$1:$XFD$1,0))="En proceso")+--(INDEX(NORMATIVOS!$C$212:$XFD$212,1,MATCH($B$3,NORMATIVOS!$C$1:$XFD$1,0))="En proceso")+--(INDEX(NORMATIVOS!$C$213:$XFD$213,1,MATCH($B$3,NORMATIVOS!$C$1:$XFD$1,0))="En proceso")+--(INDEX(NORMATIVOS!$C$214:$XFD$214,1,MATCH($B$3,NORMATIVOS!$C$1:$XFD$1,0))="En proceso")+--(INDEX(NORMATIVOS!$C$215:$XFD$215,1,MATCH($B$3,NORMATIVOS!$C$1:$XFD$1,0))="En proceso")+--(INDEX(NORMATIVOS!$C$216:$XFD$216,1,MATCH($B$3,NORMATIVOS!$C$1:$XFD$1,0))="En proceso")+--(INDEX(NORMATIVOS!$C$217:$XFD$217,1,MATCH($B$3,NORMATIVOS!$C$1:$XFD$1,0))="En proceso")+--(INDEX(NORMATIVOS!$C$218:$XFD$218,1,MATCH($B$3,NORMATIVOS!$C$1:$XFD$1,0))="En proceso") -> 3 | G18: =--(INDEX(NORMATIVOS!$C$194:$XFD$194,1,MATCH($B$3,NORMATIVOS!$C$1:$XFD$1,0))="Proyección")+--(INDEX(NORMATIVOS!$C$195:$XFD$195,1,MATCH($B$3,NORMATIVOS!$C$1:$XFD$1,0))="Proyección")+--(INDEX(NORMATIVOS!$C$196:$XFD$196,1,MATCH($B$3,NORMATIVOS!$C$1:$XFD$1,0))="Proyección")+--(INDEX(NORMATIVOS!$C$197:$XFD$197,1,MATCH($B$3,NORMATIVOS!$C$1:$XFD$1,0))="Proyección")+--(INDEX(NORMATIVOS!$C$198:$XFD$198,1,MATCH($B$3,NORMATIVOS!$C$1:$XFD$1,0))="Proyección")+--(INDEX(NORMATIVOS!$C$199:$XFD$199,1,MATCH($B$3,NORMATIVOS!$C$1:$XFD$1,0))="Proyección")+--(INDEX(NORMATIVOS!$C$200:$XFD$200,1,MATCH($B$3,NORMATIVOS!$C$1:$XFD$1,0))="Proyección")+--(INDEX(NORMATIVOS!$C$201:$XFD$201,1,MATCH($B$3,NORMATIVOS!$C$1:$XFD$1,0))="Proyección")+--(INDEX(NORMATIVOS!$C$202:$XFD$202,1,MATCH($B$3,NORMATIVOS!$C$1:$XFD$1,0))="Proyección")+--(INDEX(NORMATIVOS!$C$203:$XFD$203,1,MATCH($B$3,NORMATIVOS!$C$1:$XFD$1,0))="Proyección")+--(INDEX(NORMATIVOS!$C$204:$XFD$204,1,MATCH($B$3,NORMATIVOS!$C$1:$XFD$1,0))="Proyección")+--(INDEX(NORMATIVOS!$C$205:$XFD$205,1,MATCH($B$3,NORMATIVOS!$C$1:$XFD$1,0))="Proyección")+--(INDEX(NORMATIVOS!$C$206:$XFD$206,1,MATCH($B$3,NORMATIVOS!$C$1:$XFD$1,0))="Proyección")+--(INDEX(NORMATIVOS!$C$207:$XFD$207,1,MATCH($B$3,NORMATIVOS!$C$1:$XFD$1,0))="Proyección")+--(INDEX(NORMATIVOS!$C$208:$XFD$208,1,MATCH($B$3,NORMATIVOS!$C$1:$XFD$1,0))="Proyección")+--(INDEX(NORMATIVOS!$C$209:$XFD$209,1,MATCH($B$3,NORMATIVOS!$C$1:$XFD$1,0))="Proyección")+--(INDEX(NORMATIVOS!$C$210:$XFD$210,1,MATCH($B$3,NORMATIVOS!$C$1:$XFD$1,0))="Proyección")+--(INDEX(NORMATIVOS!$C$211:$XFD$211,1,MATCH($B$3,NORMATIVOS!$C$1:$XFD$1,0))="Proyección")+--(INDEX(NORMATIVOS!$C$212:$XFD$212,1,MATCH($B$3,NORMATIVOS!$C$1:$XFD$1,0))="Proyección")+--(INDEX(NORMATIVOS!$C$213:$XFD$213,1,MATCH($B$3,NORMATIVOS!$C$1:$XFD$1,0))="Proyección")+--(INDEX(NORMATIVOS!$C$214:$XFD$214,1,MATCH($B$3,NORMATIVOS!$C$1:$XFD$1,0))="Proyección")+--(INDEX(NORMATIVOS!$C$215:$XFD$215,1,MATCH($B$3,NORMATIVOS!$C$1:$XFD$1,0))="Proyección")+--(INDEX(NORMATIVOS!$C$216:$XFD$216,1,MATCH($B$3,NORMATIVOS!$C$1:$XFD$1,0))="Proyección")+--(INDEX(NORMATIVOS!$C$217:$XFD$217,1,MATCH($B$3,NORMATIVOS!$C$1:$XFD$1,0))="Proyección")+--(INDEX(NORMATIVOS!$C$218:$XFD$218,1,MATCH($B$3,NORMATIVOS!$C$1:$XFD$1,0))="Proyección") -> 2 | H18: =IFERROR(E18/COUNTA(NORMATIVOS!$B$194:$B$218),0) -> 0.76
D19: ELEMENTOS EN APOYO BRAQUIAL | E19: =--(INDEX(NORMATIVOS!$C$219:$XFD$219,1,MATCH($B$3,NORMATIVOS!$C$1:$XFD$1,0))="Consolidado")+--(INDEX(NORMATIVOS!$C$220:$XFD$220,1,MATCH($B$3,NORMATIVOS!$C$1:$XFD$1,0))="Consolidado")+--(INDEX(NORMATIVOS!$C$221:$XFD$221,1,MATCH($B$3,NORMATIVOS!$C$1:$XFD$1,0))="Consolidado")+--(INDEX(NORMATIVOS!$C$222:$XFD$222,1,MATCH($B$3,NORMATIVOS!$C$1:$XFD$1,0))="Consolidado")+--(INDEX(NORMATIVOS!$C$223:$XFD$223,1,MATCH($B$3,NORMATIVOS!$C$1:$XFD$1,0))="Consolidado")+--(INDEX(NORMATIVOS!$C$224:$XFD$224,1,MATCH($B$3,NORMATIVOS!$C$1:$XFD$1,0))="Consolidado")+--(INDEX(NORMATIVOS!$C$225:$XFD$225,1,MATCH($B$3,NORMATIVOS!$C$1:$XFD$1,0))="Consolidado")+--(INDEX(NORMATIVOS!$C$226:$XFD$226,1,MATCH($B$3,NORMATIVOS!$C$1:$XFD$1,0))="Consolidado")+--(INDEX(NORMATIVOS!$C$227:$XFD$227,1,MATCH($B$3,NORMATIVOS!$C$1:$XFD$1,0))="Consolidado")+--(INDEX(NORMATIVOS!$C$228:$XFD$228,1,MATCH($B$3,NORMATIVOS!$C$1:$XFD$1,0))="Consolidado")+--(INDEX(NORMATIVOS!$C$229:$XFD$229,1,MATCH($B$3,NORMATIVOS!$C$1:$XFD$1,0))="Consolidado")+--(INDEX(NORMATIVOS!$C$230:$XFD$230,1,MATCH($B$3,NORMATIVOS!$C$1:$XFD$1,0))="Consolidado")+--(INDEX(NORMATIVOS!$C$231:$XFD$231,1,MATCH($B$3,NORMATIVOS!$C$1:$XFD$1,0))="Consolidado") -> 7 | F19: =--(INDEX(NORMATIVOS!$C$219:$XFD$219,1,MATCH($B$3,NORMATIVOS!$C$1:$XFD$1,0))="En proceso")+--(INDEX(NORMATIVOS!$C$220:$XFD$220,1,MATCH($B$3,NORMATIVOS!$C$1:$XFD$1,0))="En proceso")+--(INDEX(NORMATIVOS!$C$221:$XFD$221,1,MATCH($B$3,NORMATIVOS!$C$1:$XFD$1,0))="En proceso")+--(INDEX(NORMATIVOS!$C$222:$XFD$222,1,MATCH($B$3,NORMATIVOS!$C$1:$XFD$1,0))="En proceso")+--(INDEX(NORMATIVOS!$C$223:$XFD$223,1,MATCH($B$3,NORMATIVOS!$C$1:$XFD$1,0))="En proceso")+--(INDEX(NORMATIVOS!$C$224:$XFD$224,1,MATCH($B$3,NORMATIVOS!$C$1:$XFD$1,0))="En proceso")+--(INDEX(NORMATIVOS!$C$225:$XFD$225,1,MATCH($B$3,NORMATIVOS!$C$1:$XFD$1,0))="En proceso")+--(INDEX(NORMATIVOS!$C$226:$XFD$226,1,MATCH($B$3,NORMATIVOS!$C$1:$XFD$1,0))="En proceso")+--(INDEX(NORMATIVOS!$C$227:$XFD$227,1,MATCH($B$3,NORMATIVOS!$C$1:$XFD$1,0))="En proceso")+--(INDEX(NORMATIVOS!$C$228:$XFD$228,1,MATCH($B$3,NORMATIVOS!$C$1:$XFD$1,0))="En proceso")+--(INDEX(NORMATIVOS!$C$229:$XFD$229,1,MATCH($B$3,NORMATIVOS!$C$1:$XFD$1,0))="En proceso")+--(INDEX(NORMATIVOS!$C$230:$XFD$230,1,MATCH($B$3,NORMATIVOS!$C$1:$XFD$1,0))="En proceso")+--(INDEX(NORMATIVOS!$C$231:$XFD$231,1,MATCH($B$3,NORMATIVOS!$C$1:$XFD$1,0))="En proceso") -> 1 | G19: =--(INDEX(NORMATIVOS!$C$219:$XFD$219,1,MATCH($B$3,NORMATIVOS!$C$1:$XFD$1,0))="Proyección")+--(INDEX(NORMATIVOS!$C$220:$XFD$220,1,MATCH($B$3,NORMATIVOS!$C$1:$XFD$1,0))="Proyección")+--(INDEX(NORMATIVOS!$C$221:$XFD$221,1,MATCH($B$3,NORMATIVOS!$C$1:$XFD$1,0))="Proyección")+--(INDEX(NORMATIVOS!$C$222:$XFD$222,1,MATCH($B$3,NORMATIVOS!$C$1:$XFD$1,0))="Proyección")+--(INDEX(NORMATIVOS!$C$223:$XFD$223,1,MATCH($B$3,NORMATIVOS!$C$1:$XFD$1,0))="Proyección")+--(INDEX(NORMATIVOS!$C$224:$XFD$224,1,MATCH($B$3,NORMATIVOS!$C$1:$XFD$1,0))="Proyección")+--(INDEX(NORMATIVOS!$C$225:$XFD$225,1,MATCH($B$3,NORMATIVOS!$C$1:$XFD$1,0))="Proyección")+--(INDEX(NORMATIVOS!$C$226:$XFD$226,1,MATCH($B$3,NORMATIVOS!$C$1:$XFD$1,0))="Proyección")+--(INDEX(NORMATIVOS!$C$227:$XFD$227,1,MATCH($B$3,NORMATIVOS!$C$1:$XFD$1,0))="Proyección")+--(INDEX(NORMATIVOS!$C$228:$XFD$228,1,MATCH($B$3,NORMATIVOS!$C$1:$XFD$1,0))="Proyección")+--(INDEX(NORMATIVOS!$C$229:$XFD$229,1,MATCH($B$3,NORMATIVOS!$C$1:$XFD$1,0))="Proyección")+--(INDEX(NORMATIVOS!$C$230:$XFD$230,1,MATCH($B$3,NORMATIVOS!$C$1:$XFD$1,0))="Proyección")+--(INDEX(NORMATIVOS!$C$231:$XFD$231,1,MATCH($B$3,NORMATIVOS!$C$1:$XFD$1,0))="Proyección") -> 3 | H19: =IFERROR(E19/COUNTA(NORMATIVOS!$B$219:$B$231),0) -> 0.53846154
D20: ELEMENTOS DE VUELO Y SOLTADAS | E20: =--(INDEX(NORMATIVOS!$C$234:$XFD$234,1,MATCH($B$3,NORMATIVOS!$C$1:$XFD$1,0))="Consolidado")+--(INDEX(NORMATIVOS!$C$235:$XFD$235,1,MATCH($B$3,NORMATIVOS!$C$1:$XFD$1,0))="Consolidado")+--(INDEX(NORMATIVOS!$C$236:$XFD$236,1,MATCH($B$3,NORMATIVOS!$C$1:$XFD$1,0))="Consolidado")+--(INDEX(NORMATIVOS!$C$237:$XFD$237,1,MATCH($B$3,NORMATIVOS!$C$1:$XFD$1,0))="Consolidado")+--(INDEX(NORMATIVOS!$C$238:$XFD$238,1,MATCH($B$3,NORMATIVOS!$C$1:$XFD$1,0))="Consolidado")+--(INDEX(NORMATIVOS!$C$239:$XFD$239,1,MATCH($B$3,NORMATIVOS!$C$1:$XFD$1,0))="Consolidado")+--(INDEX(NORMATIVOS!$C$240:$XFD$240,1,MATCH($B$3,NORMATIVOS!$C$1:$XFD$1,0))="Consolidado")+--(INDEX(NORMATIVOS!$C$241:$XFD$241,1,MATCH($B$3,NORMATIVOS!$C$1:$XFD$1,0))="Consolidado")+--(INDEX(NORMATIVOS!$C$242:$XFD$242,1,MATCH($B$3,NORMATIVOS!$C$1:$XFD$1,0))="Consolidado")+--(INDEX(NORMATIVOS!$C$243:$XFD$243,1,MATCH($B$3,NORMATIVOS!$C$1:$XFD$1,0))="Consolidado")+--(INDEX(NORMATIVOS!$C$244:$XFD$244,1,MATCH($B$3,NORMATIVOS!$C$1:$XFD$1,0))="Consolidado")+--(INDEX(NORMATIVOS!$C$245:$XFD$245,1,MATCH($B$3,NORMATIVOS!$C$1:$XFD$1,0))="Consolidado")+--(INDEX(NORMATIVOS!$C$246:$XFD$246,1,MATCH($B$3,NORMATIVOS!$C$1:$XFD$1,0))="Consolidado")+--(INDEX(NORMATIVOS!$C$247:$XFD$247,1,MATCH($B$3,NORMATIVOS!$C$1:$XFD$1,0))="Consolidado")+--(INDEX(NORMATIVOS!$C$248:$XFD$248,1,MATCH($B$3,NORMATIVOS!$C$1:$XFD$1,0))="Consolidado")+--(INDEX(NORMATIVOS!$C$249:$XFD$249,1,MATCH($B$3,NORMATIVOS!$C$1:$XFD$1,0))="Consolidado")+--(INDEX(NORMATIVOS!$C$250:$XFD$250,1,MATCH($B$3,NORMATIVOS!$C$1:$XFD$1,0))="Consolidado")+--(INDEX(NORMATIVOS!$C$251:$XFD$251,1,MATCH($B$3,NORMATIVOS!$C$1:$XFD$1,0))="Consolidado")+--(INDEX(NORMATIVOS!$C$252:$XFD$252,1,MATCH($B$3,NORMATIVOS!$C$1:$XFD$1,0))="Consolidado")+--(INDEX(NORMATIVOS!$C$253:$XFD$253,1,MATCH($B$3,NORMATIVOS!$C$1:$XFD$1,0))="Consolidado")+--(INDEX(NORMATIVOS!$C$254:$XFD$254,1,MATCH($B$3,NORMATIVOS!$C$1:$XFD$1,0))="Consolidado")+--(INDEX(NORMATIVOS!$C$255:$XFD$255,1,MATCH($B$3,NORMATIVOS!$C$1:$XFD$1,0))="Consolidado")+--(INDEX(NORMATIVOS!$C$256:$XFD$256,1,MATCH($B$3,NORMATIVOS!$C$1:$XFD$1,0))="Consolidado")+--(INDEX(NORMATIVOS!$C$257:$XFD$257,1,MATCH($B$3,NORMATIVOS!$C$1:$XFD$1,0))="Consolidado")+--(INDEX(NORMATIVOS!$C$258:$XFD$258,1,MATCH($B$3,NORMATIVOS!$C$1:$XFD$1,0))="Consolidado")+--(INDEX(NORMATIVOS!$C$259:$XFD$259,1,MATCH($B$3,NORMATIVOS!$C$1:$XFD$1,0))="Consolidado")+--(INDEX(NORMATIVOS!$C$260:$XFD$260,1,MATCH($B$3,NORMATIVOS!$C$1:$XFD$1,0))="Consolidado")+--(INDEX(NORMATIVOS!$C$261:$XFD$261,1,MATCH($B$3,NORMATIVOS!$C$1:$XFD$1,0))="Consolidado") -> 20 | F20: =--(INDEX(NORMATIVOS!$C$234:$XFD$234,1,MATCH($B$3,NORMATIVOS!$C$1:$XFD$1,0))="En proceso")+--(INDEX(NORMATIVOS!$C$235:$XFD$235,1,MATCH($B$3,NORMATIVOS!$C$1:$XFD$1,0))="En proceso")+--(INDEX(NORMATIVOS!$C$236:$XFD$236,1,MATCH($B$3,NORMATIVOS!$C$1:$XFD$1,0))="En proceso")+--(INDEX(NORMATIVOS!$C$237:$XFD$237,1,MATCH($B$3,NORMATIVOS!$C$1:$XFD$1,0))="En proceso")+--(INDEX(NORMATIVOS!$C$238:$XFD$238,1,MATCH($B$3,NORMATIVOS!$C$1:$XFD$1,0))="En proceso")+--(INDEX(NORMATIVOS!$C$239:$XFD$239,1,MATCH($B$3,NORMATIVOS!$C$1:$XFD$1,0))="En proceso")+--(INDEX(NORMATIVOS!$C$240:$XFD$240,1,MATCH($B$3,NORMATIVOS!$C$1:$XFD$1,0))="En proceso")+--(INDEX(NORMATIVOS!$C$241:$XFD$241,1,MATCH($B$3,NORMATIVOS!$C$1:$XFD$1,0))="En proceso")+--(INDEX(NORMATIVOS!$C$242:$XFD$242,1,MATCH($B$3,NORMATIVOS!$C$1:$XFD$1,0))="En proceso")+--(INDEX(NORMATIVOS!$C$243:$XFD$243,1,MATCH($B$3,NORMATIVOS!$C$1:$XFD$1,0))="En proceso")+--(INDEX(NORMATIVOS!$C$244:$XFD$244,1,MATCH($B$3,NORMATIVOS!$C$1:$XFD$1,0))="En proceso")+--(INDEX(NORMATIVOS!$C$245:$XFD$245,1,MATCH($B$3,NORMATIVOS!$C$1:$XFD$1,0))="En proceso")+--(INDEX(NORMATIVOS!$C$246:$XFD$246,1,MATCH($B$3,NORMATIVOS!$C$1:$XFD$1,0))="En proceso")+--(INDEX(NORMATIVOS!$C$247:$XFD$247,1,MATCH($B$3,NORMATIVOS!$C$1:$XFD$1,0))="En proceso")+--(INDEX(NORMATIVOS!$C$248:$XFD$248,1,MATCH($B$3,NORMATIVOS!$C$1:$XFD$1,0))="En proceso")+--(INDEX(NORMATIVOS!$C$249:$XFD$249,1,MATCH($B$3,NORMATIVOS!$C$1:$XFD$1,0))="En proceso")+--(INDEX(NORMATIVOS!$C$250:$XFD$250,1,MATCH($B$3,NORMATIVOS!$C$1:$XFD$1,0))="En proceso")+--(INDEX(NORMATIVOS!$C$251:$XFD$251,1,MATCH($B$3,NORMATIVOS!$C$1:$XFD$1,0))="En proceso")+--(INDEX(NORMATIVOS!$C$252:$XFD$252,1,MATCH($B$3,NORMATIVOS!$C$1:$XFD$1,0))="En proceso")+--(INDEX(NORMATIVOS!$C$253:$XFD$253,1,MATCH($B$3,NORMATIVOS!$C$1:$XFD$1,0))="En proceso")+--(INDEX(NORMATIVOS!$C$254:$XFD$254,1,MATCH($B$3,NORMATIVOS!$C$1:$XFD$1,0))="En proceso")+--(INDEX(NORMATIVOS!$C$255:$XFD$255,1,MATCH($B$3,NORMATIVOS!$C$1:$XFD$1,0))="En proceso")+--(INDEX(NORMATIVOS!$C$256:$XFD$256,1,MATCH($B$3,NORMATIVOS!$C$1:$XFD$1,0))="En proceso")+--(INDEX(NORMATIVOS!$C$257:$XFD$257,1,MATCH($B$3,NORMATIVOS!$C$1:$XFD$1,0))="En proceso")+--(INDEX(NORMATIVOS!$C$258:$XFD$258,1,MATCH($B$3,NORMATIVOS!$C$1:$XFD$1,0))="En proceso")+--(INDEX(NORMATIVOS!$C$259:$XFD$259,1,MATCH($B$3,NORMATIVOS!$C$1:$XFD$1,0))="En proceso")+--(INDEX(NORMATIVOS!$C$260:$XFD$260,1,MATCH($B$3,NORMATIVOS!$C$1:$XFD$1,0))="En proceso")+--(INDEX(NORMATIVOS!$C$261:$XFD$261,1,MATCH($B$3,NORMATIVOS!$C$1:$XFD$1,0))="En proceso") -> 1 | G20: =--(INDEX(NORMATIVOS!$C$234:$XFD$234,1,MATCH($B$3,NORMATIVOS!$C$1:$XFD$1,0))="Proyección")+--(INDEX(NORMATIVOS!$C$235:$XFD$235,1,MATCH($B$3,NORMATIVOS!$C$1:$XFD$1,0))="Proyección")+--(INDEX(NORMATIVOS!$C$236:$XFD$236,1,MATCH($B$3,NORMATIVOS!$C$1:$XFD$1,0))="Proyección")+--(INDEX(NORMATIVOS!$C$237:$XFD$237,1,MATCH($B$3,NORMATIVOS!$C$1:$XFD$1,0))="Proyección")+--(INDEX(NORMATIVOS!$C$238:$XFD$238,1,MATCH($B$3,NORMATIVOS!$C$1:$XFD$1,0))="Proyección")+--(INDEX(NORMATIVOS!$C$239:$XFD$239,1,MATCH($B$3,NORMATIVOS!$C$1:$XFD$1,0))="Proyección")+--(INDEX(NORMATIVOS!$C$240:$XFD$240,1,MATCH($B$3,NORMATIVOS!$C$1:$XFD$1,0))="Proyección")+--(INDEX(NORMATIVOS!$C$241:$XFD$241,1,MATCH($B$3,NORMATIVOS!$C$1:$XFD$1,0))="Proyección")+--(INDEX(NORMATIVOS!$C$242:$XFD$242,1,MATCH($B$3,NORMATIVOS!$C$1:$XFD$1,0))="Proyección")+--(INDEX(NORMATIVOS!$C$243:$XFD$243,1,MATCH($B$3,NORMATIVOS!$C$1:$XFD$1,0))="Proyección")+--(INDEX(NORMATIVOS!$C$244:$XFD$244,1,MATCH($B$3,NORMATIVOS!$C$1:$XFD$1,0))="Proyección")+--(INDEX(NORMATIVOS!$C$245:$XFD$245,1,MATCH($B$3,NORMATIVOS!$C$1:$XFD$1,0))="Proyección")+--(INDEX(NORMATIVOS!$C$246:$XFD$246,1,MATCH($B$3,NORMATIVOS!$C$1:$XFD$1,0))="Proyección")+--(INDEX(NORMATIVOS!$C$247:$XFD$247,1,MATCH($B$3,NORMATIVOS!$C$1:$XFD$1,0))="Proyección")+--(INDEX(NORMATIVOS!$C$248:$XFD$248,1,MATCH($B$3,NORMATIVOS!$C$1:$XFD$1,0))="Proyección")+--(INDEX(NORMATIVOS!$C$249:$XFD$249,1,MATCH($B$3,NORMATIVOS!$C$1:$XFD$1,0))="Proyección")+--(INDEX(NORMATIVOS!$C$250:$XFD$250,1,MATCH($B$3,NORMATIVOS!$C$1:$XFD$1,0))="Proyección")+--(INDEX(NORMATIVOS!$C$251:$XFD$251,1,MATCH($B$3,NORMATIVOS!$C$1:$XFD$1,0))="Proyección")+--(INDEX(NORMATIVOS!$C$252:$XFD$252,1,MATCH($B$3,NORMATIVOS!$C$1:$XFD$1,0))="Proyección")+--(INDEX(NORMATIVOS!$C$253:$XFD$253,1,MATCH($B$3,NORMATIVOS!$C$1:$XFD$1,0))="Proyección")+--(INDEX(NORMATIVOS!$C$254:$XFD$254,1,MATCH($B$3,NORMATIVOS!$C$1:$XFD$1,0))="Proyección")+--(INDEX(NORMATIVOS!$C$255:$XFD$255,1,MATCH($B$3,NORMATIVOS!$C$1:$XFD$1,0))="Proyección")+--(INDEX(NORMATIVOS!$C$256:$XFD$256,1,MATCH($B$3,NORMATIVOS!$C$1:$XFD$1,0))="Proyección")+--(INDEX(NORMATIVOS!$C$257:$XFD$257,1,MATCH($B$3,NORMATIVOS!$C$1:$XFD$1,0))="Proyección")+--(INDEX(NORMATIVOS!$C$258:$XFD$258,1,MATCH($B$3,NORMATIVOS!$C$1:$XFD$1,0))="Proyección")+--(INDEX(NORMATIVOS!$C$259:$XFD$259,1,MATCH($B$3,NORMATIVOS!$C$1:$XFD$1,0))="Proyección")+--(INDEX(NORMATIVOS!$C$260:$XFD$260,1,MATCH($B$3,NORMATIVOS!$C$1:$XFD$1,0))="Proyección")+--(INDEX(NORMATIVOS!$C$261:$XFD$261,1,MATCH($B$3,NORMATIVOS!$C$1:$XFD$1,0))="Proyección") -> 5 | H20: =IFERROR(E20/COUNTA(NORMATIVOS!$B$234:$B$261),0) -> 0.71428571
D21: ACERCAMIENTO A LA BARRA | E21: =--(INDEX(NORMATIVOS!$C$262:$XFD$262,1,MATCH($B$3,NORMATIVOS!$C$1:$XFD$1,0))="Consolidado")+--(INDEX(NORMATIVOS!$C$263:$XFD$263,1,MATCH($B$3,NORMATIVOS!$C$1:$XFD$1,0))="Consolidado")+--(INDEX(NORMATIVOS!$C$264:$XFD$264,1,MATCH($B$3,NORMATIVOS!$C$1:$XFD$1,0))="Consolidado")+--(INDEX(NORMATIVOS!$C$265:$XFD$265,1,MATCH($B$3,NORMATIVOS!$C$1:$XFD$1,0))="Consolidado")+--(INDEX(NORMATIVOS!$C$266:$XFD$266,1,MATCH($B$3,NORMATIVOS!$C$1:$XFD$1,0))="Consolidado")+--(INDEX(NORMATIVOS!$C$267:$XFD$267,1,MATCH($B$3,NORMATIVOS!$C$1:$XFD$1,0))="Consolidado")+--(INDEX(NORMATIVOS!$C$268:$XFD$268,1,MATCH($B$3,NORMATIVOS!$C$1:$XFD$1,0))="Consolidado")+--(INDEX(NORMATIVOS!$C$269:$XFD$269,1,MATCH($B$3,NORMATIVOS!$C$1:$XFD$1,0))="Consolidado")+--(INDEX(NORMATIVOS!$C$270:$XFD$270,1,MATCH($B$3,NORMATIVOS!$C$1:$XFD$1,0))="Consolidado")+--(INDEX(NORMATIVOS!$C$271:$XFD$271,1,MATCH($B$3,NORMATIVOS!$C$1:$XFD$1,0))="Consolidado")+--(INDEX(NORMATIVOS!$C$272:$XFD$272,1,MATCH($B$3,NORMATIVOS!$C$1:$XFD$1,0))="Consolidado")+--(INDEX(NORMATIVOS!$C$273:$XFD$273,1,MATCH($B$3,NORMATIVOS!$C$1:$XFD$1,0))="Consolidado")+--(INDEX(NORMATIVOS!$C$274:$XFD$274,1,MATCH($B$3,NORMATIVOS!$C$1:$XFD$1,0))="Consolidado")+--(INDEX(NORMATIVOS!$C$275:$XFD$275,1,MATCH($B$3,NORMATIVOS!$C$1:$XFD$1,0))="Consolidado")+--(INDEX(NORMATIVOS!$C$276:$XFD$276,1,MATCH($B$3,NORMATIVOS!$C$1:$XFD$1,0))="Consolidado")+--(INDEX(NORMATIVOS!$C$277:$XFD$277,1,MATCH($B$3,NORMATIVOS!$C$1:$XFD$1,0))="Consolidado")+--(INDEX(NORMATIVOS!$C$278:$XFD$278,1,MATCH($B$3,NORMATIVOS!$C$1:$XFD$1,0))="Consolidado")+--(INDEX(NORMATIVOS!$C$279:$XFD$279,1,MATCH($B$3,NORMATIVOS!$C$1:$XFD$1,0))="Consolidado") -> 15 | F21: =--(INDEX(NORMATIVOS!$C$262:$XFD$262,1,MATCH($B$3,NORMATIVOS!$C$1:$XFD$1,0))="En proceso")+--(INDEX(NORMATIVOS!$C$263:$XFD$263,1,MATCH($B$3,NORMATIVOS!$C$1:$XFD$1,0))="En proceso")+--(INDEX(NORMATIVOS!$C$264:$XFD$264,1,MATCH($B$3,NORMATIVOS!$C$1:$XFD$1,0))="En proceso")+--(INDEX(NORMATIVOS!$C$265:$XFD$265,1,MATCH($B$3,NORMATIVOS!$C$1:$XFD$1,0))="En proceso")+--(INDEX(NORMATIVOS!$C$266:$XFD$266,1,MATCH($B$3,NORMATIVOS!$C$1:$XFD$1,0))="En proceso")+--(INDEX(NORMATIVOS!$C$267:$XFD$267,1,MATCH($B$3,NORMATIVOS!$C$1:$XFD$1,0))="En proceso")+--(INDEX(NORMATIVOS!$C$268:$XFD$268,1,MATCH($B$3,NORMATIVOS!$C$1:$XFD$1,0))="En proceso")+--(INDEX(NORMATIVOS!$C$269:$XFD$269,1,MATCH($B$3,NORMATIVOS!$C$1:$XFD$1,0))="En proceso")+--(INDEX(NORMATIVOS!$C$270:$XFD$270,1,MATCH($B$3,NORMATIVOS!$C$1:$XFD$1,0))="En proceso")+--(INDEX(NORMATIVOS!$C$271:$XFD$271,1,MATCH($B$3,NORMATIVOS!$C$1:$XFD$1,0))="En proceso")+--(INDEX(NORMATIVOS!$C$272:$XFD$272,1,MATCH($B$3,NORMATIVOS!$C$1:$XFD$1,0))="En proceso")+--(INDEX(NORMATIVOS!$C$273:$XFD$273,1,MATCH($B$3,NORMATIVOS!$C$1:$XFD$1,0))="En proceso")+--(INDEX(NORMATIVOS!$C$274:$XFD$274,1,MATCH($B$3,NORMATIVOS!$C$1:$XFD$1,0))="En proceso")+--(INDEX(NORMATIVOS!$C$275:$XFD$275,1,MATCH($B$3,NORMATIVOS!$C$1:$XFD$1,0))="En proceso")+--(INDEX(NORMATIVOS!$C$276:$XFD$276,1,MATCH($B$3,NORMATIVOS!$C$1:$XFD$1,0))="En proceso")+--(INDEX(NORMATIVOS!$C$277:$XFD$277,1,MATCH($B$3,NORMATIVOS!$C$1:$XFD$1,0))="En proceso")+--(INDEX(NORMATIVOS!$C$278:$XFD$278,1,MATCH($B$3,NORMATIVOS!$C$1:$XFD$1,0))="En proceso")+--(INDEX(NORMATIVOS!$C$279:$XFD$279,1,MATCH($B$3,NORMATIVOS!$C$1:$XFD$1,0))="En proceso") -> 0 | G21: =--(INDEX(NORMATIVOS!$C$262:$XFD$262,1,MATCH($B$3,NORMATIVOS!$C$1:$XFD$1,0))="Proyección")+--(INDEX(NORMATIVOS!$C$263:$XFD$263,1,MATCH($B$3,NORMATIVOS!$C$1:$XFD$1,0))="Proyección")+--(INDEX(NORMATIVOS!$C$264:$XFD$264,1,MATCH($B$3,NORMATIVOS!$C$1:$XFD$1,0))="Proyección")+--(INDEX(NORMATIVOS!$C$265:$XFD$265,1,MATCH($B$3,NORMATIVOS!$C$1:$XFD$1,0))="Proyección")+--(INDEX(NORMATIVOS!$C$266:$XFD$266,1,MATCH($B$3,NORMATIVOS!$C$1:$XFD$1,0))="Proyección")+--(INDEX(NORMATIVOS!$C$267:$XFD$267,1,MATCH($B$3,NORMATIVOS!$C$1:$XFD$1,0))="Proyección")+--(INDEX(NORMATIVOS!$C$268:$XFD$268,1,MATCH($B$3,NORMATIVOS!$C$1:$XFD$1,0))="Proyección")+--(INDEX(NORMATIVOS!$C$269:$XFD$269,1,MATCH($B$3,NORMATIVOS!$C$1:$XFD$1,0))="Proyección")+--(INDEX(NORMATIVOS!$C$270:$XFD$270,1,MATCH($B$3,NORMATIVOS!$C$1:$XFD$1,0))="Proyección")+--(INDEX(NORMATIVOS!$C$271:$XFD$271,1,MATCH($B$3,NORMATIVOS!$C$1:$XFD$1,0))="Proyección")+--(INDEX(NORMATIVOS!$C$272:$XFD$272,1,MATCH($B$3,NORMATIVOS!$C$1:$XFD$1,0))="Proyección")+--(INDEX(NORMATIVOS!$C$273:$XFD$273,1,MATCH($B$3,NORMATIVOS!$C$1:$XFD$1,0))="Proyección")+--(INDEX(NORMATIVOS!$C$274:$XFD$274,1,MATCH($B$3,NORMATIVOS!$C$1:$XFD$1,0))="Proyección")+--(INDEX(NORMATIVOS!$C$275:$XFD$275,1,MATCH($B$3,NORMATIVOS!$C$1:$XFD$1,0))="Proyección")+--(INDEX(NORMATIVOS!$C$276:$XFD$276,1,MATCH($B$3,NORMATIVOS!$C$1:$XFD$1,0))="Proyección")+--(INDEX(NORMATIVOS!$C$277:$XFD$277,1,MATCH($B$3,NORMATIVOS!$C$1:$XFD$1,0))="Proyección")+--(INDEX(NORMATIVOS!$C$278:$XFD$278,1,MATCH($B$3,NORMATIVOS!$C$1:$XFD$1,0))="Proyección")+--(INDEX(NORMATIVOS!$C$279:$XFD$279,1,MATCH($B$3,NORMATIVOS!$C$1:$XFD$1,0))="Proyección") -> 3 | H21: =IFERROR(E21/COUNTA(NORMATIVOS!$B$262:$B$279),0) -> 0.83333333
A25: DETALLE DE ELEMENTOS
A26: Aparato | B26: Elemento | C26: Estado
A27: POSICIONES BÁSICAS Y FUERZA | B27: Postura de pie firme | C27: =INDEX(NORMATIVOS!$C$3:$XFD$3,1,MATCH($B$3,NORMATIVOS!$C$1:$XFD$1,0)) -> Consolidado
A28: POSICIONES BÁSICAS Y FUERZA | B28: Parado de hombros | C28: =INDEX(NORMATIVOS!$C$4:$XFD$4,1,MATCH($B$3,NORMATIVOS!$C$1:$XFD$1,0)) -> Consolidado
A29: POSICIONES BÁSICAS Y FUERZA | B29: Parado de antebrazos | C29: =INDEX(NORMATIVOS!$C$5:$XFD$5,1,MATCH($B$3,NORMATIVOS!$C$1:$XFD$1,0)) -> Consolidado
A30: POSICIONES BÁSICAS Y FUERZA | B30: Parado de cabeza | C30: =INDEX(NORMATIVOS!$C$6:$XFD$6,1,MATCH($B$3,NORMATIVOS!$C$1:$XFD$1,0)) -> Consolidado
A31: POSICIONES BÁSICAS Y FUERZA | B31: Parado de manos en apoyo | C31: =INDEX(NORMATIVOS!$C$7:$XFD$7,1,MATCH($B$3,NORMATIVOS!$C$1:$XFD$1,0)) -> Consolidado
A32: POSICIONES BÁSICAS Y FUERZA | B32: Parado de Manos | C32: =INDEX(NORMATIVOS!$C$8:$XFD$8,1,MATCH($B$3,NORMATIVOS!$C$1:$XFD$1,0)) -> Consolidado
A33: POSICIONES BÁSICAS Y FUERZA | B33: Split | C33: =INDEX(NORMATIVOS!$C$9:$XFD$9,1,MATCH($B$3,NORMATIVOS!$C$1:$XFD$1,0)) -> Consolidado
A34: POSICIONES BÁSICAS Y FUERZA | B34: Squat | C34: =INDEX(NORMATIVOS!$C$10:$XFD$10,1,MATCH($B$3,NORMATIVOS!$C$1:$XFD$1,0)) -> Consolidado
A35: POSICIONES BÁSICAS Y FUERZA | B35: Equilibrio a un pie (arabesca) | C35: =INDEX(NORMATIVOS!$C$11:$XFD$11,1,MATCH($B$3,NORMATIVOS!$C$1:$XFD$1,0)) -> Consolidado
A36: POSICIONES BÁSICAS Y FUERZA | B36: L sit | C36: =INDEX(NORMATIVOS!$C$12:$XFD$12,1,MATCH($B$3,NORMATIVOS!$C$1:$XFD$1,0)) -> Consolidado
A37: POSICIONES BÁSICAS Y FUERZA | B37: Sustentación en Arco | C37: =INDEX(NORMATIVOS!$C$13:$XFD$13,1,MATCH($B$3,NORMATIVOS!$C$1:$XFD$1,0)) -> Consolidado
A38: POSICIONES BÁSICAS Y FUERZA | B38: Soporte en escuadra endo | C38: =INDEX(NORMATIVOS!$C$14:$XFD$14,1,MATCH($B$3,NORMATIVOS!$C$1:$XFD$1,0)) -> Consolidado
A39: POSICIONES BÁSICAS Y FUERZA | B39: Kato de fuerza | C39: =INDEX(NORMATIVOS!$C$15:$XFD$15,1,MATCH($B$3,NORMATIVOS!$C$1:$XFD$1,0)) -> Consolidado
A40: POSICIONES BÁSICAS Y FUERZA | B40: Rodada Kato | C40: =INDEX(NORMATIVOS!$C$16:$XFD$16,1,MATCH($B$3,NORMATIVOS!$C$1:$XFD$1,0)) -> Consolidado
A41: ACROBATICO HACÍA DELANTE | B41: Rodada adelanté | C41: =INDEX(NORMATIVOS!$C$17:$XFD$17,1,MATCH($B$3,NORMATIVOS!$C$1:$XFD$1,0)) -> Consolidado
A42: ACROBATICO HACÍA DELANTE | B42: Vuelta de carro | C42: =INDEX(NORMATIVOS!$C$18:$XFD$18,1,MATCH($B$3,NORMATIVOS!$C$1:$XFD$1,0)) -> Consolidado
A43: ACROBATICO HACÍA DELANTE | B43: Redondilla | C43: =INDEX(NORMATIVOS!$C$19:$XFD$19,1,MATCH($B$3,NORMATIVOS!$C$1:$XFD$1,0)) -> Consolidado
A44: ACROBATICO HACÍA DELANTE | B44: Resorte a 2 pies | C44: =INDEX(NORMATIVOS!$C$20:$XFD$20,1,MATCH($B$3,NORMATIVOS!$C$1:$XFD$1,0)) -> Consolidado
A45: ACROBATICO HACÍA DELANTE | B45: Resorte a 1 pie | C45: =INDEX(NORMATIVOS!$C$21:$XFD$21,1,MATCH($B$3,NORMATIVOS!$C$1:$XFD$1,0)) -> Consolidado
A46: ACROBATICO HACÍA DELANTE | B46: Mortal adelante en C | C46: =INDEX(NORMATIVOS!$C$22:$XFD$22,1,MATCH($B$3,NORMATIVOS!$C$1:$XFD$1,0)) -> Consolidado
A47: ACROBATICO HACÍA DELANTE | B47: Resorte 1 a 2 | C47: =INDEX(NORMATIVOS!$C$23:$XFD$23,1,MATCH($B$3,NORMATIVOS!$C$1:$XFD$1,0)) -> Consolidado
A48: ACROBATICO HACÍA DELANTE | B48: Mortal adelante en V | C48: =INDEX(NORMATIVOS!$C$24:$XFD$24,1,MATCH($B$3,NORMATIVOS!$C$1:$XFD$1,0)) -> Consolidado
A49: ACROBATICO HACÍA DELANTE | B49: Mortal extendido | C49: =INDEX(NORMATIVOS!$C$25:$XFD$25,1,MATCH($B$3,NORMATIVOS!$C$1:$XFD$1,0)) -> Consolidado
A50: ACROBATICO HACÍA DELANTE | B50: Mortal rebote mortal | C50: =INDEX(NORMATIVOS!$C$26:$XFD$26,1,MATCH($B$3,NORMATIVOS!$C$1:$XFD$1,0)) -> Consolidado
A51: ACROBATICO HACÍA DELANTE | B51: Doble mortal en C adelanté | C51: =INDEX(NORMATIVOS!$C$27:$XFD$27,1,MATCH($B$3,NORMATIVOS!$C$1:$XFD$1,0)) -> Consolidado
A52: ACROBATICO HACÍA ATRÁS | B52: Rodada atras | C52: =INDEX(NORMATIVOS!$C$28:$XFD$28,1,MATCH($B$3,NORMATIVOS!$C$1:$XFD$1,0)) -> Consolidado
A53: ACROBATICO HACÍA ATRÁS | B53: Rodada atrás a parado de manos | C53: =INDEX(NORMATIVOS!$C$29:$XFD$29,1,MATCH($B$3,NORMATIVOS!$C$1:$XFD$1,0)) -> Consolidado
A54: ACROBATICO HACÍA ATRÁS | B54: Flic flac | C54: =INDEX(NORMATIVOS!$C$30:$XFD$30,1,MATCH($B$3,NORMATIVOS!$C$1:$XFD$1,0)) -> Consolidado
A55: ACROBATICO HACÍA ATRÁS | B55: Doble flic | C55: =INDEX(NORMATIVOS!$C$31:$XFD$31,1,MATCH($B$3,NORMATIVOS!$C$1:$XFD$1,0)) -> Consolidado
A56: ACROBATICO HACÍA ATRÁS | B56: Mortal atras en C desde Redondilla | C56: =INDEX(NORMATIVOS!$C$32:$XFD$32,1,MATCH($B$3,NORMATIVOS!$C$1:$XFD$1,0)) -> Consolidado
A57: ACROBATICO HACÍA ATRÁS | B57: Mortal atras en C desde Flic flac | C57: =INDEX(NORMATIVOS!$C$33:$XFD$33,1,MATCH($B$3,NORMATIVOS!$C$1:$XFD$1,0)) -> Consolidado
A58: ACROBATICO HACÍA ATRÁS | B58: Mortal en V atras | C58: =INDEX(NORMATIVOS!$C$34:$XFD$34,1,MATCH($B$3,NORMATIVOS!$C$1:$XFD$1,0)) -> Consolidado
A59: ACROBATICO HACÍA ATRÁS | B59: Mortal extendido atras | C59: =INDEX(NORMATIVOS!$C$35:$XFD$35,1,MATCH($B$3,NORMATIVOS!$C$1:$XFD$1,0)) -> Consolidado
A60: ACROBATICO HACÍA ATRÁS | B60: Power flic (Tempo) | C60: =INDEX(NORMATIVOS!$C$36:$XFD$36,1,MATCH($B$3,NORMATIVOS!$C$1:$XFD$1,0)) -> Consolidado
A61: ACROBATICO HACÍA ATRÁS | B61: Doble mortal atrás en C | C61: =INDEX(NORMATIVOS!$C$37:$XFD$37,1,MATCH($B$3,NORMATIVOS!$C$1:$XFD$1,0)) -> Consolidado
A62: ACROBATICO CON GIRO | B62: Mortal extendido atras con 1/2 giro | C62: =INDEX(NORMATIVOS!$C$38:$XFD$38,1,MATCH($B$3,NORMATIVOS!$C$1:$XFD$1,0)) -> Consolidado
A63: ACROBATICO CON GIRO | B63: Mortal extendido atras con un giro | C63: =INDEX(NORMATIVOS!$C$39:$XFD$39,1,MATCH($B$3,NORMATIVOS!$C$1:$XFD$1,0)) -> Consolidado
A64: ACROBATICO CON GIRO | B64: Mortal agrupado adelanté con 1/2 giro | C64: =INDEX(NORMATIVOS!$C$40:$XFD$40,1,MATCH($B$3,NORMATIVOS!$C$1:$XFD$1,0)) -> Consolidado
A65: ACROBATICO CON GIRO | B65: Mortal agrupado adelanté con 1 giro | C65: =INDEX(NORMATIVOS!$C$41:$XFD$41,1,MATCH($B$3,NORMATIVOS!$C$1:$XFD$1,0)) -> Consolidado
A66: ACROBATICO CON GIRO | B66: Varani | C66: =INDEX(NORMATIVOS!$C$42:$XFD$42,1,MATCH($B$3,NORMATIVOS!$C$1:$XFD$1,0)) -> Consolidado
A67: ACROBATICO CON GIRO | B67: Mortal extendido adelanté con 1 giro | C67: =INDEX(NORMATIVOS!$C$43:$XFD$43,1,MATCH($B$3,NORMATIVOS!$C$1:$XFD$1,0)) -> Consolidado
A68: ACROBATICO CON GIRO | B68: Mortal extendido atras con 1 1/2 giro | C68: =INDEX(NORMATIVOS!$C$44:$XFD$44,1,MATCH($B$3,NORMATIVOS!$C$1:$XFD$1,0)) -> Consolidado
A69: ACROBATICO CON GIRO | B69: Mortal extendido atrás con 2 giros | C69: =INDEX(NORMATIVOS!$C$45:$XFD$45,1,MATCH($B$3,NORMATIVOS!$C$1:$XFD$1,0)) -> Consolidado
A70: ACROBATICO CON GIRO | B70: Mortal extendido adelante con 1 1/2 giro | C70: =INDEX(NORMATIVOS!$C$46:$XFD$46,1,MATCH($B$3,NORMATIVOS!$C$1:$XFD$1,0)) -> Consolidado
A71: HONGO | B71: Posturas básicas de apoyo e impulso | C71: =INDEX(NORMATIVOS!$C$49:$XFD$49,1,MATCH($B$3,NORMATIVOS!$C$1:$XFD$1,0)) -> Consolidado
A72: HONGO | B72: 1/4 de circulo | C72: =INDEX(NORMATIVOS!$C$50:$XFD$50,1,MATCH($B$3,NORMATIVOS!$C$1:$XFD$1,0)) -> Consolidado
A73: HONGO | B73: 1/2 de circulo | C73: =INDEX(NORMATIVOS!$C$51:$XFD$51,1,MATCH($B$3,NORMATIVOS!$C$1:$XFD$1,0)) -> Consolidado
A74: HONGO | B74: 3/4 de circulo | C74: =INDEX(NORMATIVOS!$C$52:$XFD$52,1,MATCH($B$3,NORMATIVOS!$C$1:$XFD$1,0)) -> Consolidado
A75: HONGO | B75: 1 circulo | C75: =INDEX(NORMATIVOS!$C$53:$XFD$53,1,MATCH($B$3,NORMATIVOS!$C$1:$XFD$1,0)) -> Consolidado
A76: HONGO | B76: 2 circulos | C76: =INDEX(NORMATIVOS!$C$54:$XFD$54,1,MATCH($B$3,NORMATIVOS!$C$1:$XFD$1,0)) -> Consolidado
A77: HONGO | B77: 3 circulos | C77: =INDEX(NORMATIVOS!$C$55:$XFD$55,1,MATCH($B$3,NORMATIVOS!$C$1:$XFD$1,0)) -> Consolidado
A78: HONGO | B78: 4 circulos | C78: =INDEX(NORMATIVOS!$C$56:$XFD$56,1,MATCH($B$3,NORMATIVOS!$C$1:$XFD$1,0)) -> Consolidado
A79: HONGO | B79: 5 circulos | C79: =INDEX(NORMATIVOS!$C$57:$XFD$57,1,MATCH($B$3,NORMATIVOS!$C$1:$XFD$1,0)) -> Consolidado
A80: HONGO | B80: Salida finlandesa | C80: =INDEX(NORMATIVOS!$C$58:$XFD$58,1,MATCH($B$3,NORMATIVOS!$C$1:$XFD$1,0)) -> Consolidado
A81: HONGO | B81: Splindle | C81: =INDEX(NORMATIVOS!$C$59:$XFD$59,1,MATCH($B$3,NORMATIVOS!$C$1:$XFD$1,0)) -> Consolidado
A82: HONGO | B82: Thomas Flair | C82: =INDEX(NORMATIVOS!$C$60:$XFD$60,1,MATCH($B$3,NORMATIVOS!$C$1:$XFD$1,0)) -> Consolidado
A83: HONGO | B83: Cheka | C83: =INDEX(NORMATIVOS!$C$61:$XFD$61,1,MATCH($B$3,NORMATIVOS!$C$1:$XFD$1,0)) -> Consolidado
A84: HONGO | B84: Stöckli | C84: =INDEX(NORMATIVOS!$C$62:$XFD$62,1,MATCH($B$3,NORMATIVOS!$C$1:$XFD$1,0)) -> Consolidado
A85: HONGO | B85: Splindle con thomas | C85: =INDEX(NORMATIVOS!$C$63:$XFD$63,1,MATCH($B$3,NORMATIVOS!$C$1:$XFD$1,0)) -> Consolidado
A86: HONGO | B86: Rusa | C86: =INDEX(NORMATIVOS!$C$64:$XFD$64,1,MATCH($B$3,NORMATIVOS!$C$1:$XFD$1,0)) -> Consolidado
A87: CABALLO SIN ARZON | B87: 1/2 Circulo | C87: =INDEX(NORMATIVOS!$C$65:$XFD$65,1,MATCH($B$3,NORMATIVOS!$C$1:$XFD$1,0)) -> Consolidado
A88: CABALLO SIN ARZON | B88: Circulo | C88: =INDEX(NORMATIVOS!$C$66:$XFD$66,1,MATCH($B$3,NORMATIVOS!$C$1:$XFD$1,0)) -> Consolidado
A89: CABALLO SIN ARZON | B89: Thomas Flair | C89: =INDEX(NORMATIVOS!$C$67:$XFD$67,1,MATCH($B$3,NORMATIVOS!$C$1:$XFD$1,0)) -> Consolidado
A90: CABALLO SIN ARZON | B90: 1/4 de Kehr | C90: =INDEX(NORMATIVOS!$C$68:$XFD$68,1,MATCH($B$3,NORMATIVOS!$C$1:$XFD$1,0)) -> Consolidado
A91: CABALLO SIN ARZON | B91: 1/2 Splindle | C91: =INDEX(NORMATIVOS!$C$69:$XFD$69,1,MATCH($B$3,NORMATIVOS!$C$1:$XFD$1,0)) -> Consolidado
A92: CABALLO SIN ARZON | B92: Salida finlandesa | C92: =INDEX(NORMATIVOS!$C$70:$XFD$70,1,MATCH($B$3,NORMATIVOS!$C$1:$XFD$1,0)) -> Consolidado
A93: CABALLO SIN ARZON | B93: Cheka | C93: =INDEX(NORMATIVOS!$C$71:$XFD$71,1,MATCH($B$3,NORMATIVOS!$C$1:$XFD$1,0)) -> Consolidado
A94: CABALLO SIN ARZON | B94: Stöckli | C94: =INDEX(NORMATIVOS!$C$72:$XFD$72,1,MATCH($B$3,NORMATIVOS!$C$1:$XFD$1,0)) -> Consolidado
A95: CABALLO SIN ARZON | B95: 1/2 Magyar | C95: =INDEX(NORMATIVOS!$C$73:$XFD$73,1,MATCH($B$3,NORMATIVOS!$C$1:$XFD$1,0)) -> Consolidado
A96: CABALLO SIN ARZON | B96: 1/2 Sivado | C96: =INDEX(NORMATIVOS!$C$74:$XFD$74,1,MATCH($B$3,NORMATIVOS!$C$1:$XFD$1,0)) -> Consolidado
A97: CABALLO SIN ARZON | B97: Rusa | C97: =INDEX(NORMATIVOS!$C$75:$XFD$75,1,MATCH($B$3,NORMATIVOS!$C$1:$XFD$1,0)) -> Consolidado
A98: CABALLO SIN ARZON | B98: Doble rusa | C98: =INDEX(NORMATIVOS!$C$76:$XFD$76,1,MATCH($B$3,NORMATIVOS!$C$1:$XFD$1,0)) -> Consolidado
A99: CABALLO SIN ARZON | B99: Magyar | C99: =INDEX(NORMATIVOS!$C$77:$XFD$77,1,MATCH($B$3,NORMATIVOS!$C$1:$XFD$1,0)) -> Consolidado
A100: CABALLO SIN ARZON | B100: Sivado | C100: =INDEX(NORMATIVOS!$C$78:$XFD$78,1,MATCH($B$3,NORMATIVOS!$C$1:$XFD$1,0)) -> Consolidado
A101: CABALLO CON ARZONES | B101: Balanceo pendular | C101: =INDEX(NORMATIVOS!$C$79:$XFD$79,1,MATCH($B$3,NORMATIVOS!$C$1:$XFD$1,0)) -> Consolidado
A102: CABALLO CON ARZONES | B102: Tijera falsa | C102: =INDEX(NORMATIVOS!$C$80:$XFD$80,1,MATCH($B$3,NORMATIVOS!$C$1:$XFD$1,0)) -> Consolidado
A103: CABALLO CON ARZONES | B103: Tijera | C103: =INDEX(NORMATIVOS!$C$81:$XFD$81,1,MATCH($B$3,NORMATIVOS!$C$1:$XFD$1,0)) -> Consolidado
A104: CABALLO CON ARZONES | B104: Circulo sobre arzones | C104: =INDEX(NORMATIVOS!$C$82:$XFD$82,1,MATCH($B$3,NORMATIVOS!$C$1:$XFD$1,0)) -> Consolidado
A105: CABALLO CON ARZONES | B105: Tijera circulo | C105: =INDEX(NORMATIVOS!$C$83:$XFD$83,1,MATCH($B$3,NORMATIVOS!$C$1:$XFD$1,0)) -> Consolidado
...

Sheet INDICADORES
A1: INDICADORES DE SEGUIMIENTO AKC
A3: Atletas evaluados | B3: =COUNTA(CONSOLIDADO!A4:A1048576) -> 30 | D3: Estado | E3: Total
A4: % dominio promedio | B4: =AVERAGE(CONSOLIDADO!G4:G1048576) -> 0.39575531 | D4: N/A | E4: =SUM(CONSOLIDADO!F4:F1048576) -> 97
A5: Elementos consolidados | B5: =SUM(CONSOLIDADO!C4:C1048576) -> 3170 | D5: Proyección | E5: =SUM(CONSOLIDADO!E4:E1048576) -> 3677
A6: Elementos en proceso | B6: =SUM(CONSOLIDADO!D4:D1048576) -> 1066 | D6: En proceso | E6: =SUM(CONSOLIDADO!D4:D1048576) -> 1066
D7: Consolidado | E7: =SUM(CONSOLIDADO!C4:C1048576) -> 3170
A10: DOMINIO POR APARATO (ATLETA SELECCIONADO EN FICHA)
A11: Aparato | B11: % dominio
A12: POSICIONES BÁSICAS Y FUERZA | B12: ='FICHA DEL ATLETA'!H6 -> 1
A13: ACROBATICO HACÍA DELANTE | B13: ='FICHA DEL ATLETA'!H7 -> 1
A14: ACROBATICO HACÍA ATRÁS | B14: ='FICHA DEL ATLETA'!H8 -> 1
A15: ACROBATICO CON GIRO | B15: ='FICHA DEL ATLETA'!H9 -> 1
A16: HONGO | B16: ='FICHA DEL ATLETA'!H10 -> 1
A17: CABALLO SIN ARZON | B17: ='FICHA DEL ATLETA'!H11 -> 1
A18: CABALLO CON ARZONES | B18: ='FICHA DEL ATLETA'!H12 -> 0.88888889
A19: ELEMENTOS DE FUERZA | B19: ='FICHA DEL ATLETA'!H13 -> 0.8
A20: ELEMENTOS DE VUELO | B20: ='FICHA DEL ATLETA'!H14 -> 0.9
A21: ACCIONES SIN TABLA DE SALTO | B21: ='FICHA DEL ATLETA'!H15 -> 1
A22: SALTOS | B22: ='FICHA DEL ATLETA'!H16 -> 0.63636364
A23: ELEMENTOS EN SUSPENSION | B23: ='FICHA DEL ATLETA'!H17 -> 0.94444444
... A27: ACERCAMIENTO A LA BARRA | B27: ='FICHA DEL ATLETA'!H21 -> 0.83333333

Sheet CONSOLIDADO
A1: CONSOLIDADO GENERAL DE NORMATIVOS AKC
A3: Atleta | B3: Elementos evaluados | C3: Consolidados | D3: En proceso | E3: Proyección | F3: N/A | G3: % dominio | H3: Seguimiento
A4: Diego Jaime | B4: =COUNTA(NORMATIVOS!C3:C279) -> 267 | C4: =COUNTIF(NORMATIVOS!C3:C279,"Consolidado") -> 227 | D4: =COUNTIF(NORMATIVOS!C3:C279,"En proceso") -> 7 | E4: =COUNTIF(NORMATIVOS!C3:C279,"Proyección") -> 24 | F4: =COUNTIF(NORMATIVOS!C3:C279,"N/A") -> 9 | G4: =IFERROR(C4/B4,0) -> 0.85018727 | H4: =IF(G4>=0.8,"Alto avance",IF(G4>=0.5,"Avance medio",IF(G4>=0.3,"Avance inicial",IF(G4>=0.1,"Base solida","Base inicial")))) -> Alto avance
A5: Ricardo Jimenez | B5: =COUNTA(NORMATIVOS!D3:D279) -> 267 | C5: =COUNTIF(NORMATIVOS!D3:D279,"Consolidado") -> 209 | D5: =COUNTIF(NORMATIVOS!D3:D279,"En proceso") -> 7 | E5: =COUNTIF(NORMATIVOS!D3:D279,"Proyección") -> 41 | F5: =COUNTIF(NORMATIVOS!D3:D279,"N/A") -> 10 | G5: =IFERROR(C5/B5,0) -> 0.78277154 | H5: =IF(G5>=0.8,"Alto avance",IF(G5>=0.5,"Avance medio",IF(G5>=0.3,"Avance inicial",IF(G5>=0.1,"Base solida","Base inicial")))) -> Alto avance
A6: Alonso Ahedo | B6: =COUNTA(NORMATIVOS!E3:E279) -> 267 | C6: =COUNTIF(NORMATIVOS!E3:E279,"Consolidado") -> 161 | D6: =COUNTIF(NORMATIVOS!E3:E279,"En proceso") -> 31 | E6: =COUNTIF(NORMATIVOS!E3:E279,"Proyección") -> 60 | F6: =COUNTIF(NORMATIVOS!E3:E279,"N/A") -> 15 | G6: =IFERROR(C6/B6,0) -> 0.60299625 | H6: =IF(G6>=0.8,"Alto avance",IF(G6>=0.5,"Avance medio",IF(G6>=0.3,"Avance inicial",IF(G6>=0.1,"Base solida","Base inicial")))) -> Avance medio
A7: Mikel Larrinua | B7: =COUNTA(NORMATIVOS!F3:F279) -> 267 | C7: =COUNTIF(NORMATIVOS!F3:F279,"Consolidado") -> 173 | D7: =COUNTIF(NORMATIVOS!F3:F279,"En proceso") -> 29 | E7: =COUNTIF(NORMATIVOS!F3:F279,"Proyección") -> 55 | F7: =COUNTIF(NORMATIVOS!F3:F279,"N/A") -> 10 | G7: =IFERROR(C7/B7,0) -> 0.64794007 | H7: =IF(G7>=0.8,"Alto avance",IF(G7>=0.5,"Avance medio",IF(G7>=0.3,"Avance inicial",IF(G7>=0.1,"Base solida","Base inicial")))) -> Avance medio
A8: Diego Rodriguez | B8: =COUNTA(NORMATIVOS!G3:G279) -> 267 | C8: =COUNTIF(NORMATIVOS!G3:G279,"Consolidado") -> 174 | D8: =COUNTIF(NORMATIVOS!G3:G279,"En proceso") -> 30 | E8: =COUNTIF(NORMATIVOS!G3:G279,"Proyección") -> 56 | F8: =COUNTIF(NORMATIVOS!G3:G279,"N/A") -> 7 | G8: =IFERROR(C8/B8,0) -> 0.65168539 | H8: =IF(G8>=0.8,"Alto avance",IF(G8>=0.5,"Avance medio",IF(G8>=0.3,"Avance inicial",IF(G8>=0.1,"Base solida","Base inicial")))) -> Avance medio
A9: Isaac Martinez | B9: =COUNTA(NORMATIVOS!H3:H279) -> 267 | C9: =COUNTIF(NORMATIVOS!H3:H279,"Consolidado") -> 159 | D9: =COUNTIF(NORMATIVOS!H3:H279,"En proceso") -> 36 | E9: =COUNTIF(NORMATIVOS!H3:H279,"Proyección") -> 65 | F9: =COUNTIF(NORMATIVOS!H3:H279,"N/A") -> 7 | G9: =IFERROR(C9/B9,0) -> 0.59550562 | H9: =IF(G9>=0.8,"Alto avance",IF(G9>=0.5,"Avance medio",IF(G9>=0.3,"Avance inicial",IF(G9>=0.1,"Base solida","Base inicial")))) -> Avance medio
A10: Diego Vela | B10: =COUNTA(NORMATIVOS!I3:I279) -> 267 | C10: =COUNTIF(NORMATIVOS!I3:I279,"Consolidado") -> 162 | D10: =COUNTIF(NORMATIVOS!I3:I279,"En proceso") -> 26 | E10: =COUNTIF(NORMATIVOS!I3:I279,"Proyección") -> 76 | F10: =COUNTIF(NORMATIVOS!I3:I279,"N/A") -> 3 | G10: =IFERROR(C10/B10,0) -> 0.60674157 | H10: =IF(G10>=0.8,"Alto avance",IF(G10>=0.5,"Avance medio",IF(G10>=0.3,"Avance inicial",IF(G10>=0.1,"Base solida","Base inicial")))) -> Avance medio
A11: Yerik Guerra | B11: =COUNTA(NORMATIVOS!J3:J279) -> 267 | C11: =COUNTIF(NORMATIVOS!J3:J279,"Consolidado") -> 144 | D11: =COUNTIF(NORMATIVOS!J3:J279,"En proceso") -> 36 | E11: =COUNTIF(NORMATIVOS!J3:J279,"Proyección") -> 78 | F11: =COUNTIF(NORMATIVOS!J3:J279,"N/A") -> 9 | G11: =IFERROR(C11/B11,0) -> 0.53932584 | H11: =IF(G11>=0.8,"Alto avance",IF(G11>=0.5,"Avance medio",IF(G11>=0.3,"Avance inicial",IF(G11>=0.1,"Base solida","Base inicial")))) -> Avance medio
A12: Fernando Talavera | B12: =COUNTA(NORMATIVOS!K3:K279) -> 267 | C12: =COUNTIF(NORMATIVOS!K3:K279,"Consolidado") -> 147 | D12: =COUNTIF(NORMATIVOS!K3:K279,"En proceso") -> 31 | E12: =COUNTIF(NORMATIVOS!K3:K279,"Proyección") -> 79 | F12: =COUNTIF(NORMATIVOS!K3:K279,"N/A") -> 10 | G12: =IFERROR(C12/B12,0) -> 0.5505618 | H12: =IF(G12>=0.8,"Alto avance",IF(G12>=0.5,"Avance medio",IF(G12>=0.3,"Avance inicial",IF(G12>=0.1,"Base solida","Base inicial")))) -> Avance medio
A13: Diego Chavez | B13: =COUNTA(NORMATIVOS!L3:L279) -> 267 | C13: =COUNTIF(NORMATIVOS!L3:L279,"Consolidado") -> 117 | D13: =COUNTIF(NORMATIVOS!L3:L279,"En proceso") -> 42 | E13: =COUNTIF(NORMATIVOS!L3:L279,"Proyección") -> 99 | F13: =COUNTIF(NORMATIVOS!L3:L279,"N/A") -> 9 | G13: =IFERROR(C13/B13,0) -> 0.43820225 | H13: =IF(G13>=0.8,"Alto avance",IF(G13>=0.5,"Avance medio",IF(G13>=0.3,"Avance inicial",IF(G13>=0.1,"Base solida","Base inicial")))) -> Avance inicial
A14: Mario Bisteni | B14: =COUNTA(NORMATIVOS!M3:M279) -> 267 | C14: =COUNTIF(NORMATIVOS!M3:M279,"Consolidado") -> 127 | D14: =COUNTIF(NORMATIVOS!M3:M279,"En proceso") -> 39 | E14: =COUNTIF(NORMATIVOS!M3:M279,"Proyección") -> 101 | F14: =COUNTIF(NORMATIVOS!M3:M279,"N/A") -> 0 | G14: =IFERROR(C14/B14,0) -> 0.47565543 | H14: =IF(G14>=0.8,"Alto avance",IF(G14>=0.5,"Avance medio",IF(G14>=0.3,"Avance inicial",IF(G14>=0.1,"Base solida","Base inicial")))) -> Avance inicial
A15: Maximiliano Diaz | B15: =COUNTA(NORMATIVOS!N3:N279) -> 267 | C15: =COUNTIF(NORMATIVOS!N3:N279,"Consolidado") -> 125 | D15: =COUNTIF(NORMATIVOS!N3:N279,"En proceso") -> 42 | E15: =COUNTIF(NORMATIVOS!N3:N279,"Proyección") -> 100 | F15: =COUNTIF(NORMATIVOS!N3:N279,"N/A") -> 0 | G15: =IFERROR(C15/B15,0) -> 0.46816479 | H15: =IF(G15>=0.8,"Alto avance",IF(G15>=0.5,"Avance medio",IF(G15>=0.3,"Avance inicial",IF(G15>=0.1,"Base solida","Base inicial")))) -> Avance inicial
A16: Santiago Sigler | B16: =COUNTA(NORMATIVOS!O3:O279) -> 267 | C16: =COUNTIF(NORMATIVOS!O3:O279,"Consolidado") -> 110 | D16: =COUNTIF(NORMATIVOS!O3:O279,"En proceso") -> 49 | E16: =COUNTIF(NORMATIVOS!O3:O279,"Proyección") -> 108 | F16: =COUNTIF(NORMATIVOS!O3:O279,"N/A") -> 0 | G16: =IFERROR(C16/B16,0) -> 0.41198502 | H16: =IF(G16>=0.8,"Alto avance",IF(G16>=0.5,"Avance medio",IF(G16>=0.3,"Avance inicial",IF(G16>=0.1,"Base solida","Base inicial")))) -> Avance inicial
A17: Nicolas Capitanacci | B17: =COUNTA(NORMATIVOS!P3:P279) -> 267 | C17: =COUNTIF(NORMATIVOS!P3:P279,"Consolidado") -> 100 | D17: =COUNTIF(NORMATIVOS!P3:P279,"En proceso") -> 56 | E17: =COUNTIF(NORMATIVOS!P3:P279,"Proyección") -> 111 | F17: =COUNTIF(NORMATIVOS!P3:P279,"N/A") -> 0 | G17: =IFERROR(C17/B17,0) -> 0.37453184 | H17: =IF(G17>=0.8,"Alto avance",IF(G17>=0.5,"Avance medio",IF(G17>=0.3,"Avance inicial",IF(G17>=0.1,"Base solida","Base inicial")))) -> Avance inicial
A18: Bruno Jacobo | B18: =COUNTA(NORMATIVOS!Q3:Q279) -> 267 | C18: =COUNTIF(NORMATIVOS!Q3:Q279,"Consolidado") -> 111 | D18: =COUNTIF(NORMATIVOS!Q3:Q279,"En proceso") -> 35 | E18: =COUNTIF(NORMATIVOS!Q3:Q279,"Proyección") -> 121 | F18: =COUNTIF(NORMATIVOS!Q3:Q279,"N/A") -> 0 | G18: =IFERROR(C18/B18,0) -> 0.41573034 | H18: =IF(G18>=0.8,"Alto avance",IF(G18>=0.5,"Avance medio",IF(G18>=0.3,"Avance inicial",IF(G18>=0.1,"Base solida","Base inicial")))) -> Avance inicial
A19: Santi Camacho | B19: =COUNTA(NORMATIVOS!R3:R279) -> 267 | C19: =COUNTIF(NORMATIVOS!R3:R279,"Consolidado") -> 74 | D19: =COUNTIF(NORMATIVOS!R3:R279,"En proceso") -> 37 | E19: =COUNTIF(NORMATIVOS!R3:R279,"Proyección") -> 156 | F19: =COUNTIF(NORMATIVOS!R3:R279,"N/A") -> 0 | G19: =IFERROR(C19/B19,0) -> 0.27715356 | H19: =IF(G19>=0.8,"Alto avance",IF(G19>=0.5,"Avance medio",IF(G19>=0.3,"Avance inicial",IF(G19>=0.1,"Base solida","Base inicial")))) -> Base solida
A20: Leo Camacho | B20: =COUNTA(NORMATIVOS!S3:S279) -> 267 | C20: =COUNTIF(NORMATIVOS!S3:S279,"Consolidado") -> 77 | D20: =COUNTIF(NORMATIVOS!S3:S279,"En proceso") -> 33 | E20: =COUNTIF(NORMATIVOS!S3:S279,"Proyección") -> 157 | F20: =COUNTIF(NORMATIVOS!S3:S279,"N/A") -> 0 | G20: =IFERROR(C20/B20,0) -> 0.28838951 | H20: =IF(G20>=0.8,"Alto avance",IF(G20>=0.5,"Avance medio",IF(G20>=0.3,"Avance inicial",IF(G20>=0.1,"Base solida","Base inicial")))) -> Base solida
A21: Nico Flores | B21: =COUNTA(NORMATIVOS!T3:T279) -> 267 | C21: =COUNTIF(NORMATIVOS!T3:T279,"Consolidado") -> 73 | D21: =COUNTIF(NORMATIVOS!T3:T279,"En proceso") -> 37 | E21: =COUNTIF(NORMATIVOS!T3:T279,"Proyección") -> 157 | F21: =COUNTIF(NORMATIVOS!T3:T279,"N/A") -> 0 | G21: =IFERROR(C21/B21,0) -> 0.27340824 | H21: =IF(G21>=0.8,"Alto avance",IF(G21>=0.5,"Avance medio",IF(G21>=0.3,"Avance inicial",IF(G21>=0.1,"Base solida","Base inicial")))) -> Base solida
A22: Carlos Aznar | B22: =COUNTA(NORMATIVOS!U3:U279) -> 267 | C22: =COUNTIF(NORMATIVOS!U3:U279,"Consolidado") -> 69 | D22: =COUNTIF(NORMATIVOS!U3:U279,"En proceso") -> 40 | E22: =COUNTIF(NORMATIVOS!U3:U279,"Proyección") -> 157 | F22: =COUNTIF(NORMATIVOS!U3:U279,"N/A") -> 1 | G22: =IFERROR(C22/B22,0) -> 0.25842697 | H22: =IF(G22>=0.8,"Alto avance",IF(G22>=0.5,"Avance medio",IF(G22>=0.3,"Avance inicial",IF(G22>=0.1,"Base solida","Base inicial")))) -> Base solida
A23: Emi Gonzalez | B23: =COUNTA(NORMATIVOS!V3:V279) -> 267 | C23: =COUNTIF(NORMATIVOS!V3:V279,"Consolidado") -> 76 | D23: =COUNTIF(NORMATIVOS!V3:V279,"En proceso") -> 32 | E23: =COUNTIF(NORMATIVOS!V3:V279,"Proyección") -> 158 | F23: =COUNTIF(NORMATIVOS!V3:V279,"N/A") -> 1 | G23: =IFERROR(C23/B23,0) -> 0.28464419 | H23: =IF(G23>=0.8,"Alto avance",IF(G23>=0.5,"Avance medio",IF(G23>=0.3,"Avance inicial",IF(G23>=0.1,"Base solida","Base inicial")))) -> Base solida
A24: David Rangel | B24: =COUNTA(NORMATIVOS!W3:W279) -> 267 | C24: =COUNTIF(NORMATIVOS!W3:W279,"Consolidado") -> 68 | D24: =COUNTIF(NORMATIVOS!W3:W279,"En proceso") -> 42 | E24: =COUNTIF(NORMATIVOS!W3:W279,"Proyección") -> 157 | F24: =COUNTIF(NORMATIVOS!W3:W279,"N/A") -> 0 | G24: =IFERROR(C24/B24,0) -> 0.25468165 | H24: =IF(G24>=0.8,"Alto avance",IF(G24>=0.5,"Avance medio",IF(G24>=0.3,"Avance inicial",IF(G24>=0.1,"Base solida","Base inicial")))) -> Base solida
A25: Diego Cuevas | B25: =COUNTA(NORMATIVOS!X3:X279) -> 267 | C25: =COUNTIF(NORMATIVOS!X3:X279,"Consolidado") -> 68 | D25: =COUNTIF(NORMATIVOS!X3:X279,"En proceso") -> 41 | E25: =COUNTIF(NORMATIVOS!X3:X279,"Proyección") -> 158 | F25: =COUNTIF(NORMATIVOS!X3:X279,"N/A") -> 0 | G25: =IFERROR(C25/B25,0) -> 0.25468165 | H25: =IF(G25>=0.8,"Alto avance",IF(G25>=0.5,"Avance medio",IF(G25>=0.3,"Avance inicial",IF(G25>=0.1,"Base solida","Base inicial")))) -> Base solida
A26: Jose Ma Robles | B26: =COUNTA(NORMATIVOS!Y3:Y279) -> 267 | C26: =COUNTIF(NORMATIVOS!Y3:Y279,"Consolidado") -> 69 | D26: =COUNTIF(NORMATIVOS!Y3:Y279,"En proceso") -> 43 | E26: =COUNTIF(NORMATIVOS!Y3:Y279,"Proyección") -> 154 | F26: =COUNTIF(NORMATIVOS!Y3:Y279,"N/A") -> 1 | G26: =IFERROR(C26/B26,0) -> 0.25842697 | H26: =IF(G26>=0.8,"Alto avance",IF(G26>=0.5,"Avance medio",IF(G26>=0.3,"Avance inicial",IF(G26>=0.1,"Base solida","Base inicial")))) -> Base solida
A27: Mauro Regand | B27: =COUNTA(NORMATIVOS!Z3:Z279) -> 267 | C27: =COUNTIF(NORMATIVOS!Z3:Z279,"Consolidado") -> 65 | D27: =COUNTIF(NORMATIVOS!Z3:Z279,"En proceso") -> 43 | E27: =COUNTIF(NORMATIVOS!Z3:Z279,"Proyección") -> 158 | F27: =COUNTIF(NORMATIVOS!Z3:Z279,"N/A") -> 1 | G27: =IFERROR(C27/B27,0) -> 0.24344569 | H27: =IF(G27>=0.8,"Alto avance",IF(G27>=0.5,"Avance medio",IF(G27>=0.3,"Avance inicial",IF(G27>=0.1,"Base solida","Base inicial")))) -> Base solida
A28: Bruno Baez | B28: =COUNTA(NORMATIVOS!AA3:AA279) -> 267 | C28: =COUNTIF(NORMATIVOS!AA3:AA279,"Consolidado") -> 66 | D28: =COUNTIF(NORMATIVOS!AA3:AA279,"En proceso") -> 42 | E28: =COUNTIF(NORMATIVOS!AA3:AA279,"Proyección") -> 158 | F28: =COUNTIF(NORMATIVOS!AA3:AA279,"N/A") -> 1 | G28: =IFERROR(C28/B28,0) -> 0.24719101 | H28: =IF(G28>=0.8,"Alto avance",IF(G28>=0.5,"Avance medio",IF(G28>=0.3,"Avance inicial",IF(G28>=0.1,"Base solida","Base inicial")))) -> Base solida
A29: Brittan Akim | B29: =COUNTA(NORMATIVOS!AB3:AB279) -> 267 | C29: =COUNTIF(NORMATIVOS!AB3:AB279,"Consolidado") -> 82 | D29: =COUNTIF(NORMATIVOS!AB3:AB279,"En proceso") -> 32 | E29: =COUNTIF(NORMATIVOS!AB3:AB279,"Proyección") -> 151 | F29: =COUNTIF(NORMATIVOS!AB3:AB279,"N/A") -> 2 | G29: =IFERROR(C29/B29,0) -> 0.3071161 | H29: =IF(G29>=0.8,"Alto avance",IF(G29>=0.5,"Avance medio",IF(G29>=0.3,"Avance inicial",IF(G29>=0.1,"Base solida","Base inicial")))) -> Avance inicial
A30: Alfredo Jacobo | B30: =COUNTA(NORMATIVOS!AC3:AC279) -> 267 | C30: =COUNTIF(NORMATIVOS!AC3:AC279,"Consolidado") -> 63 | D30: =COUNTIF(NORMATIVOS!AC3:AC279,"En proceso") -> 42 | E30: =COUNTIF(NORMATIVOS!AC3:AC279,"Proyección") -> 161 | F30: =COUNTIF(NORMATIVOS!AC3:AC279,"N/A") -> 1 | G30: =IFERROR(C30/B30,0) -> 0.23595506 | H30: =IF(G30>=0.8,"Alto avance",IF(G30>=0.5,"Avance medio",IF(G30>=0.3,"Avance inicial",IF(G30>=0.1,"Base solida","Base inicial")))) -> Base solida
A31: Erik Lopez | B31: =COUNTA(NORMATIVOS!AD3:AD279) -> 267 | C31: =COUNTIF(NORMATIVOS!AD3:AD279,"Consolidado") -> 37 | D31: =COUNTIF(NORMATIVOS!AD3:AD279,"En proceso") -> 37 | E31: =COUNTIF(NORMATIVOS!AD3:AD279,"Proyección") -> 193 | F31: =COUNTIF(NORMATIVOS!AD3:AD279,"N/A") -> 0 | G31: =IFERROR(C31/B31,0) -> 0.13857678 | H31: =IF(G31>=0.8,"Alto avance",IF(G31>=0.5,"Avance medio",IF(G31>=0.3,"Avance inicial",IF(G31>=0.1,"Base solida","Base inicial")))) -> Base solida
A32: Leo Lazaro | B32: =COUNTA(NORMATIVOS!AE3:AE279) -> 267 | C32: =COUNTIF(NORMATIVOS!AE3:AE279,"Consolidado") -> 25 | D32: =COUNTIF(NORMATIVOS!AE3:AE279,"En proceso") -> 32 | E32: =COUNTIF(NORMATIVOS!AE3:AE279,"Proyección") -> 210 | F32: =COUNTIF(NORMATIVOS!AE3:AE279,"N/A") -> 0 | G32: =IFERROR(C32/B32,0) -> 0.093632959 | H32: =IF(G32>=0.8,"Alto avance",IF(G32>=0.5,"Avance medio",IF(G32>=0.3,"Avance inicial",IF(G32>=0.1,"Base solida","Base inicial")))) -> Base inicial
A33: Isaac Rangel | B33: =COUNTA(NORMATIVOS!AF3:AF279) -> 267 | C33: =COUNTIF(NORMATIVOS!AF3:AF279,"Consolidado") -> 12 | D33: =COUNTIF(NORMATIVOS!AF3:AF279,"En proceso") -> 37 | E33: =COUNTIF(NORMATIVOS!AF3:AF279,"Proyección") -> 218 | F33: =COUNTIF(NORMATIVOS!AF3:AF279,"N/A") -> 0 | G33: =IFERROR(C33/B33,0) -> 0.04494382 | H33: =IF(G33>=0.8,"Alto avance",IF(G33>=0.5,"Avance medio",IF(G33>=0.3,"Avance inicial",IF(G33>=0.1,"Base solida","Base inicial")))) -> Base inicial

Sheet CATALOGOS
A1: ESTADOS DE EVALUACIÓN | C1: APARATOS | E1: CRITERIO
A2: N/A | C2: POSICIONES BÁSICAS Y FUERZA | E2: N/A = No adquirido: no lo hizo, no le sale, le faltó aprenderlo
A3: Proyección | C3: ACROBATICO HACÍA DELANTE | E3: Proyección = habilidad prevista para desarrollar
A4: En proceso | C4: ACROBATICO HACÍA ATRÁS | E4: En proceso = habilidad trabajada pero no consolidada
A5: Consolidado | C5: ACROBATICO CON GIRO | E5: Consolidado = habilidad dominada según el criterio del entrenador
C6: HONGO
C7: CABALLO SIN ARZON
C8: CABALLO CON ARZONES
C9: ELEMENTOS DE FUERZA
C10: ELEMENTOS DE VUELO
C11: ACCIONES SIN TABLA DE SALTO
C12: SALTOS
C13: ELEMENTOS EN SUSPENSION
C14: ELEMENTOS EN APOYO
C15: ELEMENTOS EN APOYO BRAQUIAL
C16: ELEMENTOS DE VUELO Y SOLTADAS
C17: ACERCAMIENTO A LA BARRA
