Workbook
Name ListaAtletas: NORMATIVOS!$C$1:$N$1

Sheet NORMATIVOS
B1: Consolidado = 🟩 Proyeccion = 🟦 En Proceso = 🟨 No Adquirido = 🟥 | C1: Renato Garcia | D1: Krishna Vargas | E1: Adolfo Sochiro | F1: Iker Bonilla | G1: Joseph Cardona | H1: Kevin Gonzalez
A2: PISO
A3: POSICIONES BÁSICAS Y FUERZA | B3: Postura de pie firme | C3: Proyección | D3: Proyección | E3: Proyección | F3: Proyección | G3: Proyección | H3: Proyección | I3: Proyección | J3: Proyección | K3: Proyección | L3: Proyección | M3: Proyección | N3: Proyección | O3: Nivel 3 | P3: Nivel 4 | Q3: Nivel 5 | R3: Nivel 6 | S3: Nivel 7 | T3: Nivel 8 | U3: Nivel 9 | V3: Nivel 10 Jr | W3: Nivel 10 FIG
B4: Parado de hombros | C4: Proyección | D4: Proyección | E4: Proyección | F4: Proyección | G4: Proyección | H4: Proyección | I4: Proyección | J4: Proyección | K4: Proyección | L4: Proyección | M4: Proyección | N4: Proyección
B5: Parado de antebrazos | C5: Proyección | D5: Proyección | E5: Proyección | F5: Proyección | G5: Proyección | H5: Proyección | I5: Proyección | J5: Proyección | K5: Proyección | L5: Proyección | M5: Proyección | N5: Proyección
B6: Parado de cabeza | C6: Proyección | D6: Proyección | E6: Proyección | F6: Proyección | G6: Proyección | H6: Proyección | I6: Proyección | J6: Proyección | K6: Proyección | L6: Proyección | M6: Proyección | N6: Proyección
B7: Parado de manos en apoyo | C7: Proyección | D7: Proyección | E7: Proyección | F7: Proyección | G7: Proyección | H7: Proyección | I7: Proyección | J7: Proyección | K7: Proyección | L7: Proyección | M7: Proyección | N7: Proyección
B8: Parado de Manos | C8: Proyección | D8: Proyección | E8: Proyección | F8: Proyección | G8: Proyección | H8: Proyección | I8: Proyección | J8: Proyección | K8: Proyección | L8: Proyección | M8: Proyección | N8: Proyección
B9: Split | C9: Proyección | D9: Proyección | E9: Proyección | F9: Proyección | G9: Proyección | H9: Proyección | I9: Proyección | J9: Proyección | K9: Proyección | L9: Proyección | M9: Proyección | N9: Proyección
B10: Squat | C10: Proyección | D10: Proyección | E10: Proyección | F10: Proyección | G10: Proyección | H10: Proyección | I10: Proyección | J10: Proyección | K10: Proyección | L10: Proyección | M10: Proyección | N10: Proyección
B11: Equilibrio a un pie (arabesca) | C11: Proyección | D11: Proyección | E11: Proyección | F11: Proyección | G11: Proyección | H11: Proyección | I11: Proyección | J11: Proyección | K11: Proyección | L11: Proyección | M11: Proyección | N11: Proyección
B12: L sit | C12: Proyección | D12: Proyección | E12: Proyección | F12: Proyección | G12: Proyección | H12: Proyección | I12: Proyección | J12: Proyección | K12: Proyección | L12: Proyección | M12: Proyección | N12: Proyección
B13: Sustentación en Arco | C13: Proyección | D13: Proyección | E13: Proyección | F13: Proyección | G13: Proyección | H13: Proyección | I13: Proyección | J13: Proyección | K13: Proyección | L13: Proyección | M13: Proyección | N13: Proyección
B14: Soporte en escuadra endo | C14: Proyección | D14: Proyección | E14: Proyección | F14: Proyección | G14: Proyección | H14: Proyección | I14: Proyección | J14: Proyección | K14: Proyección | L14: Proyección | M14: Proyección | N14: Proyección
B15: Kato de fuerza | C15: Proyección | D15: Proyección | E15: Proyección | F15: Proyección | G15: Proyección | H15: Proyección | I15: Proyección | J15: Proyección | K15: Proyección | L15: Proyección | M15: Proyección | N15: Proyección
B16: Rodada Kato | C16: Proyección | D16: Proyección | E16: Proyección | F16: Proyección | G16: Proyección | H16: Proyección | I16: Proyección | J16: Proyección | K16: Proyección | L16: Proyección | M16: Proyección | N16: Proyección
A17: ACROBATICO HACÍA DELANTE | B17: Rodada adelanté | C17: Proyección | D17: Proyección | E17: Proyección | F17: Proyección | G17: Proyección | H17: Proyección | I17: Proyección | J17: Proyección | K17: Proyección | L17: Proyección | M17: Proyección | N17: Proyección | O17: Nivel 3 | P17: Nivel 4 | Q17: Nivel 5 | R17: Nivel 6 | S17: Nivel 7 | T17: Nivel 8 | U17: Nivel 9 | V17: Nivel 10 Jr | W17: Nivel 10 FIG
B18: Vuelta de carro | C18: Proyección | D18: Proyección | E18: Proyección | F18: Proyección | G18: Proyección | H18: Proyección | I18: Proyección | J18: Proyección | K18: Proyección | L18: Proyección | M18: Proyección | N18: Proyección
B19: Redondilla | C19: Proyección | D19: Proyección | E19: Proyección | F19: Proyección | G19: Proyección | H19: Proyección | I19: Proyección | J19: Proyección | K19: Proyección | L19: Proyección | M19: Proyección | N19: Proyección
B20: Resorte a 2 pies | C20: Proyección | D20: Proyección | E20: Proyección | F20: Proyección | G20: Proyección | H20: Proyección | I20: Proyección | J20: Proyección | K20: Proyección | L20: Proyección | M20: Proyección | N20: Proyección
B21: Resorte a 1 pie | C21: Proyección | D21: Proyección | E21: Proyección | F21: Proyección | G21: Proyección | H21: Proyección | I21: Proyección | J21: Proyección | K21: Proyección | L21: Proyección | M21: Proyección | N21: Proyección
B22: Mortal adelante en C | C22: Proyección | D22: Proyección | E22: Proyección | F22: Proyección | G22: Proyección | H22: Proyección | I22: Proyección | J22: Proyección | K22: Proyección | L22: Proyección | M22: Proyección | N22: Proyección
B23: Resorte 1 a 2 | C23: Proyección | D23: Proyección | E23: Proyección | F23: Proyección | G23: Proyección | H23: Proyección | I23: Proyección | J23: Proyección | K23: Proyección | L23: Proyección | M23: Proyección | N23: Proyección
B24: Mortal adelante en V | C24: Proyección | D24: Proyección | E24: Proyección | F24: Proyección | G24: Proyección | H24: Proyección | I24: Proyección | J24: Proyección | K24: Proyección | L24: Proyección | M24: Proyección | N24: Proyección
B25: Mortal extendido | C25: Proyección | D25: Proyección | E25: Proyección | F25: Proyección | G25: Proyección | H25: Proyección | I25: Proyección | J25: Proyección | K25: Proyección | L25: Proyección | M25: Proyección | N25: Proyección
B26: Mortal rebote mortal | C26: Proyección | D26: Proyección | E26: Proyección | F26: Proyección | G26: Proyección | H26: Proyección | I26: Proyección | J26: Proyección | K26: Proyección | L26: Proyección | M26: Proyección | N26: Proyección
B27: Doble mortal en C adelanté | C27: Proyección | D27: Proyección | E27: Proyección | F27: Proyección | G27: Proyección | H27: Proyección | I27: Proyección | J27: Proyección | K27: Proyección | L27: Proyección | M27: Proyección | N27: Proyección
A28: ACROBATICO HACÍA ATRÁS | B28: Rodada atras | C28: Proyección | D28: Proyección | E28: Proyección | F28: Proyección | G28: Proyección | H28: Proyección | I28: Proyección | J28: Proyección | K28: Proyección | L28: Proyección | M28: Proyección | N28: Proyección | O28: Nivel 3 | P28: Nivel 4 | Q28: Nivel 5 | R28: Nivel 6 | S28: Nivel 7 | T28: Nivel 8 | U28: Nivel 9 | V28: Nivel 10 Jr | W28: Nivel 10 FIG
B29: Rodada atrás a parado de manos | C29: Proyección | D29: Proyección | E29: Proyección | F29: Proyección | G29: Proyección | H29: Proyección | I29: Proyección | J29: Proyección | K29: Proyección | L29: Proyección | M29: Proyección | N29: Proyección
B30: Flic flac | C30: Proyección | D30: Proyección | E30: Proyección | F30: Proyección | G30: Proyección | H30: Proyección | I30: Proyección | J30: Proyección | K30: Proyección | L30: Proyección | M30: Proyección | N30: Proyección
B31: Doble flic | C31: Proyección | D31: Proyección | E31: Proyección | F31: Proyección | G31: Proyección | H31: Proyección | I31: Proyección | J31: Proyección | K31: Proyección | L31: Proyección | M31: Proyección | N31: Proyección
B32: Mortal atras en C desde Redondilla | C32: Proyección | D32: Proyección | E32: Proyección | F32: Proyección | G32: Proyección | H32: Proyección | I32: Proyección | J32: Proyección | K32: Proyección | L32: Proyección | M32: Proyección | N32: Proyección
B33: Mortal atras en C desde Flic flac | C33: Proyección | D33: Proyección | E33: Proyección | F33: Proyección | G33: Proyección | H33: Proyección | I33: Proyección | J33: Proyección | K33: Proyección | L33: Proyección | M33: Proyección | N33: Proyección
B34: Mortal en V atras | C34: Proyección | D34: Proyección | E34: Proyección | F34: Proyección | G34: Proyección | H34: Proyección | I34: Proyección | J34: Proyección | K34: Proyección | L34: Proyección | M34: Proyección | N34: Proyección
B35: Mortal extendido atras | C35: Proyección | D35: Proyección | E35: Proyección | F35: Proyección | G35: Proyección | H35: Proyección | I35: Proyección | J35: Proyección | K35: Proyección | L35: Proyección | M35: Proyección | N35: Proyección
B36: Power flic (Tempo) | C36: Proyección | D36: Proyección | E36: Proyección | F36: Proyección | G36: Proyección | H36: Proyección | I36: Proyección | J36: Proyección | K36: Proyección | L36: Proyección | M36: Proyección | N36: Proyección
B37: Doble mortal atrás en C | C37: Proyección | D37: Proyección | E37: Proyección | F37: Proyección | G37: Proyección | H37: Proyección | I37: Proyección | J37: Proyección | K37: Proyección | L37: Proyección | M37: Proyección | N37: Proyección
A38: ACROBATICO CON GIRO | B38: Mortal extendido atras con 1/2 giro | C38: Proyección | D38: Proyección | E38: Proyección | F38: Proyección | G38: Proyección | H38: Proyección | I38: Proyección | J38: Proyección | K38: Proyección | L38: Proyección | M38: Proyección | N38: Proyección | R38: Nivel 6 | S38: Nivel 7 | T38: Nivel 8 | U38: Nivel 9 | V38: Nivel 10 Jr | W38: Nivel 10 FIG
B39: Mortal extendido atras con un giro | C39: Proyección | D39: Proyección | E39: Proyección | F39: Proyección | G39: Proyección | H39: Proyección | I39: Proyección | J39: Proyección | K39: Proyección | L39: Proyección | M39: Proyección | N39: Proyección
B40: Mortal agrupado adelanté con 1/2 giro | C40: Proyección | D40: Proyección | E40: Proyección | F40: Proyección | G40: Proyección | H40: Proyección | I40: Proyección | J40: Proyección | K40: Proyección | L40: Proyección | M40: Proyección | N40: Proyección
B41: Mortal agrupado adelanté con 1 giro | C41: Proyección | D41: Proyección | E41: Proyección | F41: Proyección | G41: Proyección | H41: Proyección | I41: Proyección | J41: Proyección | K41: Proyección | L41: Proyección | M41: Proyección | N41: Proyección
B42: Varani | C42: Proyección | D42: Proyección | E42: Proyección | F42: Proyección | G42: Proyección | H42: Proyección | I42: Proyección | J42: Proyección | K42: Proyección | L42: Proyección | M42: Proyección | N42: Proyección
B43: Mortal extendido adelanté con 1 giro | C43: Proyección | D43: Proyección | E43: Proyección | F43: Proyección | G43: Proyección | H43: Proyección | I43: Proyección | J43: Proyección | K43: Proyección | L43: Proyección | M43: Proyección | N43: Proyección
B44: Mortal extendido atras con 1 1/2 giro | C44: Proyección | D44: Proyección | E44: Proyección | F44: Proyección | G44: Proyección | H44: Proyección | I44: Proyección | J44: Proyección | K44: Proyección | L44: Proyección | M44: Proyección | N44: Proyección
B45: Mortal extendido atrás con 2 giros | C45: Proyección | D45: Proyección | E45: Proyección | F45: Proyección | G45: Proyección | H45: Proyección | I45: Proyección | J45: Proyección | K45: Proyección | L45: Proyección | M45: Proyección | N45: Proyección
B46: Mortal extendido adelante con 1 1/2 giro | C46: Proyección | D46: Proyección | E46: Proyección | F46: Proyección | G46: Proyección | H46: Proyección | I46: Proyección | J46: Proyección | K46: Proyección | L46: Proyección | M46: Proyección | N46: Proyección
A48: ARZON
A49: HONGO | B49: Posturas básicas de apoyo e impulso | C49: Proyección | D49: Proyección | E49: Proyección | F49: Proyección | G49: Proyección | H49: Proyección | I49: Proyección | J49: Proyección | K49: Proyección | L49: Proyección | M49: Proyección | N49: Proyección | O49: Nivel 3 | P49: Nivel 4 | Q49: Nivel 5 | R49: Nivel 6 | S49: Nivel 7 | T49: Nivel 8 | U49: Nivel 9 | V49: Nivel 10 Jr | W49: Nivel 10 FIG
B50: 1/4 de circulo | C50: Proyección | D50: Proyección | E50: Proyección | F50: Proyección | G50: Proyección | H50: Proyección | I50: Proyección | J50: Proyección | K50: Proyección | L50: Proyección | M50: Proyección | N50: Proyección
B51: 1/2 de circulo | C51: Proyección | D51: Proyección | E51: Proyección | F51: Proyección | G51: Proyección | H51: Proyección | I51: Proyección | J51: Proyección | K51: Proyección | L51: Proyección | M51: Proyección | N51: Proyección
B52: 3/4 de circulo | C52: Proyección | D52: Proyección | E52: Proyección | F52: Proyección | G52: Proyección | H52: Proyección | I52: Proyección | J52: Proyección | K52: Proyección | L52: Proyección | M52: Proyección | N52: Proyección
B53: 1 circulo | C53: Proyección | D53: Proyección | E53: Proyección | F53: Proyección | G53: Proyección | H53: Proyección | I53: Proyección | J53: Proyección | K53: Proyección | L53: Proyección | M53: Proyección | N53: Proyección
B54: 2 circulos | C54: Proyección | D54: Proyección | E54: Proyección | F54: Proyección | G54: Proyección | H54: Proyección | I54: Proyección | J54: Proyección | K54: Proyección | L54: Proyección | M54: Proyección | N54: Proyección
B55: 3 circulos | C55: Proyección | D55: Proyección | E55: Proyección | F55: Proyección | G55: Proyección | H55: Proyección | I55: Proyección | J55: Proyección | K55: Proyección | L55: Proyección | M55: Proyección | N55: Proyección
B56: 4 circulos | C56: Proyección | D56: Proyección | E56: Proyección | F56: Proyección | G56: Proyección | H56: Proyección | I56: Proyección | J56: Proyección | K56: Proyección | L56: Proyección | M56: Proyección | N56: Proyección
B57: 5 circulos | C57: Proyección | D57: Proyección | E57: Proyección | F57: Proyección | G57: Proyección | H57: Proyección | I57: Proyección | J57: Proyección | K57: Proyección | L57: Proyección | M57: Proyección | N57: Proyección
B58: Salida finlandesa | C58: Proyección | D58: Proyección | E58: Proyección | F58: Proyección | G58: Proyección | H58: Proyección | I58: Proyección | J58: Proyección | K58: Proyección | L58: Proyección | M58: Proyección | N58: Proyección
B59: Splindle | C59: Proyección | D59: Proyección | E59: Proyección | F59: Proyección | G59: Proyección | H59: Proyección | I59: Proyección | J59: Proyección | K59: Proyección | L59: Proyección | M59: Proyección | N59: Proyección
B60: Thomas Flair | C60: Proyección | D60: Proyección | E60: Proyección | F60: Proyección | G60: Proyección | H60: Proyección | I60: Proyección | J60: Proyección | K60: Proyección | L60: Proyección | M60: Proyección | N60: Proyección
B61: Cheka | C61: Proyección | D61: Proyección | E61: Proyección | F61: Proyección | G61: Proyección | H61: Proyección | I61: Proyección | J61: Proyección | K61: Proyección | L61: Proyección | M61: Proyección | N61: Proyección
... B64: Rusa | C64: Proyección | D64: Proyección | E64: Proyección | F64: Proyección | G64: Proyección | H64: Proyección | I64: Proyección | J64: Proyección | K64: Proyección | L64: Proyección | M64: Proyección | N64: Proyección
A65: CABALLO SIN ARZON | B65: 1/2 Circulo | C65: Proyección | D65: Proyección | E65: Proyección | F65: Proyección | G65: Proyección | H65: Proyección | I65: Proyección | J65: Proyección | K65: Proyección | L65: Proyección | M65: Proyección | N65: Proyección | R65: Nivel 6 | S65: Nivel 7 | T65: Nivel 8 | U65: Nivel 9 | V65: Nivel 10 Jr | W65: Nivel 10 FIG
B66: Circulo | C66: Proyección | D66: Proyección | E66: Proyección | F66: Proyección | G66: Proyección | H66: Proyección | I66: Proyección | J66: Proyección | K66: Proyección | L66: Proyección | M66: Proyección | N66: Proyección
B67: Thomas Flair | C67: Proyección | D67: Proyección | E67: Proyección | F67: Proyección | G67: Proyección | H67: Proyección | I67: Proyección | J67: Proyección | K67: Proyección | L67: Proyección | M67: Proyección | N67: Proyección
B68: 1/4 de Kehr | C68: Proyección | D68: Proyección | E68: Proyección | F68: Proyección | G68: Proyección | H68: Proyección | I68: Proyección | J68: Proyección | K68: Proyección | L68: Proyección | M68: Proyección | N68: Proyección
B69: 1/2 Splindle | C69: Proyección | D69: Proyección | E69: Proyección | F69: Proyección | G69: Proyección | H69: Proyección | I69: Proyección | J69: Proyección | K69: Proyección | L69: Proyección | M69: Proyección | N69: Proyección
B70: Salida finlandesa | C70: Proyección | D70: Proyección | E70: Proyección | F70: Proyección | G70: Proyección | H70: Proyección | I70: Proyección | J70: Proyección | K70: Proyección | L70: Proyección | M70: Proyección | N70: Proyección
B71: Cheka | C71: Proyección | D71: Proyección | E71: Proyección | F71: Proyección | G71: Proyección | H71: Proyección | I71: Proyección | J71: Proyección | K71: Proyección | L71: Proyección | M71: Proyección | N71: Proyección
B72: Stöckli | C72: Proyección | D72: Proyección | E72: Proyección | F72: Proyección | G72: Proyección | H72: Proyección | I72: Proyección | J72: Proyección | K72: Proyección | L72: Proyección | M72: Proyección | N72: Proyección
B73: 1/2 Magyar | C73: Proyección | D73: Proyección | E73: Proyección | F73: Proyección | G73: Proyección | H73: Proyección | I73: Proyección | J73: Proyección | K73: Proyección | L73: Proyección | M73: Proyección | N73: Proyección
B74: 1/2 Sivado | C74: Proyección | D74: Proyección | E74: Proyección | F74: Proyección | G74: Proyección | H74: Proyección | I74: Proyección | J74: Proyección | K74: Proyección | L74: Proyección | M74: Proyección | N74: Proyección
B75: Rusa | C75: Proyección | D75: Proyección | E75: Proyección | F75: Proyección | G75: Proyección | H75: Proyección | I75: Proyección | J75: Proyección | K75: Proyección | L75: Proyección | M75: Proyección | N75: Proyección
B76: Doble rusa | C76: Proyección | D76: Proyección | E76: Proyección | F76: Proyección | G76: Proyección | H76: Proyección | I76: Proyección | J76: Proyección | K76: Proyección | L76: Proyección | M76: Proyección | N76: Proyección
B77: Magyar | C77: Proyección | D77: Proyección | E77: Proyección | F77: Proyección | G77: Proyección | H77: Proyección | I77: Proyección | J77: Proyección | K77: Proyección | L77: Proyección | M77: Proyección | N77: Proyección
B78: Sivado | C78: Proyección | D78: Proyección | E78: Proyección | F78: Proyección | G78: Proyección | H78: Proyección | I78: Proyección | J78: Proyección | K78: Proyección | L78: Proyección | M78: Proyección | N78: Proyección
A79: CABALLO CON ARZONES | B79: Balanceo pendular | C79: Proyección | D79: Proyección | E79: Proyección | F79: Proyección | G79: Proyección | H79: Proyección | I79: Proyección | J79: Proyección | K79: Proyección | L79: Proyección | M79: Proyección | N79: Proyección | U79: Nivel 9 | V79: Nivel 10 Jr | W79: Nivel 10 FIG
B80: Tijera falsa | C80: Proyección | D80: Proyección | E80: Proyección | F80: Proyección | G80: Proyección | H80: Proyección | I80: Proyección | J80: Proyección | K80: Proyección | L80: Proyección | M80: Proyección | N80: Proyección
B81: Tijera | C81: Proyección | D81: Proyección | E81: Proyección | F81: Proyección | G81: Proyección | H81: Proyección | I81: Proyección | J81: Proyección | K81: Proyección | L81: Proyección | M81: Proyección | N81: Proyección
B82: Circulo sobre arzones | C82: Proyección | D82: Proyección | E82: Proyección | F82: Proyección | G82: Proyección | H82: Proyección | I82: Proyección | J82: Proyección | K82: Proyección | L82: Proyección | M82: Proyección | N82: Proyección
B83: Tijera circulo | C83: Proyección | D83: Proyección | E83: Proyección | F83: Proyección | G83: Proyección | H83: Proyección | I83: Proyección | J83: Proyección | K83: Proyección | L83: Proyección | M83: Proyección | N83: Proyección
B84: Bajada lateral | C84: Proyección | D84: Proyección | E84: Proyección | F84: Proyección | G84: Proyección | H84: Proyección | I84: Proyección | J84: Proyección | K84: Proyección | L84: Proyección | M84: Proyección | N84: Proyección
B85: Circulo en grupa | C85: Proyección | D85: Proyección | E85: Proyección | F85: Proyección | G85: Proyección | H85: Proyección | I85: Proyección | J85: Proyección | K85: Proyección | L85: Proyección | M85: Proyección | N85: Proyección
B86: Circulo lateral en grupa | C86: Proyección | D86: Proyección | E86: Proyección | F86: Proyección | G86: Proyección | H86: Proyección | I86: Proyección | J86: Proyección | K86: Proyección | L86: Proyección | M86: Proyección | N86: Proyección
B87: Circulo frontal en grupa | C87: Proyección | D87: Proyección | E87: Proyección | F87: Proyección | G87: Proyección | H87: Proyección | I87: Proyección | J87: Proyección | K87: Proyección | L87: Proyección | M87: Proyección | N87: Proyección
B88: 1/4 de Kehr en grupa | C88: Proyección | D88: Proyección | E88: Proyección | F88: Proyección | G88: Proyección | H88: Proyección | I88: Proyección | J88: Proyección | K88: Proyección | L88: Proyección | M88: Proyección | N88: Proyección
B89: 1/2 Splindle en grupa | C89: Proyección | D89: Proyección | E89: Proyección | F89: Proyección | G89: Proyección | H89: Proyección | I89: Proyección | J89: Proyección | K89: Proyección | L89: Proyección | M89: Proyección | N89: Proyección
B90: Salida finlandesa | C90: Proyección | D90: Proyección | E90: Proyección | F90: Proyección | G90: Proyección | H90: Proyección | I90: Proyección | J90: Proyección | K90: Proyección | L90: Proyección | M90: Proyección | N90: Proyección
B91: Cheka sobre arzones | C91: Proyección | D91: Proyección | E91: Proyección | F91: Proyección | G91: Proyección | H91: Proyección | I91: Proyección | J91: Proyección | K91: Proyección | L91: Proyección | M91: Proyección | N91: Proyección
... B104: Bezugo | C104: Proyección | D104: Proyección | E104: Proyección | F104: Proyección | G104: Proyección | H104: Proyección | I104: Proyección | J104: Proyección | K104: Proyección | L104: Proyección | M104: Proyección | N104: Proyección
A106: ANILLOS
A107: ELEMENTOS DE FUERZA | B107: L sit en suspension | C107: Proyección | D107: Proyección | E107: Proyección | F107: Proyección | G107: Proyección | H107: Proyección | I107: Proyección | J107: Proyección | K107: Proyección | L107: Proyección | M107: Proyección | N107: Proyección | O107: Nivel 3 | P107: Nivel 4 | Q107: Nivel 5 | R107: Nivel 6 | S107: Nivel 7 | T107: Nivel 8 | U107: Nivel 9 | V107: Nivel 10 Jr | W107: Nivel 10 FIG
B108: Dominada | C108: Proyección | D108: Proyección | E108: Proyección | F108: Proyección | G108: Proyección | H108: Proyección | I108: Proyección | J108: Proyección | K108: Proyección | L108: Proyección | M108: Proyección | N108: Proyección
B109: Vela | C109: Proyección | D109: Proyección | E109: Proyección | F109: Proyección | G109: Proyección | H109: Proyección | I109: Proyección | J109: Proyección | K109: Proyección | L109: Proyección | M109: Proyección | N109: Proyección
B110: Plancha dorsal | C110: Proyección | D110: Proyección | E110: Proyección | F110: Proyección | G110: Proyección | H110: Proyección | I110: Proyección | J110: Proyección | K110: Proyección | L110: Proyección | M110: Proyección | N110: Proyección
B111: Hercules | C111: Proyección | D111: Proyección | E111: Proyección | F111: Proyección | G111: Proyección | H111: Proyección | I111: Proyección | J111: Proyección | K111: Proyección | L111: Proyección | M111: Proyección | N111: Proyección
B112: L sit en apoyo | C112: Proyección | D112: Proyección | E112: Proyección | F112: Proyección | G112: Proyección | H112: Proyección | I112: Proyección | J112: Proyección | K112: Proyección | L112: Proyección | M112: Proyección | N112: Proyección
B113: Plancha agrupada | C113: Proyección | D113: Proyección | E113: Proyección | F113: Proyección | G113: Proyección | H113: Proyección | I113: Proyección | J113: Proyección | K113: Proyección | L113: Proyección | M113: Proyección | N113: Proyección
B114: Parado de hombros | C114: Proyección | D114: Proyección | E114: Proyección | F114: Proyección | G114: Proyección | H114: Proyección | I114: Proyección | J114: Proyección | K114: Proyección | L114: Proyección | M114: Proyección | N114: Proyección
B115: L sit a Parado de manos (Kato) | C115: Proyección | D115: Proyección | E115: Proyección | F115: Proyección | G115: Proyección | H115: Proyección | I115: Proyección | J115: Proyección | K115: Proyección | L115: Proyección | M115: Proyección | N115: Proyección
B116: Semidisloque desde suspension estática | C116: Proyección | D116: Proyección | E116: Proyección | F116: Proyección | G116: Proyección | H116: Proyección | I116: Proyección | J116: Proyección | K116: Proyección | L116: Proyección | M116: Proyección | N116: Proyección
...

Sheet FICHA DEL ATLETA
A1: FICHA INDIVIDUAL DE EVALUACIÓN
A3: Atleta: | B3: Renato Garcia
A5: RESUMEN | D5: Aparato | E5: Consolidado | F5: En proceso | G5: Proyección | H5: % dominio
A6: Elementos evaluados | B6: =INDEX(CONSOLIDADO!$B$4:$B$5,MATCH($B$3,CONSOLIDADO!$A$4:$A$5,0)) -> 264 | D6: POSICIONES BÁSICAS Y FUERZA | E6: =--(INDEX(NORMATIVOS!$C$3:$W$3,1,MATCH($B$3,NORMATIVOS!$C$1:$W$1,0))="Consolidado")+--(INDEX(NORMATIVOS!$C$4:$W$4,1,MATCH($B$3,NORMATIVOS!$C$1:$W$1,0))="Consolidado")+--(INDEX(NORMATIVOS!$C$5:$W$5,1,MATCH($B$3,NORMATIVOS!$C$1:$W$1,0))="Consolidado")+--(INDEX(NORMATIVOS!$C$6:$W$6,1,MATCH($B$3,NORMATIVOS!$C$1:$W$1,0))="Consolidado")+--(INDEX(NORMATIVOS!$C$7:$W$7,1,MATCH($B$3,NORMATIVOS!$C$1:$W$1,0))="Consolidado")+--(INDEX(NORMATIVOS!$C$8:$W$8,1,MATCH($B$3,NORMATIVOS!$C$1:$W$1,0))="Consolidado")+--(INDEX(NORMATIVOS!$C$9:$W$9,1,MATCH($B$3,NORMATIVOS!$C$1:$W$1,0))="Consolidado")+--(INDEX(NORMATIVOS!$C$10:$W$10,1,MATCH($B$3,NORMATIVOS!$C$1:$W$1,0))="Consolidado")+--(INDEX(NORMATIVOS!$C$11:$W$11,1,MATCH($B$3,NORMATIVOS!$C$1:$W$1,0))="Consolidado")+--(INDEX(NORMATIVOS!$C$12:$W$12,1,MATCH($B$3,NORMATIVOS!$C$1:$W$1,0))="Consolidado")+--(INDEX(NORMATIVOS!$C$13:$W$13,1,MATCH($B$3,NORMATIVOS!$C$1:$W$1,0))="Consolidado")+--(INDEX(NORMATIVOS!$C$14:$W$14,1,MATCH($B$3,NORMATIVOS!$C$1:$W$1,0))="Consolidado")+--(INDEX(NORMATIVOS!$C$15:$W$15,1,MATCH($B$3,NORMATIVOS!$C$1:$W$1,0))="Consolidado")+--(INDEX(NORMATIVOS!$C$16:$W$16,1,MATCH($B$3,NORMATIVOS!$C$1:$W$1,0))="Consolidado") -> 0 | F6: =--(INDEX(NORMATIVOS!$C$3:$W$3,1,MATCH($B$3,NORMATIVOS!$C$1:$W$1,0))="En proceso")+--(INDEX(NORMATIVOS!$C$4:$W$4,1,MATCH($B$3,NORMATIVOS!$C$1:$W$1,0))="En proceso")+--(INDEX(NORMATIVOS!$C$5:$W$5,1,MATCH($B$3,NORMATIVOS!$C$1:$W$1,0))="En proceso")+--(INDEX(NORMATIVOS!$C$6:$W$6,1,MATCH($B$3,NORMATIVOS!$C$1:$W$1,0))="En proceso")+--(INDEX(NORMATIVOS!$C$7:$W$7,1,MATCH($B$3,NORMATIVOS!$C$1:$W$1,0))="En proceso")+--(INDEX(NORMATIVOS!$C$8:$W$8,1,MATCH($B$3,NORMATIVOS!$C$1:$W$1,0))="En proceso")+--(INDEX(NORMATIVOS!$C$9:$W$9,1,MATCH($B$3,NORMATIVOS!$C$1:$W$1,0))="En proceso")+--(INDEX(NORMATIVOS!$C$10:$W$10,1,MATCH($B$3,NORMATIVOS!$C$1:$W$1,0))="En proceso")+--(INDEX(NORMATIVOS!$C$11:$W$11,1,MATCH($B$3,NORMATIVOS!$C$1:$W$1,0))="En proceso")+--(INDEX(NORMATIVOS!$C$12:$W$12,1,MATCH($B$3,NORMATIVOS!$C$1:$W$1,0))="En proceso")+--(INDEX(NORMATIVOS!$C$13:$W$13,1,MATCH($B$3,NORMATIVOS!$C$1:$W$1,0))="En proceso")+--(INDEX(NORMATIVOS!$C$14:$W$14,1,MATCH($B$3,NORMATIVOS!$C$1:$W$1,0))="En proceso")+--(INDEX(NORMATIVOS!$C$15:$W$15,1,MATCH($B$3,NORMATIVOS!$C$1:$W$1,0))="En proceso")+--(INDEX(NORMATIVOS!$C$16:$W$16,1,MATCH($B$3,NORMATIVOS!$C$1:$W$1,0))="En proceso") -> 0 | G6: =--(INDEX(NORMATIVOS!$C$3:$W$3,1,MATCH($B$3,NORMATIVOS!$C$1:$W$1,0))="Proyección")+--(INDEX(NORMATIVOS!$C$4:$W$4,1,MATCH($B$3,NORMATIVOS!$C$1:$W$1,0))="Proyección")+--(INDEX(NORMATIVOS!$C$5:$W$5,1,MATCH($B$3,NORMATIVOS!$C$1:$W$1,0))="Proyección")+--(INDEX(NORMATIVOS!$C$6:$W$6,1,MATCH($B$3,NORMATIVOS!$C$1:$W$1,0))="Proyección")+--(INDEX(NORMATIVOS!$C$7:$W$7,1,MATCH($B$3,NORMATIVOS!$C$1:$W$1,0))="Proyección")+--(INDEX(NORMATIVOS!$C$8:$W$8,1,MATCH($B$3,NORMATIVOS!$C$1:$W$1,0))="Proyección")+--(INDEX(NORMATIVOS!$C$9:$W$9,1,MATCH($B$3,NORMATIVOS!$C$1:$W$1,0))="Proyección")+--(INDEX(NORMATIVOS!$C$10:$W$10,1,MATCH($B$3,NORMATIVOS!$C$1:$W$1,0))="Proyección")+--(INDEX(NORMATIVOS!$C$11:$W$11,1,MATCH($B$3,NORMATIVOS!$C$1:$W$1,0))="Proyección")+--(INDEX(NORMATIVOS!$C$12:$W$12,1,MATCH($B$3,NORMATIVOS!$C$1:$W$1,0))="Proyección")+--(INDEX(NORMATIVOS!$C$13:$W$13,1,MATCH($B$3,NORMATIVOS!$C$1:$W$1,0))="Proyección")+--(INDEX(NORMATIVOS!$C$14:$W$14,1,MATCH($B$3,NORMATIVOS!$C$1:$W$1,0))="Proyección")+--(INDEX(NORMATIVOS!$C$15:$W$15,1,MATCH($B$3,NORMATIVOS!$C$1:$W$1,0))="Proyección")+--(INDEX(NORMATIVOS!$C$16:$W$16,1,MATCH($B$3,NORMATIVOS!$C$1:$W$1,0))="Proyección") -> 14 | H6: =IFERROR(E6/(E6+F6+G6),0) -> 0
A7: Consolidados | B7: =INDEX(CONSOLIDADO!$C$4:$C$5,MATCH($B$3,CONSOLIDADO!$A$4:$A$5,0)) -> 0 | D7: ACROBATICO HACÍA DELANTE | E7: =--(INDEX(NORMATIVOS!$C$17:$W$17,1,MATCH($B$3,NORMATIVOS!$C$1:$W$1,0))="Consolidado")+--(INDEX(NORMATIVOS!$C$18:$W$18,1,MATCH($B$3,NORMATIVOS!$C$1:$W$1,0))="Consolidado")+--(INDEX(NORMATIVOS!$C$19:$W$19,1,MATCH($B$3,NORMATIVOS!$C$1:$W$1,0))="Consolidado")+--(INDEX(NORMATIVOS!$C$20:$W$20,1,MATCH($B$3,NORMATIVOS!$C$1:$W$1,0))="Consolidado")+--(INDEX(NORMATIVOS!$C$21:$W$21,1,MATCH($B$3,NORMATIVOS!$C$1:$W$1,0))="Consolidado")+--(INDEX(NORMATIVOS!$C$22:$W$22,1,MATCH($B$3,NORMATIVOS!$C$1:$W$1,0))="Consolidado")+--(INDEX(NORMATIVOS!$C$23:$W$23,1,MATCH($B$3,NORMATIVOS!$C$1:$W$1,0))="Consolidado")+--(INDEX(NORMATIVOS!$C$24:$W$24,1,MATCH($B$3,NORMATIVOS!$C$1:$W$1,0))="Consolidado")+--(INDEX(NORMATIVOS!$C$25:$W$25,1,MATCH($B$3,NORMATIVOS!$C$1:$W$1,0))="Consolidado")+--(INDEX(NORMATIVOS!$C$26:$W$26,1,MATCH($B$3,NORMATIVOS!$C$1:$W$1,0))="Consolidado")+--(INDEX(NORMATIVOS!$C$27:$W$27,1,MATCH($B$3,NORMATIVOS!$C$1:$W$1,0))="Consolidado") -> 0 | F7: =--(INDEX(NORMATIVOS!$C$17:$W$17,1,MATCH($B$3,NORMATIVOS!$C$1:$W$1,0))="En proceso")+--(INDEX(NORMATIVOS!$C$18:$W$18,1,MATCH($B$3,NORMATIVOS!$C$1:$W$1,0))="En proceso")+--(INDEX(NORMATIVOS!$C$19:$W$19,1,MATCH($B$3,NORMATIVOS!$C$1:$W$1,0))="En proceso")+--(INDEX(NORMATIVOS!$C$20:$W$20,1,MATCH($B$3,NORMATIVOS!$C$1:$W$1,0))="En proceso")+--(INDEX(NORMATIVOS!$C$21:$W$21,1,MATCH($B$3,NORMATIVOS!$C$1:$W$1,0))="En proceso")+--(INDEX(NORMATIVOS!$C$22:$W$22,1,MATCH($B$3,NORMATIVOS!$C$1:$W$1,0))="En proceso")+--(INDEX(NORMATIVOS!$C$23:$W$23,1,MATCH($B$3,NORMATIVOS!$C$1:$W$1,0))="En proceso")+--(INDEX(NORMATIVOS!$C$24:$W$24,1,MATCH($B$3,NORMATIVOS!$C$1:$W$1,0))="En proceso")+--(INDEX(NORMATIVOS!$C$25:$W$25,1,MATCH($B$3,NORMATIVOS!$C$1:$W$1,0))="En proceso")+--(INDEX(NORMATIVOS!$C$26:$W$26,1,MATCH($B$3,NORMATIVOS!$C$1:$W$1,0))="En proceso")+--(INDEX(NORMATIVOS!$C$27:$W$27,1,MATCH($B$3,NORMATIVOS!$C$1:$W$1,0))="En proceso") -> 0 | G7: =--(INDEX(NORMATIVOS!$C$17:$W$17,1,MATCH($B$3,NORMATIVOS!$C$1:$W$1,0))="Proyección")+--(INDEX(NORMATIVOS!$C$18:$W$18,1,MATCH($B$3,NORMATIVOS!$C$1:$W$1,0))="Proyección")+--(INDEX(NORMATIVOS!$C$19:$W$19,1,MATCH($B$3,NORMATIVOS!$C$1:$W$1,0))="Proyección")+--(INDEX(NORMATIVOS!$C$20:$W$20,1,MATCH($B$3,NORMATIVOS!$C$1:$W$1,0))="Proyección")+--(INDEX(NORMATIVOS!$C$21:$W$21,1,MATCH($B$3,NORMATIVOS!$C$1:$W$1,0))="Proyección")+--(INDEX(NORMATIVOS!$C$22:$W$22,1,MATCH($B$3,NORMATIVOS!$C$1:$W$1,0))="Proyección")+--(INDEX(NORMATIVOS!$C$23:$W$23,1,MATCH($B$3,NORMATIVOS!$C$1:$W$1,0))="Proyección")+--(INDEX(NORMATIVOS!$C$24:$W$24,1,MATCH($B$3,NORMATIVOS!$C$1:$W$1,0))="Proyección")+--(INDEX(NORMATIVOS!$C$25:$W$25,1,MATCH($B$3,NORMATIVOS!$C$1:$W$1,0))="Proyección")+--(INDEX(NORMATIVOS!$C$26:$W$26,1,MATCH($B$3,NORMATIVOS!$C$1:$W$1,0))="Proyección")+--(INDEX(NORMATIVOS!$C$27:$W$27,1,MATCH($B$3,NORMATIVOS!$C$1:$W$1,0))="Proyección") -> 11 | H7: =IFERROR(E7/(E7+F7+G7),0) -> 0
A8: En proceso | B8: =INDEX(CONSOLIDADO!$D$4:$D$5,MATCH($B$3,CONSOLIDADO!$A$4:$A$5,0)) -> 0 | D8: ACROBATICO HACÍA ATRÁS | E8: =--(INDEX(NORMATIVOS!$C$28:$W$28,1,MATCH($B$3,NORMATIVOS!$C$1:$W$1,0))="Consolidado")+--(INDEX(NORMATIVOS!$C$29:$W$29,1,MATCH($B$3,NORMATIVOS!$C$1:$W$1,0))="Consolidado")+--(INDEX(NORMATIVOS!$C$30:$W$30,1,MATCH($B$3,NORMATIVOS!$C$1:$W$1,0))="Consolidado")+--(INDEX(NORMATIVOS!$C$31:$W$31,1,MATCH($B$3,NORMATIVOS!$C$1:$W$1,0))="Consolidado")+--(INDEX(NORMATIVOS!$C$32:$W$32,1,MATCH($B$3,NORMATIVOS!$C$1:$W$1,0))="Consolidado")+--(INDEX(NORMATIVOS!$C$33:$W$33,1,MATCH($B$3,NORMATIVOS!$C$1:$W$1,0))="Consolidado")+--(INDEX(NORMATIVOS!$C$34:$W$34,1,MATCH($B$3,NORMATIVOS!$C$1:$W$1,0))="Consolidado")+--(INDEX(NORMATIVOS!$C$35:$W$35,1,MATCH($B$3,NORMATIVOS!$C$1:$W$1,0))="Consolidado")+--(INDEX(NORMATIVOS!$C$36:$W$36,1,MATCH($B$3,NORMATIVOS!$C$1:$W$1,0))="Consolidado")+--(INDEX(NORMATIVOS!$C$37:$W$37,1,MATCH($B$3,NORMATIVOS!$C$1:$W$1,0))="Consolidado") -> 0 | F8: =--(INDEX(NORMATIVOS!$C$28:$W$28,1,MATCH($B$3,NORMATIVOS!$C$1:$W$1,0))="En proceso")+--(INDEX(NORMATIVOS!$C$29:$W$29,1,MATCH($B$3,NORMATIVOS!$C$1:$W$1,0))="En proceso")+--(INDEX(NORMATIVOS!$C$30:$W$30,1,MATCH($B$3,NORMATIVOS!$C$1:$W$1,0))="En proceso")+--(INDEX(NORMATIVOS!$C$31:$W$31,1,MATCH($B$3,NORMATIVOS!$C$1:$W$1,0))="En proceso")+--(INDEX(NORMATIVOS!$C$32:$W$32,1,MATCH($B$3,NORMATIVOS!$C$1:$W$1,0))="En proceso")+--(INDEX(NORMATIVOS!$C$33:$W$33,1,MATCH($B$3,NORMATIVOS!$C$1:$W$1,0))="En proceso")+--(INDEX(NORMATIVOS!$C$34:$W$34,1,MATCH($B$3,NORMATIVOS!$C$1:$W$1,0))="En proceso")+--(INDEX(NORMATIVOS!$C$35:$W$35,1,MATCH($B$3,NORMATIVOS!$C$1:$W$1,0))="En proceso")+--(INDEX(NORMATIVOS!$C$36:$W$36,1,MATCH($B$3,NORMATIVOS!$C$1:$W$1,0))="En proceso")+--(INDEX(NORMATIVOS!$C$37:$W$37,1,MATCH($B$3,NORMATIVOS!$C$1:$W$1,0))="En proceso") -> 0 | G8: =--(INDEX(NORMATIVOS!$C$28:$W$28,1,MATCH($B$3,NORMATIVOS!$C$1:$W$1,0))="Proyección")+--(INDEX(NORMATIVOS!$C$29:$W$29,1,MATCH($B$3,NORMATIVOS!$C$1:$W$1,0))="Proyección")+--(INDEX(NORMATIVOS!$C$30:$W$30,1,MATCH($B$3,NORMATIVOS!$C$1:$W$1,0))="Proyección")+--(INDEX(NORMATIVOS!$C$31:$W$31,1,MATCH($B$3,NORMATIVOS!$C$1:$W$1,0))="Proyección")+--(INDEX(NORMATIVOS!$C$32:$W$32,1,MATCH($B$3,NORMATIVOS!$C$1:$W$1,0))="Proyección")+--(INDEX(NORMATIVOS!$C$33:$W$33,1,MATCH($B$3,NORMATIVOS!$C$1:$W$1,0))="Proyección")+--(INDEX(NORMATIVOS!$C$34:$W$34,1,MATCH($B$3,NORMATIVOS!$C$1:$W$1,0))="Proyección")+--(INDEX(NORMATIVOS!$C$35:$W$35,1,MATCH($B$3,NORMATIVOS!$C$1:$W$1,0))="Proyección")+--(INDEX(NORMATIVOS!$C$36:$W$36,1,MATCH($B$3,NORMATIVOS!$C$1:$W$1,0))="Proyección")+--(INDEX(NORMATIVOS!$C$37:$W$37,1,MATCH($B$3,NORMATIVOS!$C$1:$W$1,0))="Proyección") -> 10 | H8: =IFERROR(E8/(E8+F8+G8),0) -> 0
A9: Proyección | B9: =INDEX(CONSOLIDADO!$E$4:$E$5,MATCH($B$3,CONSOLIDADO!$A$4:$A$5,0)) -> 264 | D9: ACROBATICO CON GIRO | E9: =--(INDEX(NORMATIVOS!$C$38:$W$38,1,MATCH($B$3,NORMATIVOS!$C$1:$W$1,0))="Consolidado")+--(INDEX(NORMATIVOS!$C$39:$W$39,1,MATCH($B$3,NORMATIVOS!$C$1:$W$1,0))="Consolidado")+--(INDEX(NORMATIVOS!$C$40:$W$40,1,MATCH($B$3,NORMATIVOS!$C$1:$W$1,0))="Consolidado")+--(INDEX(NORMATIVOS!$C$41:$W$41,1,MATCH($B$3,NORMATIVOS!$C$1:$W$1,0))="Consolidado")+--(INDEX(NORMATIVOS!$C$42:$W$42,1,MATCH($B$3,NORMATIVOS!$C$1:$W$1,0))="Consolidado")+--(INDEX(NORMATIVOS!$C$43:$W$43,1,MATCH($B$3,NORMATIVOS!$C$1:$W$1,0))="Consolidado")+--(INDEX(NORMATIVOS!$C$44:$W$44,1,MATCH($B$3,NORMATIVOS!$C$1:$W$1,0))="Consolidado")+--(INDEX(NORMATIVOS!$C$45:$W$45,1,MATCH($B$3,NORMATIVOS!$C$1:$W$1,0))="Consolidado")+--(INDEX(NORMATIVOS!$C$46:$W$46,1,MATCH($B$3,NORMATIVOS!$C$1:$W$1,0))="Consolidado") -> 0 | F9: =--(INDEX(NORMATIVOS!$C$38:$W$38,1,MATCH($B$3,NORMATIVOS!$C$1:$W$1,0))="En proceso")+--(INDEX(NORMATIVOS!$C$39:$W$39,1,MATCH($B$3,NORMATIVOS!$C$1:$W$1,0))="En proceso")+--(INDEX(NORMATIVOS!$C$40:$W$40,1,MATCH($B$3,NORMATIVOS!$C$1:$W$1,0))="En proceso")+--(INDEX(NORMATIVOS!$C$41:$W$41,1,MATCH($B$3,NORMATIVOS!$C$1:$W$1,0))="En proceso")+--(INDEX(NORMATIVOS!$C$42:$W$42,1,MATCH($B$3,NORMATIVOS!$C$1:$W$1,0))="En proceso")+--(INDEX(NORMATIVOS!$C$43:$W$43,1,MATCH($B$3,NORMATIVOS!$C$1:$W$1,0))="En proceso")+--(INDEX(NORMATIVOS!$C$44:$W$44,1,MATCH($B$3,NORMATIVOS!$C$1:$W$1,0))="En proceso")+--(INDEX(NORMATIVOS!$C$45:$W$45,1,MATCH($B$3,NORMATIVOS!$C$1:$W$1,0))="En proceso")+--(INDEX(NORMATIVOS!$C$46:$W$46,1,MATCH($B$3,NORMATIVOS!$C$1:$W$1,0))="En proceso") -> 0 | G9: =--(INDEX(NORMATIVOS!$C$38:$W$38,1,MATCH($B$3,NORMATIVOS!$C$1:$W$1,0))="Proyección")+--(INDEX(NORMATIVOS!$C$39:$W$39,1,MATCH($B$3,NORMATIVOS!$C$1:$W$1,0))="Proyección")+--(INDEX(NORMATIVOS!$C$40:$W$40,1,MATCH($B$3,NORMATIVOS!$C$1:$W$1,0))="Proyección")+--(INDEX(NORMATIVOS!$C$41:$W$41,1,MATCH($B$3,NORMATIVOS!$C$1:$W$1,0))="Proyección")+--(INDEX(NORMATIVOS!$C$42:$W$42,1,MATCH($B$3,NORMATIVOS!$C$1:$W$1,0))="Proyección")+--(INDEX(NORMATIVOS!$C$43:$W$43,1,MATCH($B$3,NORMATIVOS!$C$1:$W$1,0))="Proyección")+--(INDEX(NORMATIVOS!$C$44:$W$44,1,MATCH($B$3,NORMATIVOS!$C$1:$W$1,0))="Proyección")+--(INDEX(NORMATIVOS!$C$45:$W$45,1,MATCH($B$3,NORMATIVOS!$C$1:$W$1,0))="Proyección")+--(INDEX(NORMATIVOS!$C$46:$W$46,1,MATCH($B$3,NORMATIVOS!$C$1:$W$1,0))="Proyección") -> 9 | H9: =IFERROR(E9/(E9+F9+G9),0) -> 0
A10: N/A | B10: =INDEX(CONSOLIDADO!$F$4:$F$5,MATCH($B$3,CONSOLIDADO!$A$4:$A$5,0)) -> 0 | D10: HONGO | E10: =--(INDEX(NORMATIVOS!$C$49:$W$49,1,MATCH($B$3,NORMATIVOS!$C$1:$W$1,0))="Consolidado")+--(INDEX(NORMATIVOS!$C$50:$W$50,1,MATCH($B$3,NORMATIVOS!$C$1:$W$1,0))="Consolidado")+--(INDEX(NORMATIVOS!$C$51:$W$51,1,MATCH($B$3,NORMATIVOS!$C$1:$W$1,0))="Consolidado")+--(INDEX(NORMATIVOS!$C$52:$W$52,1,MATCH($B$3,NORMATIVOS!$C$1:$W$1,0))="Consolidado")+--(INDEX(NORMATIVOS!$C$53:$W$53,1,MATCH($B$3,NORMATIVOS!$C$1:$W$1,0))="Consolidado")+--(INDEX(NORMATIVOS!$C$54:$W$54,1,MATCH($B$3,NORMATIVOS!$C$1:$W$1,0))="Consolidado")+--(INDEX(NORMATIVOS!$C$55:$W$55,1,MATCH($B$3,NORMATIVOS!$C$1:$W$1,0))="Consolidado")+--(INDEX(NORMATIVOS!$C$56:$W$56,1,MATCH($B$3,NORMATIVOS!$C$1:$W$1,0))="Consolidado")+--(INDEX(NORMATIVOS!$C$57:$W$57,1,MATCH($B$3,NORMATIVOS!$C$1:$W$1,0))="Consolidado")+--(INDEX(NORMATIVOS!$C$58:$W$58,1,MATCH($B$3,NORMATIVOS!$C$1:$W$1,0))="Consolidado")+--(INDEX(NORMATIVOS!$C$59:$W$59,1,MATCH($B$3,NORMATIVOS!$C$1:$W$1,0))="Consolidado")+--(INDEX(NORMATIVOS!$C$60:$W$60,1,MATCH($B$3,NORMATIVOS!$C$1:$W$1,0))="Consolidado")+--(INDEX(NORMATIVOS!$C$61:$W$61,1,MATCH($B$3,NORMATIVOS!$C$1:$W$1,0))="Consolidado")+--(INDEX(NORMATIVOS!$C$62:$W$62,1,MATCH($B$3,NORMATIVOS!$C$1:$W$1,0))="Consolidado")+--(INDEX(NORMATIVOS!$C$63:$W$63,1,MATCH($B$3,NORMATIVOS!$C$1:$W$1,0))="Consolidado")+--(INDEX(NORMATIVOS!$C$64:$W$64,1,MATCH($B$3,NORMATIVOS!$C$1:$W$1,0))="Consolidado") -> 0 | F10: =--(INDEX(NORMATIVOS!$C$49:$W$49,1,MATCH($B$3,NORMATIVOS!$C$1:$W$1,0))="En proceso")+--(INDEX(NORMATIVOS!$C$50:$W$50,1,MATCH($B$3,NORMATIVOS!$C$1:$W$1,0))="En proceso")+--(INDEX(NORMATIVOS!$C$51:$W$51,1,MATCH($B$3,NORMATIVOS!$C$1:$W$1,0))="En proceso")+--(INDEX(NORMATIVOS!$C$52:$W$52,1,MATCH($B$3,NORMATIVOS!$C$1:$W$1,0))="En proceso")+--(INDEX(NORMATIVOS!$C$53:$W$53,1,MATCH($B$3,NORMATIVOS!$C$1:$W$1,0))="En proceso")+--(INDEX(NORMATIVOS!$C$54:$W$54,1,MATCH($B$3,NORMATIVOS!$C$1:$W$1,0))="En proceso")+--(INDEX(NORMATIVOS!$C$55:$W$55,1,MATCH($B$3,NORMATIVOS!$C$1:$W$1,0))="En proceso")+--(INDEX(NORMATIVOS!$C$56:$W$56,1,MATCH($B$3,NORMATIVOS!$C$1:$W$1,0))="En proceso")+--(INDEX(NORMATIVOS!$C$57:$W$57,1,MATCH($B$3,NORMATIVOS!$C$1:$W$1,0))="En proceso")+--(INDEX(NORMATIVOS!$C$58:$W$58,1,MATCH($B$3,NORMATIVOS!$C$1:$W$1,0))="En proceso")+--(INDEX(NORMATIVOS!$C$59:$W$59,1,MATCH($B$3,NORMATIVOS!$C$1:$W$1,0))="En proceso")+--(INDEX(NORMATIVOS!$C$60:$W$60,1,MATCH($B$3,NORMATIVOS!$C$1:$W$1,0))="En proceso")+--(INDEX(NORMATIVOS!$C$61:$W$61,1,MATCH($B$3,NORMATIVOS!$C$1:$W$1,0))="En proceso")+--(INDEX(NORMATIVOS!$C$62:$W$62,1,MATCH($B$3,NORMATIVOS!$C$1:$W$1,0))="En proceso")+--(INDEX(NORMATIVOS!$C$63:$W$63,1,MATCH($B$3,NORMATIVOS!$C$1:$W$1,0))="En proceso")+--(INDEX(NORMATIVOS!$C$64:$W$64,1,MATCH($B$3,NORMATIVOS!$C$1:$W$1,0))="En proceso") -> 0 | G10: =--(INDEX(NORMATIVOS!$C$49:$W$49,1,MATCH($B$3,NORMATIVOS!$C$1:$W$1,0))="Proyección")+--(INDEX(NORMATIVOS!$C$50:$W$50,1,MATCH($B$3,NORMATIVOS!$C$1:$W$1,0))="Proyección")+--(INDEX(NORMATIVOS!$C$51:$W$51,1,MATCH($B$3,NORMATIVOS!$C$1:$W$1,0))="Proyección")+--(INDEX(NORMATIVOS!$C$52:$W$52,1,MATCH($B$3,NORMATIVOS!$C$1:$W$1,0))="Proyección")+--(INDEX(NORMATIVOS!$C$53:$W$53,1,MATCH($B$3,NORMATIVOS!$C$1:$W$1,0))="Proyección")+--(INDEX(NORMATIVOS!$C$54:$W$54,1,MATCH($B$3,NORMATIVOS!$C$1:$W$1,0))="Proyección")+--(INDEX(NORMATIVOS!$C$55:$W$55,1,MATCH($B$3,NORMATIVOS!$C$1:$W$1,0))="Proyección")+--(INDEX(NORMATIVOS!$C$56:$W$56,1,MATCH($B$3,NORMATIVOS!$C$1:$W$1,0))="Proyección")+--(INDEX(NORMATIVOS!$C$57:$W$57,1,MATCH($B$3,NORMATIVOS!$C$1:$W$1,0))="Proyección")+--(INDEX(NORMATIVOS!$C$58:$W$58,1,MATCH($B$3,NORMATIVOS!$C$1:$W$1,0))="Proyección")+--(INDEX(NORMATIVOS!$C$59:$W$59,1,MATCH($B$3,NORMATIVOS!$C$1:$W$1,0))="Proyección")+--(INDEX(NORMATIVOS!$C$60:$W$60,1,MATCH($B$3,NORMATIVOS!$C$1:$W$1,0))="Proyección")+--(INDEX(NORMATIVOS!$C$61:$W$61,1,MATCH($B$3,NORMATIVOS!$C$1:$W$1,0))="Proyección")+--(INDEX(NORMATIVOS!$C$62:$W$62,1,MATCH($B$3,NORMATIVOS!$C$1:$W$1,0))="Proyección")+--(INDEX(NORMATIVOS!$C$63:$W$63,1,MATCH($B$3,NORMATIVOS!$C$1:$W$1,0))="Proyección")+--(INDEX(NORMATIVOS!$C$64:$W$64,1,MATCH($B$3,NORMATIVOS!$C$1:$W$1,0))="Proyección") -> 16 | H10: =IFERROR(E10/(E10+F10+G10),0) -> 0
A11: % dominio | B11: =INDEX(CONSOLIDADO!$G$4:$G$5,MATCH($B$3,CONSOLIDADO!$A$4:$A$5,0)) -> 0 | D11: CABALLO SIN ARZON | E11: =--(INDEX(NORMATIVOS!$C$65:$W$65,1,MATCH($B$3,NORMATIVOS!$C$1:$W$1,0))="Consolidado")+--(INDEX(NORMATIVOS!$C$66:$W$66,1,MATCH($B$3,NORMATIVOS!$C$1:$W$1,0))="Consolidado")+--(INDEX(NORMATIVOS!$C$67:$W$67,1,MATCH($B$3,NORMATIVOS!$C$1:$W$1,0))="Consolidado")+--(INDEX(NORMATIVOS!$C$68:$W$68,1,MATCH($B$3,NORMATIVOS!$C$1:$W$1,0))="Consolidado")+--(INDEX(NORMATIVOS!$C$69:$W$69,1,MATCH($B$3,NORMATIVOS!$C$1:$W$1,0))="Consolidado")+--(INDEX(NORMATIVOS!$C$70:$W$70,1,MATCH($B$3,NORMATIVOS!$C$1:$W$1,0))="Consolidado")+--(INDEX(NORMATIVOS!$C$71:$W$71,1,MATCH($B$3,NORMATIVOS!$C$1:$W$1,0))="Consolidado")+--(INDEX(NORMATIVOS!$C$72:$W$72,1,MATCH($B$3,NORMATIVOS!$C$1:$W$1,0))="Consolidado")+--(INDEX(NORMATIVOS!$C$73:$W$73,1,MATCH($B$3,NORMATIVOS!$C$1:$W$1,0))="Consolidado")+--(INDEX(NORMATIVOS!$C$74:$W$74,1,MATCH($B$3,NORMATIVOS!$C$1:$W$1,0))="Consolidado")+--(INDEX(NORMATIVOS!$C$75:$W$75,1,MATCH($B$3,NORMATIVOS!$C$1:$W$1,0))="Consolidado")+--(INDEX(NORMATIVOS!$C$76:$W$76,1,MATCH($B$3,NORMATIVOS!$C$1:$W$1,0))="Consolidado")+--(INDEX(NORMATIVOS!$C$77:$W$77,1,MATCH($B$3,NORMATIVOS!$C$1:$W$1,0))="Consolidado")+--(INDEX(NORMATIVOS!$C$78:$W$78,1,MATCH($B$3,NORMATIVOS!$C$1:$W$1,0))="Consolidado") -> 0 | F11: =--(INDEX(NORMATIVOS!$C$65:$W$65,1,MATCH($B$3,NORMATIVOS!$C$1:$W$1,0))="En proceso")+--(INDEX(NORMATIVOS!$C$66:$W$66,1,MATCH($B$3,NORMATIVOS!$C$1:$W$1,0))="En proceso")+--(INDEX(NORMATIVOS!$C$67:$W$67,1,MATCH($B$3,NORMATIVOS!$C$1:$W$1,0))="En proceso")+--(INDEX(NORMATIVOS!$C$68:$W$68,1,MATCH($B$3,NORMATIVOS!$C$1:$W$1,0))="En proceso")+--(INDEX(NORMATIVOS!$C$69:$W$69,1,MATCH($B$3,NORMATIVOS!$C$1:$W$1,0))="En proceso")+--(INDEX(NORMATIVOS!$C$70:$W$70,1,MATCH($B$3,NORMATIVOS!$C$1:$W$1,0))="En proceso")+--(INDEX(NORMATIVOS!$C$71:$W$71,1,MATCH($B$3,NORMATIVOS!$C$1:$W$1,0))="En proceso")+--(INDEX(NORMATIVOS!$C$72:$W$72,1,MATCH($B$3,NORMATIVOS!$C$1:$W$1,0))="En proceso")+--(INDEX(NORMATIVOS!$C$73:$W$73,1,MATCH($B$3,NORMATIVOS!$C$1:$W$1,0))="En proceso")+--(INDEX(NORMATIVOS!$C$74:$W$74,1,MATCH($B$3,NORMATIVOS!$C$1:$W$1,0))="En proceso")+--(INDEX(NORMATIVOS!$C$75:$W$75,1,MATCH($B$3,NORMATIVOS!$C$1:$W$1,0))="En proceso")+--(INDEX(NORMATIVOS!$C$76:$W$76,1,MATCH($B$3,NORMATIVOS!$C$1:$W$1,0))="En proceso")+--(INDEX(NORMATIVOS!$C$77:$W$77,1,MATCH($B$3,NORMATIVOS!$C$1:$W$1,0))="En proceso")+--(INDEX(NORMATIVOS!$C$78:$W$78,1,MATCH($B$3,NORMATIVOS!$C$1:$W$1,0))="En proceso") -> 0 | G11: =--(INDEX(NORMATIVOS!$C$65:$W$65,1,MATCH($B$3,NORMATIVOS!$C$1:$W$1,0))="Proyección")+--(INDEX(NORMATIVOS!$C$66:$W$66,1,MATCH($B$3,NORMATIVOS!$C$1:$W$1,0))="Proyección")+--(INDEX(NORMATIVOS!$C$67:$W$67,1,MATCH($B$3,NORMATIVOS!$C$1:$W$1,0))="Proyección")+--(INDEX(NORMATIVOS!$C$68:$W$68,1,MATCH($B$3,NORMATIVOS!$C$1:$W$1,0))="Proyección")+--(INDEX(NORMATIVOS!$C$69:$W$69,1,MATCH($B$3,NORMATIVOS!$C$1:$W$1,0))="Proyección")+--(INDEX(NORMATIVOS!$C$70:$W$70,1,MATCH($B$3,NORMATIVOS!$C$1:$W$1,0))="Proyección")+--(INDEX(NORMATIVOS!$C$71:$W$71,1,MATCH($B$3,NORMATIVOS!$C$1:$W$1,0))="Proyección")+--(INDEX(NORMATIVOS!$C$72:$W$72,1,MATCH($B$3,NORMATIVOS!$C$1:$W$1,0))="Proyección")+--(INDEX(NORMATIVOS!$C$73:$W$73,1,MATCH($B$3,NORMATIVOS!$C$1:$W$1,0))="Proyección")+--(INDEX(NORMATIVOS!$C$74:$W$74,1,MATCH($B$3,NORMATIVOS!$C$1:$W$1,0))="Proyección")+--(INDEX(NORMATIVOS!$C$75:$W$75,1,MATCH($B$3,NORMATIVOS!$C$1:$W$1,0))="Proyección")+--(INDEX(NORMATIVOS!$C$76:$W$76,1,MATCH($B$3,NORMATIVOS!$C$1:$W$1,0))="Proyección")+--(INDEX(NORMATIVOS!$C$77:$W$77,1,MATCH($B$3,NORMATIVOS!$C$1:$W$1,0))="Proyección")+--(INDEX(NORMATIVOS!$C$78:$W$78,1,MATCH($B$3,NORMATIVOS!$C$1:$W$1,0))="Proyección") -> 14 | H11: =IFERROR(E11/(E11+F11+G11),0) -> 0
D12: CABALLO CON ARZONES | E12: =--(INDEX(NORMATIVOS!$C$79:$W$79,1,MATCH($B$3,NORMATIVOS!$C$1:$W$1,0))="Consolidado")+--(INDEX(NORMATIVOS!$C$80:$W$80,1,MATCH($B$3,NORMATIVOS!$C$1:$W$1,0))="Consolidado")+--(INDEX(NORMATIVOS!$C$81:$W$81,1,MATCH($B$3,NORMATIVOS!$C$1:$W$1,0))="Consolidado")+--(INDEX(NORMATIVOS!$C$82:$W$82,1,MATCH($B$3,NORMATIVOS!$C$1:$W$1,0))="Consolidado")+--(INDEX(NORMATIVOS!$C$83:$W$83,1,MATCH($B$3,NORMATIVOS!$C$1:$W$1,0))="Consolidado")+--(INDEX(NORMATIVOS!$C$84:$W$84,1,MATCH($B$3,NORMATIVOS!$C$1:$W$1,0))="Consolidado")+--(INDEX(NORMATIVOS!$C$85:$W$85,1,MATCH($B$3,NORMATIVOS!$C$1:$W$1,0))="Consolidado")+--(INDEX(NORMATIVOS!$C$86:$W$86,1,MATCH($B$3,NORMATIVOS!$C$1:$W$1,0))="Consolidado")+--(INDEX(NORMATIVOS!$C$87:$W$87,1,MATCH($B$3,NORMATIVOS!$C$1:$W$1,0))="Consolidado")+--(INDEX(NORMATIVOS!$C$88:$W$88,1,MATCH($B$3,NORMATIVOS!$C$1:$W$1,0))="Consolidado")+--(INDEX(NORMATIVOS!$C$89:$W$89,1,MATCH($B$3,NORMATIVOS!$C$1:$W$1,0))="Consolidado")+--(INDEX(NORMATIVOS!$C$90:$W$90,1,MATCH($B$3,NORMATIVOS!$C$1:$W$1,0))="Consolidado")+--(INDEX(NORMATIVOS!$C$91:$W$91,1,MATCH($B$3,NORMATIVOS!$C$1:$W$1,0))="Consolidado")+--(INDEX(NORMATIVOS!$C$92:$W$92,1,MATCH($B$3,NORMATIVOS!$C$1:$W$1,0))="Consolidado")+--(INDEX(NORMATIVOS!$C$93:$W$93,1,MATCH($B$3,NORMATIVOS!$C$1:$W$1,0))="Consolidado")+--(INDEX(NORMATIVOS!$C$94:$W$94,1,MATCH($B$3,NORMATIVOS!$C$1:$W$1,0))="Consolidado")+--(INDEX(NORMATIVOS!$C$95:$W$95,1,MATCH($B$3,NORMATIVOS!$C$1:$W$1,0))="Consolidado")+--(INDEX(NORMATIVOS!$C$96:$W$96,1,MATCH($B$3,NORMATIVOS!$C$1:$W$1,0))="Consolidado")+--(INDEX(NORMATIVOS!$C$97:$W$97,1,MATCH($B$3,NORMATIVOS!$C$1:$W$1,0))="Consolidado")+--(INDEX(NORMATIVOS!$C$98:$W$98,1,MATCH($B$3,NORMATIVOS!$C$1:$W$1,0))="Consolidado")+--(INDEX(NORMATIVOS!$C$99:$W$99,1,MATCH($B$3,NORMATIVOS!$C$1:$W$1,0))="Consolidado")+--(INDEX(NORMATIVOS!$C$100:$W$100,1,MATCH($B$3,NORMATIVOS!$C$1:$W$1,0))="Consolidado")+--(INDEX(NORMATIVOS!$C$101:$W$101,1,MATCH($B$3,NORMATIVOS!$C$1:$W$1,0))="Consolidado")+--(INDEX(NORMATIVOS!$C$102:$W$102,1,MATCH($B$3,NORMATIVOS!$C$1:$W$1,0))="Consolidado")+--(INDEX(NORMATIVOS!$C$103:$W$103,1,MATCH($B$3,NORMATIVOS!$C$1:$W$1,0))="Consolidado")+--(INDEX(NORMATIVOS!$C$104:$W$104,1,MATCH($B$3,NORMATIVOS!$C$1:$W$1,0))="Consolidado") -> 0 | F12: =--(INDEX(NORMATIVOS!$C$79:$W$79,1,MATCH($B$3,NORMATIVOS!$C$1:$W$1,0))="En proceso")+--(INDEX(NORMATIVOS!$C$80:$W$80,1,MATCH($B$3,NORMATIVOS!$C$1:$W$1,0))="En proceso")+--(INDEX(NORMATIVOS!$C$81:$W$81,1,MATCH($B$3,NORMATIVOS!$C$1:$W$1,0))="En proceso")+--(INDEX(NORMATIVOS!$C$82:$W$82,1,MATCH($B$3,NORMATIVOS!$C$1:$W$1,0))="En proceso")+--(INDEX(NORMATIVOS!$C$83:$W$83,1,MATCH($B$3,NORMATIVOS!$C$1:$W$1,0))="En proceso")+--(INDEX(NORMATIVOS!$C$84:$W$84,1,MATCH($B$3,NORMATIVOS!$C$1:$W$1,0))="En proceso")+--(INDEX(NORMATIVOS!$C$85:$W$85,1,MATCH($B$3,NORMATIVOS!$C$1:$W$1,0))="En proceso")+--(INDEX(NORMATIVOS!$C$86:$W$86,1,MATCH($B$3,NORMATIVOS!$C$1:$W$1,0))="En proceso")+--(INDEX(NORMATIVOS!$C$87:$W$87,1,MATCH($B$3,NORMATIVOS!$C$1:$W$1,0))="En proceso")+--(INDEX(NORMATIVOS!$C$88:$W$88,1,MATCH($B$3,NORMATIVOS!$C$1:$W$1,0))="En proceso")+--(INDEX(NORMATIVOS!$C$89:$W$89,1,MATCH($B$3,NORMATIVOS!$C$1:$W$1,0))="En proceso")+--(INDEX(NORMATIVOS!$C$90:$W$90,1,MATCH($B$3,NORMATIVOS!$C$1:$W$1,0))="En proceso")+--(INDEX(NORMATIVOS!$C$91:$W$91,1,MATCH($B$3,NORMATIVOS!$C$1:$W$1,0))="En proceso")+--(INDEX(NORMATIVOS!$C$92:$W$92,1,MATCH($B$3,NORMATIVOS!$C$1:$W$1,0))="En proceso")+--(INDEX(NORMATIVOS!$C$93:$W$93,1,MATCH($B$3,NORMATIVOS!$C$1:$W$1,0))="En proceso")+--(INDEX(NORMATIVOS!$C$94:$W$94,1,MATCH($B$3,NORMATIVOS!$C$1:$W$1,0))="En proceso")+--(INDEX(NORMATIVOS!$C$95:$W$95,1,MATCH($B$3,NORMATIVOS!$C$1:$W$1,0))="En proceso")+--(INDEX(NORMATIVOS!$C$96:$W$96,1,MATCH($B$3,NORMATIVOS!$C$1:$W$1,0))="En proceso")+--(INDEX(NORMATIVOS!$C$97:$W$97,1,MATCH($B$3,NORMATIVOS!$C$1:$W$1,0))="En proceso")+--(INDEX(NORMATIVOS!$C$98:$W$98,1,MATCH($B$3,NORMATIVOS!$C$1:$W$1,0))="En proceso")+--(INDEX(NORMATIVOS!$C$99:$W$99,1,MATCH($B$3,NORMATIVOS!$C$1:$W$1,0))="En proceso")+--(INDEX(NORMATIVOS!$C$100:$W$100,1,MATCH($B$3,NORMATIVOS!$C$1:$W$1,0))="En proceso")+--(INDEX(NORMATIVOS!$C$101:$W$101,1,MATCH($B$3,NORMATIVOS!$C$1:$W$1,0))="En proceso")+--(INDEX(NORMATIVOS!$C$102:$W$102,1,MATCH($B$3,NORMATIVOS!$C$1:$W$1,0))="En proceso")+--(INDEX(NORMATIVOS!$C$103:$W$103,1,MATCH($B$3,NORMATIVOS!$C$1:$W$1,0))="En proceso")+--(INDEX(NORMATIVOS!$C$104:$W$104,1,MATCH($B$3,NORMATIVOS!$C$1:$W$1,0))="En proceso") -> 0 | G12: =--(INDEX(NORMATIVOS!$C$79:$W$79,1,MATCH($B$3,NORMATIVOS!$C$1:$W$1,0))="Proyección")+--(INDEX(NORMATIVOS!$C$80:$W$80,1,MATCH($B$3,NORMATIVOS!$C$1:$W$1,0))="Proyección")+--(INDEX(NORMATIVOS!$C$81:$W$81,1,MATCH($B$3,NORMATIVOS!$C$1:$W$1,0))="Proyección")+--(INDEX(NORMATIVOS!$C$82:$W$82,1,MATCH($B$3,NORMATIVOS!$C$1:$W$1,0))="Proyección")+--(INDEX(NORMATIVOS!$C$83:$W$83,1,MATCH($B$3,NORMATIVOS!$C$1:$W$1,0))="Proyección")+--(INDEX(NORMATIVOS!$C$84:$W$84,1,MATCH($B$3,NORMATIVOS!$C$1:$W$1,0))="Proyección")+--(INDEX(NORMATIVOS!$C$85:$W$85,1,MATCH($B$3,NORMATIVOS!$C$1:$W$1,0))="Proyección")+--(INDEX(NORMATIVOS!$C$86:$W$86,1,MATCH($B$3,NORMATIVOS!$C$1:$W$1,0))="Proyección")+--(INDEX(NORMATIVOS!$C$87:$W$87,1,MATCH($B$3,NORMATIVOS!$C$1:$W$1,0))="Proyección")+--(INDEX(NORMATIVOS!$C$88:$W$88,1,MATCH($B$3,NORMATIVOS!$C$1:$W$1,0))="Proyección")+--(INDEX(NORMATIVOS!$C$89:$W$89,1,MATCH($B$3,NORMATIVOS!$C$1:$W$1,0))="Proyección")+--(INDEX(NORMATIVOS!$C$90:$W$90,1,MATCH($B$3,NORMATIVOS!$C$1:$W$1,0))="Proyección")+--(INDEX(NORMATIVOS!$C$91:$W$91,1,MATCH($B$3,NORMATIVOS!$C$1:$W$1,0))="Proyección")+--(INDEX(NORMATIVOS!$C$92:$W$92,1,MATCH($B$3,NORMATIVOS!$C$1:$W$1,0))="Proyección")+--(INDEX(NORMATIVOS!$C$93:$W$93,1,MATCH($B$3,NORMATIVOS!$C$1:$W$1,0))="Proyección")+--(INDEX(NORMATIVOS!$C$94:$W$94,1,MATCH($B$3,NORMATIVOS!$C$1:$W$1,0))="Proyección")+--(INDEX(NORMATIVOS!$C$95:$W$95,1,MATCH($B$3,NORMATIVOS!$C$1:$W$1,0))="Proyección")+--(INDEX(NORMATIVOS!$C$96:$W$96,1,MATCH($B$3,NORMATIVOS!$C$1:$W$1,0))="Proyección")+--(INDEX(NORMATIVOS!$C$97:$W$97,1,MATCH($B$3,NORMATIVOS!$C$1:$W$1,0))="Proyección")+--(INDEX(NORMATIVOS!$C$98:$W$98,1,MATCH($B$3,NORMATIVOS!$C$1:$W$1,0))="Proyección")+--(INDEX(NORMATIVOS!$C$99:$W$99,1,MATCH($B$3,NORMATIVOS!$C$1:$W$1,0))="Proyección")+--(INDEX(NORMATIVOS!$C$100:$W$100,1,MATCH($B$3,NORMATIVOS!$C$1:$W$1,0))="Proyección")+--(INDEX(NORMATIVOS!$C$101:$W$101,1,MATCH($B$3,NORMATIVOS!$C$1:$W$1,0))="Proyección")+--(INDEX(NORMATIVOS!$C$102:$W$102,1,MATCH($B$3,NORMATIVOS!$C$1:$W$1,0))="Proyección")+--(INDEX(NORMATIVOS!$C$103:$W$103,1,MATCH($B$3,NORMATIVOS!$C$1:$W$1,0))="Proyección")+--(INDEX(NORMATIVOS!$C$104:$W$104,1,MATCH($B$3,NORMATIVOS!$C$1:$W$1,0))="Proyección") -> 26 | H12: =IFERROR(E12/(E12+F12+G12),0) -> 0
D13: ELEMENTOS DE FUERZA | E13: =--(INDEX(NORMATIVOS!$C$107:$N$107,1,MATCH($B$3,NORMATIVOS!$C$1:$W$1,0))="Consolidado")+--(INDEX(NORMATIVOS!$C$108:$W$108,1,MATCH($B$3,NORMATIVOS!$C$1:$W$1,0))="Consolidado")+--(INDEX(NORMATIVOS!$C$109:$W$109,1,MATCH($B$3,NORMATIVOS!$C$1:$W$1,0))="Consolidado")+--(INDEX(NORMATIVOS!$C$110:$W$110,1,MATCH($B$3,NORMATIVOS!$C$1:$W$1,0))="Consolidado")+--(INDEX(NORMATIVOS!$C$111:$W$111,1,MATCH($B$3,NORMATIVOS!$C$1:$W$1,0))="Consolidado")+--(INDEX(NORMATIVOS!$C$112:$W$112,1,MATCH($B$3,NORMATIVOS!$C$1:$W$1,0))="Consolidado")+--(INDEX(NORMATIVOS!$C$113:$W$113,1,MATCH($B$3,NORMATIVOS!$C$1:$W$1,0))="Consolidado")+--(INDEX(NORMATIVOS!$C$114:$W$114,1,MATCH($B$3,NORMATIVOS!$C$1:$W$1,0))="Consolidado")+--(INDEX(NORMATIVOS!$C$115:$W$115,1,MATCH($B$3,NORMATIVOS!$C$1:$W$1,0))="Consolidado")+--(INDEX(NORMATIVOS!$C$116:$W$116,1,MATCH($B$3,NORMATIVOS!$C$1:$W$1,0))="Consolidado")+--(INDEX(NORMATIVOS!$C$117:$W$117,1,MATCH($B$3,NORMATIVOS!$C$1:$W$1,0))="Consolidado")+--(INDEX(NORMATIVOS!$C$118:$W$118,1,MATCH($B$3,NORMATIVOS!$C$1:$W$1,0))="Consolidado")+--(INDEX(NORMATIVOS!$C$119:$W$119,1,MATCH($B$3,NORMATIVOS!$C$1:$W$1,0))="Consolidado")+--(INDEX(NORMATIVOS!$C$120:$W$120,1,MATCH($B$3,NORMATIVOS!$C$1:$W$1,0))="Consolidado")+--(INDEX(NORMATIVOS!$C$121:$W$121,1,MATCH($B$3,NORMATIVOS!$C$1:$W$1,0))="Consolidado") -> 0 | F13: =--(INDEX(NORMATIVOS!$C$107:$N$107,1,MATCH($B$3,NORMATIVOS!$C$1:$W$1,0))="En proceso")+--(INDEX(NORMATIVOS!$C$108:$W$108,1,MATCH($B$3,NORMATIVOS!$C$1:$W$1,0))="En proceso")+--(INDEX(NORMATIVOS!$C$109:$W$109,1,MATCH($B$3,NORMATIVOS!$C$1:$W$1,0))="En proceso")+--(INDEX(NORMATIVOS!$C$110:$W$110,1,MATCH($B$3,NORMATIVOS!$C$1:$W$1,0))="En proceso")+--(INDEX(NORMATIVOS!$C$111:$W$111,1,MATCH($B$3,NORMATIVOS!$C$1:$W$1,0))="En proceso")+--(INDEX(NORMATIVOS!$C$112:$W$112,1,MATCH($B$3,NORMATIVOS!$C$1:$W$1,0))="En proceso")+--(INDEX(NORMATIVOS!$C$113:$W$113,1,MATCH($B$3,NORMATIVOS!$C$1:$W$1,0))="En proceso")+--(INDEX(NORMATIVOS!$C$114:$W$114,1,MATCH($B$3,NORMATIVOS!$C$1:$W$1,0))="En proceso")+--(INDEX(NORMATIVOS!$C$115:$W$115,1,MATCH($B$3,NORMATIVOS!$C$1:$W$1,0))="En proceso")+--(INDEX(NORMATIVOS!$C$116:$W$116,1,MATCH($B$3,NORMATIVOS!$C$1:$W$1,0))="En proceso")+--(INDEX(NORMATIVOS!$C$117:$W$117,1,MATCH($B$3,NORMATIVOS!$C$1:$W$1,0))="En proceso")+--(INDEX(NORMATIVOS!$C$118:$W$118,1,MATCH($B$3,NORMATIVOS!$C$1:$W$1,0))="En proceso")+--(INDEX(NORMATIVOS!$C$119:$W$119,1,MATCH($B$3,NORMATIVOS!$C$1:$W$1,0))="En proceso")+--(INDEX(NORMATIVOS!$C$120:$W$120,1,MATCH($B$3,NORMATIVOS!$C$1:$W$1,0))="En proceso")+--(INDEX(NORMATIVOS!$C$121:$W$121,1,MATCH($B$3,NORMATIVOS!$C$1:$W$1,0))="En proceso") -> 0 | G13: =--(INDEX(NORMATIVOS!$C$107:$N$107,1,MATCH($B$3,NORMATIVOS!$C$1:$W$1,0))="Proyección")+--(INDEX(NORMATIVOS!$C$108:$W$108,1,MATCH($B$3,NORMATIVOS!$C$1:$W$1,0))="Proyección")+--(INDEX(NORMATIVOS!$C$109:$W$109,1,MATCH($B$3,NORMATIVOS!$C$1:$W$1,0))="Proyección")+--(INDEX(NORMATIVOS!$C$110:$W$110,1,MATCH($B$3,NORMATIVOS!$C$1:$W$1,0))="Proyección")+--(INDEX(NORMATIVOS!$C$111:$W$111,1,MATCH($B$3,NORMATIVOS!$C$1:$W$1,0))="Proyección")+--(INDEX(NORMATIVOS!$C$112:$W$112,1,MATCH($B$3,NORMATIVOS!$C$1:$W$1,0))="Proyección")+--(INDEX(NORMATIVOS!$C$113:$W$113,1,MATCH($B$3,NORMATIVOS!$C$1:$W$1,0))="Proyección")+--(INDEX(NORMATIVOS!$C$114:$W$114,1,MATCH($B$3,NORMATIVOS!$C$1:$W$1,0))="Proyección")+--(INDEX(NORMATIVOS!$C$115:$W$115,1,MATCH($B$3,NORMATIVOS!$C$1:$W$1,0))="Proyección")+--(INDEX(NORMATIVOS!$C$116:$W$116,1,MATCH($B$3,NORMATIVOS!$C$1:$W$1,0))="Proyección")+--(INDEX(NORMATIVOS!$C$117:$W$117,1,MATCH($B$3,NORMATIVOS!$C$1:$W$1,0))="Proyección")+--(INDEX(NORMATIVOS!$C$118:$W$118,1,MATCH($B$3,NORMATIVOS!$C$1:$W$1,0))="Proyección")+--(INDEX(NORMATIVOS!$C$119:$W$119,1,MATCH($B$3,NORMATIVOS!$C$1:$W$1,0))="Proyección")+--(INDEX(NORMATIVOS!$C$120:$W$120,1,MATCH($B$3,NORMATIVOS!$C$1:$W$1,0))="Proyección")+--(INDEX(NORMATIVOS!$C$121:$W$121,1,MATCH($B$3,NORMATIVOS!$C$1:$W$1,0))="Proyección") -> 15 | H13: =IFERROR(E13/(E13+F13+G13),0) -> 0
D14: ELEMENTOS DE VUELO | E14: =--(INDEX(NORMATIVOS!$C$122:$W$122,1,MATCH($B$3,NORMATIVOS!$C$1:$W$1,0))="Consolidado")+--(INDEX(NORMATIVOS!$C$123:$W$123,1,MATCH($B$3,NORMATIVOS!$C$1:$W$1,0))="Consolidado")+--(INDEX(NORMATIVOS!$C$124:$W$124,1,MATCH($B$3,NORMATIVOS!$C$1:$W$1,0))="Consolidado")+--(INDEX(NORMATIVOS!$C$125:$W$125,1,MATCH($B$3,NORMATIVOS!$C$1:$W$1,0))="Consolidado")+--(INDEX(NORMATIVOS!$C$126:$W$126,1,MATCH($B$3,NORMATIVOS!$C$1:$W$1,0))="Consolidado")+--(INDEX(NORMATIVOS!$C$127:$W$127,1,MATCH($B$3,NORMATIVOS!$C$1:$W$1,0))="Consolidado")+--(INDEX(NORMATIVOS!$C$128:$W$128,1,MATCH($B$3,NORMATIVOS!$C$1:$W$1,0))="Consolidado")+--(INDEX(NORMATIVOS!$C$129:$W$129,1,MATCH($B$3,NORMATIVOS!$C$1:$W$1,0))="Consolidado")+--(INDEX(NORMATIVOS!$C$130:$W$130,1,MATCH($B$3,NORMATIVOS!$C$1:$W$1,0))="Consolidado")+--(INDEX(NORMATIVOS!$C$131:$W$131,1,MATCH($B$3,NORMATIVOS!$C$1:$W$1,0))="Consolidado")+--(INDEX(NORMATIVOS!$C$132:$W$132,1,MATCH($B$3,NORMATIVOS!$C$1:$W$1,0))="Consolidado")+--(INDEX(NORMATIVOS!$C$133:$W$133,1,MATCH($B$3,NORMATIVOS!$C$1:$W$1,0))="Consolidado")+--(INDEX(NORMATIVOS!$C$134:$W$134,1,MATCH($B$3,NORMATIVOS!$C$1:$W$1,0))="Consolidado")+--(INDEX(NORMATIVOS!$C$135:$W$135,1,MATCH($B$3,NORMATIVOS!$C$1:$W$1,0))="Consolidado")+--(INDEX(NORMATIVOS!$C$136:$W$136,1,MATCH($B$3,NORMATIVOS!$C$1:$W$1,0))="Consolidado")+--(INDEX(NORMATIVOS!$C$137:$W$137,1,MATCH($B$3,NORMATIVOS!$C$1:$W$1,0))="Consolidado")+--(INDEX(NORMATIVOS!$C$138:$W$138,1,MATCH($B$3,NORMATIVOS!$C$1:$W$1,0))="Consolidado")+--(INDEX(NORMATIVOS!$C$139:$W$139,1,MATCH($B$3,NORMATIVOS!$C$1:$W$1,0))="Consolidado")+--(INDEX(NORMATIVOS!$C$140:$W$140,1,MATCH($B$3,NORMATIVOS!$C$1:$W$1,0))="Consolidado")+--(INDEX(NORMATIVOS!$C$141:$W$141,1,MATCH($B$3,NORMATIVOS!$C$1:$W$1,0))="Consolidado") -> 0 | F14: =--(INDEX(NORMATIVOS!$C$122:$W$122,1,MATCH($B$3,NORMATIVOS!$C$1:$W$1,0))="En proceso")+--(INDEX(NORMATIVOS!$C$123:$W$123,1,MATCH($B$3,NORMATIVOS!$C$1:$W$1,0))="En proceso")+--(INDEX(NORMATIVOS!$C$124:$W$124,1,MATCH($B$3,NORMATIVOS!$C$1:$W$1,0))="En proceso")+--(INDEX(NORMATIVOS!$C$125:$W$125,1,MATCH($B$3,NORMATIVOS!$C$1:$W$1,0))="En proceso")+--(INDEX(NORMATIVOS!$C$126:$W$126,1,MATCH($B$3,NORMATIVOS!$C$1:$W$1,0))="En proceso")+--(INDEX(NORMATIVOS!$C$127:$W$127,1,MATCH($B$3,NORMATIVOS!$C$1:$W$1,0))="En proceso")+--(INDEX(NORMATIVOS!$C$128:$W$128,1,MATCH($B$3,NORMATIVOS!$C$1:$W$1,0))="En proceso")+--(INDEX(NORMATIVOS!$C$129:$W$129,1,MATCH($B$3,NORMATIVOS!$C$1:$W$1,0))="En proceso")+--(INDEX(NORMATIVOS!$C$130:$W$130,1,MATCH($B$3,NORMATIVOS!$C$1:$W$1,0))="En proceso")+--(INDEX(NORMATIVOS!$C$131:$W$131,1,MATCH($B$3,NORMATIVOS!$C$1:$W$1,0))="En proceso")+--(INDEX(NORMATIVOS!$C$132:$W$132,1,MATCH($B$3,NORMATIVOS!$C$1:$W$1,0))="En proceso")+--(INDEX(NORMATIVOS!$C$133:$W$133,1,MATCH($B$3,NORMATIVOS!$C$1:$W$1,0))="En proceso")+--(INDEX(NORMATIVOS!$C$134:$W$134,1,MATCH($B$3,NORMATIVOS!$C$1:$W$1,0))="En proceso")+--(INDEX(NORMATIVOS!$C$135:$W$135,1,MATCH($B$3,NORMATIVOS!$C$1:$W$1,0))="En proceso")+--(INDEX(NORMATIVOS!$C$136:$W$136,1,MATCH($B$3,NORMATIVOS!$C$1:$W$1,0))="En proceso")+--(INDEX(NORMATIVOS!$C$137:$W$137,1,MATCH($B$3,NORMATIVOS!$C$1:$W$1,0))="En proceso")+--(INDEX(NORMATIVOS!$C$138:$W$138,1,MATCH($B$3,NORMATIVOS!$C$1:$W$1,0))="En proceso")+--(INDEX(NORMATIVOS!$C$139:$W$139,1,MATCH($B$3,NORMATIVOS!$C$1:$W$1,0))="En proceso")+--(INDEX(NORMATIVOS!$C$140:$W$140,1,MATCH($B$3,NORMATIVOS!$C$1:$W$1,0))="En proceso")+--(INDEX(NORMATIVOS!$C$141:$W$141,1,MATCH($B$3,NORMATIVOS!$C$1:$W$1,0))="En proceso") -> 0 | G14: =--(INDEX(NORMATIVOS!$C$122:$W$122,1,MATCH($B$3,NORMATIVOS!$C$1:$W$1,0))="Proyección")+--(INDEX(NORMATIVOS!$C$123:$W$123,1,MATCH($B$3,NORMATIVOS!$C$1:$W$1,0))="Proyección")+--(INDEX(NORMATIVOS!$C$124:$W$124,1,MATCH($B$3,NORMATIVOS!$C$1:$W$1,0))="Proyección")+--(INDEX(NORMATIVOS!$C$125:$W$125,1,MATCH($B$3,NORMATIVOS!$C$1:$W$1,0))="Proyección")+--(INDEX(NORMATIVOS!$C$126:$W$126,1,MATCH($B$3,NORMATIVOS!$C$1:$W$1,0))="Proyección")+--(INDEX(NORMATIVOS!$C$127:$W$127,1,MATCH($B$3,NORMATIVOS!$C$1:$W$1,0))="Proyección")+--(INDEX(NORMATIVOS!$C$128:$W$128,1,MATCH($B$3,NORMATIVOS!$C$1:$W$1,0))="Proyección")+--(INDEX(NORMATIVOS!$C$129:$W$129,1,MATCH($B$3,NORMATIVOS!$C$1:$W$1,0))="Proyección")+--(INDEX(NORMATIVOS!$C$130:$W$130,1,MATCH($B$3,NORMATIVOS!$C$1:$W$1,0))="Proyección")+--(INDEX(NORMATIVOS!$C$131:$W$131,1,MATCH($B$3,NORMATIVOS!$C$1:$W$1,0))="Proyección")+--(INDEX(NORMATIVOS!$C$132:$W$132,1,MATCH($B$3,NORMATIVOS!$C$1:$W$1,0))="Proyección")+--(INDEX(NORMATIVOS!$C$133:$W$133,1,MATCH($B$3,NORMATIVOS!$C$1:$W$1,0))="Proyección")+--(INDEX(NORMATIVOS!$C$134:$W$134,1,MATCH($B$3,NORMATIVOS!$C$1:$W$1,0))="Proyección")+--(INDEX(NORMATIVOS!$C$135:$W$135,1,MATCH($B$3,NORMATIVOS!$C$1:$W$1,0))="Proyección")+--(INDEX(NORMATIVOS!$C$136:$W$136,1,MATCH($B$3,NORMATIVOS!$C$1:$W$1,0))="Proyección")+--(INDEX(NORMATIVOS!$C$137:$W$137,1,MATCH($B$3,NORMATIVOS!$C$1:$W$1,0))="Proyección")+--(INDEX(NORMATIVOS!$C$138:$W$138,1,MATCH($B$3,NORMATIVOS!$C$1:$W$1,0))="Proyección")+--(INDEX(NORMATIVOS!$C$139:$W$139,1,MATCH($B$3,NORMATIVOS!$C$1:$W$1,0))="Proyección")+--(INDEX(NORMATIVOS!$C$140:$W$140,1,MATCH($B$3,NORMATIVOS!$C$1:$W$1,0))="Proyección")+--(INDEX(NORMATIVOS!$C$141:$W$141,1,MATCH($B$3,NORMATIVOS!$C$1:$W$1,0))="Proyección") -> 20 | H14: =IFERROR(E14/(E14+F14+G14),0) -> 0
D15: ACCIONES SIN TABLA DE SALTO | E15: =--(INDEX(NORMATIVOS!$C$144:$W$144,1,MATCH($B$3,NORMATIVOS!$C$1:$W$1,0))="Consolidado")+--(INDEX(NORMATIVOS!$C$145:$W$145,1,MATCH($B$3,NORMATIVOS!$C$1:$W$1,0))="Consolidado")+--(INDEX(NORMATIVOS!$C$146:$W$146,1,MATCH($B$3,NORMATIVOS!$C$1:$W$1,0))="Consolidado")+--(INDEX(NORMATIVOS!$C$147:$W$147,1,MATCH($B$3,NORMATIVOS!$C$1:$W$1,0))="Consolidado")+--(INDEX(NORMATIVOS!$C$148:$W$148,1,MATCH($B$3,NORMATIVOS!$C$1:$W$1,0))="Consolidado")+--(INDEX(NORMATIVOS!$C$149:$W$149,1,MATCH($B$3,NORMATIVOS!$C$1:$W$1,0))="Consolidado")+--(INDEX(NORMATIVOS!$C$150:$W$150,1,MATCH($B$3,NORMATIVOS!$C$1:$W$1,0))="Consolidado") -> 0 | F15: =--(INDEX(NORMATIVOS!$C$144:$W$144,1,MATCH($B$3,NORMATIVOS!$C$1:$W$1,0))="En proceso")+--(INDEX(NORMATIVOS!$C$145:$W$145,1,MATCH($B$3,NORMATIVOS!$C$1:$W$1,0))="En proceso")+--(INDEX(NORMATIVOS!$C$146:$W$146,1,MATCH($B$3,NORMATIVOS!$C$1:$W$1,0))="En proceso")+--(INDEX(NORMATIVOS!$C$147:$W$147,1,MATCH($B$3,NORMATIVOS!$C$1:$W$1,0))="En proceso")+--(INDEX(NORMATIVOS!$C$148:$W$148,1,MATCH($B$3,NORMATIVOS!$C$1:$W$1,0))="En proceso")+--(INDEX(NORMATIVOS!$C$149:$W$149,1,MATCH($B$3,NORMATIVOS!$C$1:$W$1,0))="En proceso")+--(INDEX(NORMATIVOS!$C$150:$W$150,1,MATCH($B$3,NORMATIVOS!$C$1:$W$1,0))="En proceso") -> 0 | G15: =--(INDEX(NORMATIVOS!$C$144:$W$144,1,MATCH($B$3,NORMATIVOS!$C$1:$W$1,0))="Proyección")+--(INDEX(NORMATIVOS!$C$145:$W$145,1,MATCH($B$3,NORMATIVOS!$C$1:$W$1,0))="Proyección")+--(INDEX(NORMATIVOS!$C$146:$W$146,1,MATCH($B$3,NORMATIVOS!$C$1:$W$1,0))="Proyección")+--(INDEX(NORMATIVOS!$C$147:$W$147,1,MATCH($B$3,NORMATIVOS!$C$1:$W$1,0))="Proyección")+--(INDEX(NORMATIVOS!$C$148:$W$148,1,MATCH($B$3,NORMATIVOS!$C$1:$W$1,0))="Proyección")+--(INDEX(NORMATIVOS!$C$149:$W$149,1,MATCH($B$3,NORMATIVOS!$C$1:$W$1,0))="Proyección")+--(INDEX(NORMATIVOS!$C$150:$W$150,1,MATCH($B$3,NORMATIVOS!$C$1:$W$1,0))="Proyección") -> 7 | H15: =IFERROR(E15/(E15+F15+G15),0) -> 0
D16: SALTOS | E16: =--(INDEX(NORMATIVOS!$C$151:$W$151,1,MATCH($B$3,NORMATIVOS!$C$1:$W$1,0))="Consolidado")+--(INDEX(NORMATIVOS!$C$152:$W$152,1,MATCH($B$3,NORMATIVOS!$C$1:$W$1,0))="Consolidado")+--(INDEX(NORMATIVOS!$C$153:$W$153,1,MATCH($B$3,NORMATIVOS!$C$1:$W$1,0))="Consolidado")+--(INDEX(NORMATIVOS!$C$154:$W$154,1,MATCH($B$3,NORMATIVOS!$C$1:$W$1,0))="Consolidado")+--(INDEX(NORMATIVOS!$C$155:$W$155,1,MATCH($B$3,NORMATIVOS!$C$1:$W$1,0))="Consolidado")+--(INDEX(NORMATIVOS!$C$156:$W$156,1,MATCH($B$3,NORMATIVOS!$C$1:$W$1,0))="Consolidado")+--(INDEX(NORMATIVOS!$C$157:$W$157,1,MATCH($B$3,NORMATIVOS!$C$1:$W$1,0))="Consolidado")+--(INDEX(NORMATIVOS!$C$158:$W$158,1,MATCH($B$3,NORMATIVOS!$C$1:$W$1,0))="Consolidado")+--(INDEX(NORMATIVOS!$C$159:$W$159,1,MATCH($B$3,NORMATIVOS!$C$1:$W$1,0))="Consolidado")+--(INDEX(NORMATIVOS!$C$160:$W$160,1,MATCH($B$3,NORMATIVOS!$C$1:$W$1,0))="Consolidado")+--(INDEX(NORMATIVOS!$C$161:$W$161,1,MATCH($B$3,NORMATIVOS!$C$1:$W$1,0))="Consolidado")+--(INDEX(NORMATIVOS!$C$162:$W$162,1,MATCH($B$3,NORMATIVOS!$C$1:$W$1,0))="Consolidado")+--(INDEX(NORMATIVOS!$C$163:$W$163,1,MATCH($B$3,NORMATIVOS!$C$1:$W$1,0))="Consolidado")+--(INDEX(NORMATIVOS!$C$164:$W$164,1,MATCH($B$3,NORMATIVOS!$C$1:$W$1,0))="Consolidado")+--(INDEX(NORMATIVOS!$C$165:$W$165,1,MATCH($B$3,NORMATIVOS!$C$1:$W$1,0))="Consolidado")+--(INDEX(NORMATIVOS!$C$166:$W$166,1,MATCH($B$3,NORMATIVOS!$C$1:$W$1,0))="Consolidado")+--(INDEX(NORMATIVOS!$C$167:$W$167,1,MATCH($B$3,NORMATIVOS!$C$1:$W$1,0))="Consolidado")+--(INDEX(NORMATIVOS!$C$168:$W$168,1,MATCH($B$3,NORMATIVOS!$C$1:$W$1,0))="Consolidado")+--(INDEX(NORMATIVOS!$C$169:$W$169,1,MATCH($B$3,NORMATIVOS!$C$1:$W$1,0))="Consolidado")+--(INDEX(NORMATIVOS!$C$170:$W$170,1,MATCH($B$3,NORMATIVOS!$C$1:$W$1,0))="Consolidado")+--(INDEX(NORMATIVOS!$C$171:$W$171,1,MATCH($B$3,NORMATIVOS!$C$1:$W$1,0))="Consolidado")+--(INDEX(NORMATIVOS!$C$172:$W$172,1,MATCH($B$3,NORMATIVOS!$C$1:$W$1,0))="Consolidado") -> 0 | F16: =--(INDEX(NORMATIVOS!$C$151:$W$151,1,MATCH($B$3,NORMATIVOS!$C$1:$W$1,0))="En proceso")+--(INDEX(NORMATIVOS!$C$152:$W$152,1,MATCH($B$3,NORMATIVOS!$C$1:$W$1,0))="En proceso")+--(INDEX(NORMATIVOS!$C$153:$W$153,1,MATCH($B$3,NORMATIVOS!$C$1:$W$1,0))="En proceso")+--(INDEX(NORMATIVOS!$C$154:$W$154,1,MATCH($B$3,NORMATIVOS!$C$1:$W$1,0))="En proceso")+--(INDEX(NORMATIVOS!$C$155:$W$155,1,MATCH($B$3,NORMATIVOS!$C$1:$W$1,0))="En proceso")+--(INDEX(NORMATIVOS!$C$156:$W$156,1,MATCH($B$3,NORMATIVOS!$C$1:$W$1,0))="En proceso")+--(INDEX(NORMATIVOS!$C$157:$W$157,1,MATCH($B$3,NORMATIVOS!$C$1:$W$1,0))="En proceso")+--(INDEX(NORMATIVOS!$C$158:$W$158,1,MATCH($B$3,NORMATIVOS!$C$1:$W$1,0))="En proceso")+--(INDEX(NORMATIVOS!$C$159:$W$159,1,MATCH($B$3,NORMATIVOS!$C$1:$W$1,0))="En proceso")+--(INDEX(NORMATIVOS!$C$160:$W$160,1,MATCH($B$3,NORMATIVOS!$C$1:$W$1,0))="En proceso")+--(INDEX(NORMATIVOS!$C$161:$W$161,1,MATCH($B$3,NORMATIVOS!$C$1:$W$1,0))="En proceso")+--(INDEX(NORMATIVOS!$C$162:$W$162,1,MATCH($B$3,NORMATIVOS!$C$1:$W$1,0))="En proceso")+--(INDEX(NORMATIVOS!$C$163:$W$163,1,MATCH($B$3,NORMATIVOS!$C$1:$W$1,0))="En proceso")+--(INDEX(NORMATIVOS!$C$164:$W$164,1,MATCH($B$3,NORMATIVOS!$C$1:$W$1,0))="En proceso")+--(INDEX(NORMATIVOS!$C$165:$W$165,1,MATCH($B$3,NORMATIVOS!$C$1:$W$1,0))="En proceso")+--(INDEX(NORMATIVOS!$C$166:$W$166,1,MATCH($B$3,NORMATIVOS!$C$1:$W$1,0))="En proceso")+--(INDEX(NORMATIVOS!$C$167:$W$167,1,MATCH($B$3,NORMATIVOS!$C$1:$W$1,0))="En proceso")+--(INDEX(NORMATIVOS!$C$168:$W$168,1,MATCH($B$3,NORMATIVOS!$C$1:$W$1,0))="En proceso")+--(INDEX(NORMATIVOS!$C$169:$W$169,1,MATCH($B$3,NORMATIVOS!$C$1:$W$1,0))="En proceso")+--(INDEX(NORMATIVOS!$C$170:$W$170,1,MATCH($B$3,NORMATIVOS!$C$1:$W$1,0))="En proceso")+--(INDEX(NORMATIVOS!$C$171:$W$171,1,MATCH($B$3,NORMATIVOS!$C$1:$W$1,0))="En proceso")+--(INDEX(NORMATIVOS!$C$172:$W$172,1,MATCH($B$3,NORMATIVOS!$C$1:$W$1,0))="En proceso") -> 0 | G16: =--(INDEX(NORMATIVOS!$C$151:$W$151,1,MATCH($B$3,NORMATIVOS!$C$1:$W$1,0))="Proyección")+--(INDEX(NORMATIVOS!$C$152:$W$152,1,MATCH($B$3,NORMATIVOS!$C$1:$W$1,0))="Proyección")+--(INDEX(NORMATIVOS!$C$153:$W$153,1,MATCH($B$3,NORMATIVOS!$C$1:$W$1,0))="Proyección")+--(INDEX(NORMATIVOS!$C$154:$W$154,1,MATCH($B$3,NORMATIVOS!$C$1:$W$1,0))="Proyección")+--(INDEX(NORMATIVOS!$C$155:$W$155,1,MATCH($B$3,NORMATIVOS!$C$1:$W$1,0))="Proyección")+--(INDEX(NORMATIVOS!$C$156:$W$156,1,MATCH($B$3,NORMATIVOS!$C$1:$W$1,0))="Proyección")+--(INDEX(NORMATIVOS!$C$157:$W$157,1,MATCH($B$3,NORMATIVOS!$C$1:$W$1,0))="Proyección")+--(INDEX(NORMATIVOS!$C$158:$W$158,1,MATCH($B$3,NORMATIVOS!$C$1:$W$1,0))="Proyección")+--(INDEX(NORMATIVOS!$C$159:$W$159,1,MATCH($B$3,NORMATIVOS!$C$1:$W$1,0))="Proyección")+--(INDEX(NORMATIVOS!$C$160:$W$160,1,MATCH($B$3,NORMATIVOS!$C$1:$W$1,0))="Proyección")+--(INDEX(NORMATIVOS!$C$161:$W$161,1,MATCH($B$3,NORMATIVOS!$C$1:$W$1,0))="Proyección")+--(INDEX(NORMATIVOS!$C$162:$W$162,1,MATCH($B$3,NORMATIVOS!$C$1:$W$1,0))="Proyección")+--(INDEX(NORMATIVOS!$C$163:$W$163,1,MATCH($B$3,NORMATIVOS!$C$1:$W$1,0))="Proyección")+--(INDEX(NORMATIVOS!$C$164:$W$164,1,MATCH($B$3,NORMATIVOS!$C$1:$W$1,0))="Proyección")+--(INDEX(NORMATIVOS!$C$165:$W$165,1,MATCH($B$3,NORMATIVOS!$C$1:$W$1,0))="Proyección")+--(INDEX(NORMATIVOS!$C$166:$W$166,1,MATCH($B$3,NORMATIVOS!$C$1:$W$1,0))="Proyección")+--(INDEX(NORMATIVOS!$C$167:$W$167,1,MATCH($B$3,NORMATIVOS!$C$1:$W$1,0))="Proyección")+--(INDEX(NORMATIVOS!$C$168:$W$168,1,MATCH($B$3,NORMATIVOS!$C$1:$W$1,0))="Proyección")+--(INDEX(NORMATIVOS!$C$169:$W$169,1,MATCH($B$3,NORMATIVOS!$C$1:$W$1,0))="Proyección")+--(INDEX(NORMATIVOS!$C$170:$W$170,1,MATCH($B$3,NORMATIVOS!$C$1:$W$1,0))="Proyección")+--(INDEX(NORMATIVOS!$C$171:$W$171,1,MATCH($B$3,NORMATIVOS!$C$1:$W$1,0))="Proyección")+--(INDEX(NORMATIVOS!$C$172:$W$172,1,MATCH($B$3,NORMATIVOS!$C$1:$W$1,0))="Proyección") -> 22 | H16: =IFERROR(E16/(E16+F16+G16),0) -> 0
D17: ELEMENTOS EN SUSPENSION | E17: =--(INDEX(NORMATIVOS!$C$175:$W$175,1,MATCH($B$3,NORMATIVOS!$C$1:$W$1,0))="Consolidado")+--(INDEX(NORMATIVOS!$C$176:$W$176,1,MATCH($B$3,NORMATIVOS!$C$1:$W$1,0))="Consolidado")+--(INDEX(NORMATIVOS!$C$177:$W$177,1,MATCH($B$3,NORMATIVOS!$C$1:$W$1,0))="Consolidado")+--(INDEX(NORMATIVOS!$C$178:$W$178,1,MATCH($B$3,NORMATIVOS!$C$1:$W$1,0))="Consolidado")+--(INDEX(NORMATIVOS!$C$179:$W$179,1,MATCH($B$3,NORMATIVOS!$C$1:$W$1,0))="Consolidado")+--(INDEX(NORMATIVOS!$C$180:$W$180,1,MATCH($B$3,NORMATIVOS!$C$1:$W$1,0))="Consolidado")+--(INDEX(NORMATIVOS!$C$181:$W$181,1,MATCH($B$3,NORMATIVOS!$C$1:$W$1,0))="Consolidado")+--(INDEX(NORMATIVOS!$C$182:$W$182,1,MATCH($B$3,NORMATIVOS!$C$1:$W$1,0))="Consolidado")+--(INDEX(NORMATIVOS!$C$183:$W$183,1,MATCH($B$3,NORMATIVOS!$C$1:$W$1,0))="Consolidado")+--(INDEX(NORMATIVOS!$C$184:$W$184,1,MATCH($B$3,NORMATIVOS!$C$1:$W$1,0))="Consolidado")+--(INDEX(NORMATIVOS!$C$185:$W$185,1,MATCH($B$3,NORMATIVOS!$C$1:$W$1,0))="Consolidado")+--(INDEX(NORMATIVOS!$C$186:$W$186,1,MATCH($B$3,NORMATIVOS!$C$1:$W$1,0))="Consolidado")+--(INDEX(NORMATIVOS!$C$187:$W$187,1,MATCH($B$3,NORMATIVOS!$C$1:$W$1,0))="Consolidado")+--(INDEX(NORMATIVOS!$C$188:$W$188,1,MATCH($B$3,NORMATIVOS!$C$1:$W$1,0))="Consolidado")+--(INDEX(NORMATIVOS!$C$189:$W$189,1,MATCH($B$3,NORMATIVOS!$C$1:$W$1,0))="Consolidado")+--(INDEX(NORMATIVOS!$C$190:$W$190,1,MATCH($B$3,NORMATIVOS!$C$1:$W$1,0))="Consolidado")+--(INDEX(NORMATIVOS!$C$191:$W$191,1,MATCH($B$3,NORMATIVOS!$C$1:$W$1,0))="Consolidado")+--(INDEX(NORMATIVOS!$C$192:$W$192,1,MATCH($B$3,NORMATIVOS!$C$1:$W$1,0))="Consolidado") -> 0 | F17: =--(INDEX(NORMATIVOS!$C$175:$W$175,1,MATCH($B$3,NORMATIVOS!$C$1:$W$1,0))="En proceso")+--(INDEX(NORMATIVOS!$C$176:$W$176,1,MATCH($B$3,NORMATIVOS!$C$1:$W$1,0))="En proceso")+--(INDEX(NORMATIVOS!$C$177:$W$177,1,MATCH($B$3,NORMATIVOS!$C$1:$W$1,0))="En proceso")+--(INDEX(NORMATIVOS!$C$178:$W$178,1,MATCH($B$3,NORMATIVOS!$C$1:$W$1,0))="En proceso")+--(INDEX(NORMATIVOS!$C$179:$W$179,1,MATCH($B$3,NORMATIVOS!$C$1:$W$1,0))="En proceso")+--(INDEX(NORMATIVOS!$C$180:$W$180,1,MATCH($B$3,NORMATIVOS!$C$1:$W$1,0))="En proceso")+--(INDEX(NORMATIVOS!$C$181:$W$181,1,MATCH($B$3,NORMATIVOS!$C$1:$W$1,0))="En proceso")+--(INDEX(NORMATIVOS!$C$182:$W$182,1,MATCH($B$3,NORMATIVOS!$C$1:$W$1,0))="En proceso")+--(INDEX(NORMATIVOS!$C$183:$W$183,1,MATCH($B$3,NORMATIVOS!$C$1:$W$1,0))="En proceso")+--(INDEX(NORMATIVOS!$C$184:$W$184,1,MATCH($B$3,NORMATIVOS!$C$1:$W$1,0))="En proceso")+--(INDEX(NORMATIVOS!$C$185:$W$185,1,MATCH($B$3,NORMATIVOS!$C$1:$W$1,0))="En proceso")+--(INDEX(NORMATIVOS!$C$186:$W$186,1,MATCH($B$3,NORMATIVOS!$C$1:$W$1,0))="En proceso")+--(INDEX(NORMATIVOS!$C$187:$W$187,1,MATCH($B$3,NORMATIVOS!$C$1:$W$1,0))="En proceso")+--(INDEX(NORMATIVOS!$C$188:$W$188,1,MATCH($B$3,NORMATIVOS!$C$1:$W$1,0))="En proceso")+--(INDEX(NORMATIVOS!$C$189:$W$189,1,MATCH($B$3,NORMATIVOS!$C$1:$W$1,0))="En proceso")+--(INDEX(NORMATIVOS!$C$190:$W$190,1,MATCH($B$3,NORMATIVOS!$C$1:$W$1,0))="En proceso")+--(INDEX(NORMATIVOS!$C$191:$W$191,1,MATCH($B$3,NORMATIVOS!$C$1:$W$1,0))="En proceso")+--(INDEX(NORMATIVOS!$C$192:$W$192,1,MATCH($B$3,NORMATIVOS!$C$1:$W$1,0))="En proceso") -> 0 | G17: =--(INDEX(NORMATIVOS!$C$175:$W$175,1,MATCH($B$3,NORMATIVOS!$C$1:$W$1,0))="Proyección")+--(INDEX(NORMATIVOS!$C$176:$W$176,1,MATCH($B$3,NORMATIVOS!$C$1:$W$1,0))="Proyección")+--(INDEX(NORMATIVOS!$C$177:$W$177,1,MATCH($B$3,NORMATIVOS!$C$1:$W$1,0))="Proyección")+--(INDEX(NORMATIVOS!$C$178:$W$178,1,MATCH($B$3,NORMATIVOS!$C$1:$W$1,0))="Proyección")+--(INDEX(NORMATIVOS!$C$179:$W$179,1,MATCH($B$3,NORMATIVOS!$C$1:$W$1,0))="Proyección")+--(INDEX(NORMATIVOS!$C$180:$W$180,1,MATCH($B$3,NORMATIVOS!$C$1:$W$1,0))="Proyección")+--(INDEX(NORMATIVOS!$C$181:$W$181,1,MATCH($B$3,NORMATIVOS!$C$1:$W$1,0))="Proyección")+--(INDEX(NORMATIVOS!$C$182:$W$182,1,MATCH($B$3,NORMATIVOS!$C$1:$W$1,0))="Proyección")+--(INDEX(NORMATIVOS!$C$183:$W$183,1,MATCH($B$3,NORMATIVOS!$C$1:$W$1,0))="Proyección")+--(INDEX(NORMATIVOS!$C$184:$W$184,1,MATCH($B$3,NORMATIVOS!$C$1:$W$1,0))="Proyección")+--(INDEX(NORMATIVOS!$C$185:$W$185,1,MATCH($B$3,NORMATIVOS!$C$1:$W$1,0))="Proyección")+--(INDEX(NORMATIVOS!$C$186:$W$186,1,MATCH($B$3,NORMATIVOS!$C$1:$W$1,0))="Proyección")+--(INDEX(NORMATIVOS!$C$187:$W$187,1,MATCH($B$3,NORMATIVOS!$C$1:$W$1,0))="Proyección")+--(INDEX(NORMATIVOS!$C$188:$W$188,1,MATCH($B$3,NORMATIVOS!$C$1:$W$1,0))="Proyección")+--(INDEX(NORMATIVOS!$C$189:$W$189,1,MATCH($B$3,NORMATIVOS!$C$1:$W$1,0))="Proyección")+--(INDEX(NORMATIVOS!$C$190:$W$190,1,MATCH($B$3,NORMATIVOS!$C$1:$W$1,0))="Proyección")+--(INDEX(NORMATIVOS!$C$191:$W$191,1,MATCH($B$3,NORMATIVOS!$C$1:$W$1,0))="Proyección")+--(INDEX(NORMATIVOS!$C$192:$W$192,1,MATCH($B$3,NORMATIVOS!$C$1:$W$1,0))="Proyección") -> 18 | H17: =IFERROR(E17/(E17+F17+G17),0) -> 0
D18: ELEMENTOS EN APOYO | E18: =--(INDEX(NORMATIVOS!$C$193:$W$193,1,MATCH($B$3,NORMATIVOS!$C$1:$W$1,0))="Consolidado")+--(INDEX(NORMATIVOS!$C$194:$W$194,1,MATCH($B$3,NORMATIVOS!$C$1:$W$1,0))="Consolidado")+--(INDEX(NORMATIVOS!$C$195:$W$195,1,MATCH($B$3,NORMATIVOS!$C$1:$W$1,0))="Consolidado")+--(INDEX(NORMATIVOS!$C$196:$W$196,1,MATCH($B$3,NORMATIVOS!$C$1:$W$1,0))="Consolidado")+--(INDEX(NORMATIVOS!$C$197:$W$197,1,MATCH($B$3,NORMATIVOS!$C$1:$W$1,0))="Consolidado")+--(INDEX(NORMATIVOS!$C$198:$W$198,1,MATCH($B$3,NORMATIVOS!$C$1:$W$1,0))="Consolidado")+--(INDEX(NORMATIVOS!$C$199:$W$199,1,MATCH($B$3,NORMATIVOS!$C$1:$W$1,0))="Consolidado")+--(INDEX(NORMATIVOS!$C$200:$W$200,1,MATCH($B$3,NORMATIVOS!$C$1:$W$1,0))="Consolidado")+--(INDEX(NORMATIVOS!$C$201:$W$201,1,MATCH($B$3,NORMATIVOS!$C$1:$W$1,0))="Consolidado")+--(INDEX(NORMATIVOS!$C$202:$W$202,1,MATCH($B$3,NORMATIVOS!$C$1:$W$1,0))="Consolidado")+--(INDEX(NORMATIVOS!$C$203:$W$203,1,MATCH($B$3,NORMATIVOS!$C$1:$W$1,0))="Consolidado")+--(INDEX(NORMATIVOS!$C$204:$W$204,1,MATCH($B$3,NORMATIVOS!$C$1:$W$1,0))="Consolidado")+--(INDEX(NORMATIVOS!$C$205:$W$205,1,MATCH($B$3,NORMATIVOS!$C$1:$W$1,0))="Consolidado")+--(INDEX(NORMATIVOS!$C$206:$W$206,1,MATCH($B$3,NORMATIVOS!$C$1:$W$1,0))="Consolidado")+--(INDEX(NORMATIVOS!$C$207:$W$207,1,MATCH($B$3,NORMATIVOS!$C$1:$W$1,0))="Consolidado")+--(INDEX(NORMATIVOS!$C$208:$W$208,1,MATCH($B$3,NORMATIVOS!$C$1:$W$1,0))="Consolidado")+--(INDEX(NORMATIVOS!$C$209:$W$209,1,MATCH($B$3,NORMATIVOS!$C$1:$W$1,0))="Consolidado")+--(INDEX(NORMATIVOS!$C$210:$W$210,1,MATCH($B$3,NORMATIVOS!$C$1:$W$1,0))="Consolidado")+--(INDEX(NORMATIVOS!$C$211:$W$211,1,MATCH($B$3,NORMATIVOS!$C$1:$W$1,0))="Consolidado")+--(INDEX(NORMATIVOS!$C$212:$W$212,1,MATCH($B$3,NORMATIVOS!$C$1:$W$1,0))="Consolidado")+--(INDEX(NORMATIVOS!$C$213:$W$213,1,MATCH($B$3,NORMATIVOS!$C$1:$W$1,0))="Consolidado")+--(INDEX(NORMATIVOS!$C$214:$W$214,1,MATCH($B$3,NORMATIVOS!$C$1:$W$1,0))="Consolidado")+--(INDEX(NORMATIVOS!$C$215:$W$215,1,MATCH($B$3,NORMATIVOS!$C$1:$W$1,0))="Consolidado")+--(INDEX(NORMATIVOS!$C$216:$W$216,1,MATCH($B$3,NORMATIVOS!$C$1:$W$1,0))="Consolidado") -> 0 | F18: =--(INDEX(NORMATIVOS!$C$193:$W$193,1,MATCH($B$3,NORMATIVOS!$C$1:$W$1,0))="En proceso")+--(INDEX(NORMATIVOS!$C$194:$W$194,1,MATCH($B$3,NORMATIVOS!$C$1:$W$1,0))="En proceso")+--(INDEX(NORMATIVOS!$C$195:$W$195,1,MATCH($B$3,NORMATIVOS!$C$1:$W$1,0))="En proceso")+--(INDEX(NORMATIVOS!$C$196:$W$196,1,MATCH($B$3,NORMATIVOS!$C$1:$W$1,0))="En proceso")+--(INDEX(NORMATIVOS!$C$197:$W$197,1,MATCH($B$3,NORMATIVOS!$C$1:$W$1,0))="En proceso")+--(INDEX(NORMATIVOS!$C$198:$W$198,1,MATCH($B$3,NORMATIVOS!$C$1:$W$1,0))="En proceso")+--(INDEX(NORMATIVOS!$C$199:$W$199,1,MATCH($B$3,NORMATIVOS!$C$1:$W$1,0))="En proceso")+--(INDEX(NORMATIVOS!$C$200:$W$200,1,MATCH($B$3,NORMATIVOS!$C$1:$W$1,0))="En proceso")+--(INDEX(NORMATIVOS!$C$201:$W$201,1,MATCH($B$3,NORMATIVOS!$C$1:$W$1,0))="En proceso")+--(INDEX(NORMATIVOS!$C$202:$W$202,1,MATCH($B$3,NORMATIVOS!$C$1:$W$1,0))="En proceso")+--(INDEX(NORMATIVOS!$C$203:$W$203,1,MATCH($B$3,NORMATIVOS!$C$1:$W$1,0))="En proceso")+--(INDEX(NORMATIVOS!$C$204:$W$204,1,MATCH($B$3,NORMATIVOS!$C$1:$W$1,0))="En proceso")+--(INDEX(NORMATIVOS!$C$205:$W$205,1,MATCH($B$3,NORMATIVOS!$C$1:$W$1,0))="En proceso")+--(INDEX(NORMATIVOS!$C$206:$W$206,1,MATCH($B$3,NORMATIVOS!$C$1:$W$1,0))="En proceso")+--(INDEX(NORMATIVOS!$C$207:$W$207,1,MATCH($B$3,NORMATIVOS!$C$1:$W$1,0))="En proceso")+--(INDEX(NORMATIVOS!$C$208:$W$208,1,MATCH($B$3,NORMATIVOS!$C$1:$W$1,0))="En proceso")+--(INDEX(NORMATIVOS!$C$209:$W$209,1,MATCH($B$3,NORMATIVOS!$C$1:$W$1,0))="En proceso")+--(INDEX(NORMATIVOS!$C$210:$W$210,1,MATCH($B$3,NORMATIVOS!$C$1:$W$1,0))="En proceso")+--(INDEX(NORMATIVOS!$C$211:$W$211,1,MATCH($B$3,NORMATIVOS!$C$1:$W$1,0))="En proceso")+--(INDEX(NORMATIVOS!$C$212:$W$212,1,MATCH($B$3,NORMATIVOS!$C$1:$W$1,0))="En proceso")+--(INDEX(NORMATIVOS!$C$213:$W$213,1,MATCH($B$3,NORMATIVOS!$C$1:$W$1,0))="En proceso")+--(INDEX(NORMATIVOS!$C$214:$W$214,1,MATCH($B$3,NORMATIVOS!$C$1:$W$1,0))="En proceso")+--(INDEX(NORMATIVOS!$C$215:$W$215,1,MATCH($B$3,NORMATIVOS!$C$1:$W$1,0))="En proceso")+--(INDEX(NORMATIVOS!$C$216:$W$216,1,MATCH($B$3,NORMATIVOS!$C$1:$W$1,0))="En proceso") -> 0 | G18: =--(INDEX(NORMATIVOS!$C$193:$W$193,1,MATCH($B$3,NORMATIVOS!$C$1:$W$1,0))="Proyección")+--(INDEX(NORMATIVOS!$C$194:$W$194,1,MATCH($B$3,NORMATIVOS!$C$1:$W$1,0))="Proyección")+--(INDEX(NORMATIVOS!$C$195:$W$195,1,MATCH($B$3,NORMATIVOS!$C$1:$W$1,0))="Proyección")+--(INDEX(NORMATIVOS!$C$196:$W$196,1,MATCH($B$3,NORMATIVOS!$C$1:$W$1,0))="Proyección")+--(INDEX(NORMATIVOS!$C$197:$W$197,1,MATCH($B$3,NORMATIVOS!$C$1:$W$1,0))="Proyección")+--(INDEX(NORMATIVOS!$C$198:$W$198,1,MATCH($B$3,NORMATIVOS!$C$1:$W$1,0))="Proyección")+--(INDEX(NORMATIVOS!$C$199:$W$199,1,MATCH($B$3,NORMATIVOS!$C$1:$W$1,0))="Proyección")+--(INDEX(NORMATIVOS!$C$200:$W$200,1,MATCH($B$3,NORMATIVOS!$C$1:$W$1,0))="Proyección")+--(INDEX(NORMATIVOS!$C$201:$W$201,1,MATCH($B$3,NORMATIVOS!$C$1:$W$1,0))="Proyección")+--(INDEX(NORMATIVOS!$C$202:$W$202,1,MATCH($B$3,NORMATIVOS!$C$1:$W$1,0))="Proyección")+--(INDEX(NORMATIVOS!$C$203:$W$203,1,MATCH($B$3,NORMATIVOS!$C$1:$W$1,0))="Proyección")+--(INDEX(NORMATIVOS!$C$204:$W$204,1,MATCH($B$3,NORMATIVOS!$C$1:$W$1,0))="Proyección")+--(INDEX(NORMATIVOS!$C$205:$W$205,1,MATCH($B$3,NORMATIVOS!$C$1:$W$1,0))="Proyección")+--(INDEX(NORMATIVOS!$C$206:$W$206,1,MATCH($B$3,NORMATIVOS!$C$1:$W$1,0))="Proyección")+--(INDEX(NORMATIVOS!$C$207:$W$207,1,MATCH($B$3,NORMATIVOS!$C$1:$W$1,0))="Proyección")+--(INDEX(NORMATIVOS!$C$208:$W$208,1,MATCH($B$3,NORMATIVOS!$C$1:$W$1,0))="Proyección")+--(INDEX(NORMATIVOS!$C$209:$W$209,1,MATCH($B$3,NORMATIVOS!$C$1:$W$1,0))="Proyección")+--(INDEX(NORMATIVOS!$C$210:$W$210,1,MATCH($B$3,NORMATIVOS!$C$1:$W$1,0))="Proyección")+--(INDEX(NORMATIVOS!$C$211:$W$211,1,MATCH($B$3,NORMATIVOS!$C$1:$W$1,0))="Proyección")+--(INDEX(NORMATIVOS!$C$212:$W$212,1,MATCH($B$3,NORMATIVOS!$C$1:$W$1,0))="Proyección")+--(INDEX(NORMATIVOS!$C$213:$W$213,1,MATCH($B$3,NORMATIVOS!$C$1:$W$1,0))="Proyección")+--(INDEX(NORMATIVOS!$C$214:$W$214,1,MATCH($B$3,NORMATIVOS!$C$1:$W$1,0))="Proyección")+--(INDEX(NORMATIVOS!$C$215:$W$215,1,MATCH($B$3,NORMATIVOS!$C$1:$W$1,0))="Proyección")+--(INDEX(NORMATIVOS!$C$216:$W$216,1,MATCH($B$3,NORMATIVOS!$C$1:$W$1,0))="Proyección") -> 24 | H18: =IFERROR(E18/(E18+F18+G18),0) -> 0
D19: ELEMENTOS EN APOYO BRAQUIAL | E19: =--(INDEX(NORMATIVOS!$C$217:$N$217,1,MATCH($B$3,NORMATIVOS!$C$1:$W$1,0))="Consolidado")+--(INDEX(NORMATIVOS!$C$218:$W$218,1,MATCH($B$3,NORMATIVOS!$C$1:$W$1,0))="Consolidado")+--(INDEX(NORMATIVOS!$C$219:$W$219,1,MATCH($B$3,NORMATIVOS!$C$1:$W$1,0))="Consolidado")+--(INDEX(NORMATIVOS!$C$220:$W$220,1,MATCH($B$3,NORMATIVOS!$C$1:$W$1,0))="Consolidado")+--(INDEX(NORMATIVOS!$C$221:$W$221,1,MATCH($B$3,NORMATIVOS!$C$1:$W$1,0))="Consolidado")+--(INDEX(NORMATIVOS!$C$222:$W$222,1,MATCH($B$3,NORMATIVOS!$C$1:$W$1,0))="Consolidado")+--(INDEX(NORMATIVOS!$C$223:$W$223,1,MATCH($B$3,NORMATIVOS!$C$1:$W$1,0))="Consolidado")+--(INDEX(NORMATIVOS!$C$224:$W$224,1,MATCH($B$3,NORMATIVOS!$C$1:$W$1,0))="Consolidado")+--(INDEX(NORMATIVOS!$C$225:$W$225,1,MATCH($B$3,NORMATIVOS!$C$1:$W$1,0))="Consolidado")+--(INDEX(NORMATIVOS!$C$226:$W$226,1,MATCH($B$3,NORMATIVOS!$C$1:$W$1,0))="Consolidado")+--(INDEX(NORMATIVOS!$C$227:$W$227,1,MATCH($B$3,NORMATIVOS!$C$1:$W$1,0))="Consolidado")+--(INDEX(NORMATIVOS!$C$228:$W$228,1,MATCH($B$3,NORMATIVOS!$C$1:$W$1,0))="Consolidado")+--(INDEX(NORMATIVOS!$C$229:$W$229,1,MATCH($B$3,NORMATIVOS!$C$1:$W$1,0))="Consolidado") -> 0 | F19: =--(INDEX(NORMATIVOS!$C$217:$N$217,1,MATCH($B$3,NORMATIVOS!$C$1:$W$1,0))="En proceso")+--(INDEX(NORMATIVOS!$C$218:$W$218,1,MATCH($B$3,NORMATIVOS!$C$1:$W$1,0))="En proceso")+--(INDEX(NORMATIVOS!$C$219:$W$219,1,MATCH($B$3,NORMATIVOS!$C$1:$W$1,0))="En proceso")+--(INDEX(NORMATIVOS!$C$220:$W$220,1,MATCH($B$3,NORMATIVOS!$C$1:$W$1,0))="En proceso")+--(INDEX(NORMATIVOS!$C$221:$W$221,1,MATCH($B$3,NORMATIVOS!$C$1:$W$1,0))="En proceso")+--(INDEX(NORMATIVOS!$C$222:$W$222,1,MATCH($B$3,NORMATIVOS!$C$1:$W$1,0))="En proceso")+--(INDEX(NORMATIVOS!$C$223:$W$223,1,MATCH($B$3,NORMATIVOS!$C$1:$W$1,0))="En proceso")+--(INDEX(NORMATIVOS!$C$224:$W$224,1,MATCH($B$3,NORMATIVOS!$C$1:$W$1,0))="En proceso")+--(INDEX(NORMATIVOS!$C$225:$W$225,1,MATCH($B$3,NORMATIVOS!$C$1:$W$1,0))="En proceso")+--(INDEX(NORMATIVOS!$C$226:$W$226,1,MATCH($B$3,NORMATIVOS!$C$1:$W$1,0))="En proceso")+--(INDEX(NORMATIVOS!$C$227:$W$227,1,MATCH($B$3,NORMATIVOS!$C$1:$W$1,0))="En proceso")+--(INDEX(NORMATIVOS!$C$228:$W$228,1,MATCH($B$3,NORMATIVOS!$C$1:$W$1,0))="En proceso")+--(INDEX(NORMATIVOS!$C$229:$W$229,1,MATCH($B$3,NORMATIVOS!$C$1:$W$1,0))="En proceso") -> 0 | G19: =--(INDEX(NORMATIVOS!$C$217:$N$217,1,MATCH($B$3,NORMATIVOS!$C$1:$W$1,0))="Proyección")+--(INDEX(NORMATIVOS!$C$218:$W$218,1,MATCH($B$3,NORMATIVOS!$C$1:$W$1,0))="Proyección")+--(INDEX(NORMATIVOS!$C$219:$W$219,1,MATCH($B$3,NORMATIVOS!$C$1:$W$1,0))="Proyección")+--(INDEX(NORMATIVOS!$C$220:$W$220,1,MATCH($B$3,NORMATIVOS!$C$1:$W$1,0))="Proyección")+--(INDEX(NORMATIVOS!$C$221:$W$221,1,MATCH($B$3,NORMATIVOS!$C$1:$W$1,0))="Proyección")+--(INDEX(NORMATIVOS!$C$222:$W$222,1,MATCH($B$3,NORMATIVOS!$C$1:$W$1,0))="Proyección")+--(INDEX(NORMATIVOS!$C$223:$W$223,1,MATCH($B$3,NORMATIVOS!$C$1:$W$1,0))="Proyección")+--(INDEX(NORMATIVOS!$C$224:$W$224,1,MATCH($B$3,NORMATIVOS!$C$1:$W$1,0))="Proyección")+--(INDEX(NORMATIVOS!$C$225:$W$225,1,MATCH($B$3,NORMATIVOS!$C$1:$W$1,0))="Proyección")+--(INDEX(NORMATIVOS!$C$226:$W$226,1,MATCH($B$3,NORMATIVOS!$C$1:$W$1,0))="Proyección")+--(INDEX(NORMATIVOS!$C$227:$W$227,1,MATCH($B$3,NORMATIVOS!$C$1:$W$1,0))="Proyección")+--(INDEX(NORMATIVOS!$C$228:$W$228,1,MATCH($B$3,NORMATIVOS!$C$1:$W$1,0))="Proyección")+--(INDEX(NORMATIVOS!$C$229:$W$229,1,MATCH($B$3,NORMATIVOS!$C$1:$W$1,0))="Proyección") -> 13 | H19: =IFERROR(E19/(E19+F19+G19),0) -> 0
D20: ELEMENTOS DE VUELO Y SOLTADAS | E20: =--(INDEX(NORMATIVOS!$C$232:$W$232,1,MATCH($B$3,NORMATIVOS!$C$1:$W$1,0))="Consolidado")+--(INDEX(NORMATIVOS!$C$233:$W$233,1,MATCH($B$3,NORMATIVOS!$C$1:$W$1,0))="Consolidado")+--(INDEX(NORMATIVOS!$C$234:$W$234,1,MATCH($B$3,NORMATIVOS!$C$1:$W$1,0))="Consolidado")+--(INDEX(NORMATIVOS!$C$235:$W$235,1,MATCH($B$3,NORMATIVOS!$C$1:$W$1,0))="Consolidado")+--(INDEX(NORMATIVOS!$C$236:$W$236,1,MATCH($B$3,NORMATIVOS!$C$1:$W$1,0))="Consolidado")+--(INDEX(NORMATIVOS!$C$237:$W$237,1,MATCH($B$3,NORMATIVOS!$C$1:$W$1,0))="Consolidado")+--(INDEX(NORMATIVOS!$C$238:$W$238,1,MATCH($B$3,NORMATIVOS!$C$1:$W$1,0))="Consolidado")+--(INDEX(NORMATIVOS!$C$239:$W$239,1,MATCH($B$3,NORMATIVOS!$C$1:$W$1,0))="Consolidado")+--(INDEX(NORMATIVOS!$C$240:$W$240,1,MATCH($B$3,NORMATIVOS!$C$1:$W$1,0))="Consolidado")+--(INDEX(NORMATIVOS!$C$241:$W$241,1,MATCH($B$3,NORMATIVOS!$C$1:$W$1,0))="Consolidado")+--(INDEX(NORMATIVOS!$C$242:$W$242,1,MATCH($B$3,NORMATIVOS!$C$1:$W$1,0))="Consolidado")+--(INDEX(NORMATIVOS!$C$243:$W$243,1,MATCH($B$3,NORMATIVOS!$C$1:$W$1,0))="Consolidado")+--(INDEX(NORMATIVOS!$C$244:$W$244,1,MATCH($B$3,NORMATIVOS!$C$1:$W$1,0))="Consolidado")+--(INDEX(NORMATIVOS!$C$245:$W$245,1,MATCH($B$3,NORMATIVOS!$C$1:$W$1,0))="Consolidado")+--(INDEX(NORMATIVOS!$C$246:$W$246,1,MATCH($B$3,NORMATIVOS!$C$1:$W$1,0))="Consolidado")+--(INDEX(NORMATIVOS!$C$247:$W$247,1,MATCH($B$3,NORMATIVOS!$C$1:$W$1,0))="Consolidado")+--(INDEX(NORMATIVOS!$C$248:$W$248,1,MATCH($B$3,NORMATIVOS!$C$1:$W$1,0))="Consolidado")+--(INDEX(NORMATIVOS!$C$249:$W$249,1,MATCH($B$3,NORMATIVOS!$C$1:$W$1,0))="Consolidado")+--(INDEX(NORMATIVOS!$C$250:$W$250,1,MATCH($B$3,NORMATIVOS!$C$1:$W$1,0))="Consolidado")+--(INDEX(NORMATIVOS!$C$251:$W$251,1,MATCH($B$3,NORMATIVOS!$C$1:$W$1,0))="Consolidado")+--(INDEX(NORMATIVOS!$C$252:$W$252,1,MATCH($B$3,NORMATIVOS!$C$1:$W$1,0))="Consolidado")+--(INDEX(NORMATIVOS!$C$253:$W$253,1,MATCH($B$3,NORMATIVOS!$C$1:$W$1,0))="Consolidado")+--(INDEX(NORMATIVOS!$C$254:$W$254,1,MATCH($B$3,NORMATIVOS!$C$1:$W$1,0))="Consolidado")+--(INDEX(NORMATIVOS!$C$255:$W$255,1,MATCH($B$3,NORMATIVOS!$C$1:$W$1,0))="Consolidado")+--(INDEX(NORMATIVOS!$C$256:$W$256,1,MATCH($B$3,NORMATIVOS!$C$1:$W$1,0))="Consolidado")+--(INDEX(NORMATIVOS!$C$257:$W$257,1,MATCH($B$3,NORMATIVOS!$C$1:$W$1,0))="Consolidado")+--(INDEX(NORMATIVOS!$C$258:$W$258,1,MATCH($B$3,NORMATIVOS!$C$1:$W$1,0))="Consolidado")+--(INDEX(NORMATIVOS!$C$259:$W$259,1,MATCH($B$3,NORMATIVOS!$C$1:$W$1,0))="Consolidado") -> 0 | F20: =--(INDEX(NORMATIVOS!$C$232:$W$232,1,MATCH($B$3,NORMATIVOS!$C$1:$W$1,0))="En proceso")+--(INDEX(NORMATIVOS!$C$233:$W$233,1,MATCH($B$3,NORMATIVOS!$C$1:$W$1,0))="En proceso")+--(INDEX(NORMATIVOS!$C$234:$W$234,1,MATCH($B$3,NORMATIVOS!$C$1:$W$1,0))="En proceso")+--(INDEX(NORMATIVOS!$C$235:$W$235,1,MATCH($B$3,NORMATIVOS!$C$1:$W$1,0))="En proceso")+--(INDEX(NORMATIVOS!$C$236:$W$236,1,MATCH($B$3,NORMATIVOS!$C$1:$W$1,0))="En proceso")+--(INDEX(NORMATIVOS!$C$237:$W$237,1,MATCH($B$3,NORMATIVOS!$C$1:$W$1,0))="En proceso")+--(INDEX(NORMATIVOS!$C$238:$W$238,1,MATCH($B$3,NORMATIVOS!$C$1:$W$1,0))="En proceso")+--(INDEX(NORMATIVOS!$C$239:$W$239,1,MATCH($B$3,NORMATIVOS!$C$1:$W$1,0))="En proceso")+--(INDEX(NORMATIVOS!$C$240:$W$240,1,MATCH($B$3,NORMATIVOS!$C$1:$W$1,0))="En proceso")+--(INDEX(NORMATIVOS!$C$241:$W$241,1,MATCH($B$3,NORMATIVOS!$C$1:$W$1,0))="En proceso")+--(INDEX(NORMATIVOS!$C$242:$W$242,1,MATCH($B$3,NORMATIVOS!$C$1:$W$1,0))="En proceso")+--(INDEX(NORMATIVOS!$C$243:$W$243,1,MATCH($B$3,NORMATIVOS!$C$1:$W$1,0))="En proceso")+--(INDEX(NORMATIVOS!$C$244:$W$244,1,MATCH($B$3,NORMATIVOS!$C$1:$W$1,0))="En proceso")+--(INDEX(NORMATIVOS!$C$245:$W$245,1,MATCH($B$3,NORMATIVOS!$C$1:$W$1,0))="En proceso")+--(INDEX(NORMATIVOS!$C$246:$W$246,1,MATCH($B$3,NORMATIVOS!$C$1:$W$1,0))="En proceso")+--(INDEX(NORMATIVOS!$C$247:$W$247,1,MATCH($B$3,NORMATIVOS!$C$1:$W$1,0))="En proceso")+--(INDEX(NORMATIVOS!$C$248:$W$248,1,MATCH($B$3,NORMATIVOS!$C$1:$W$1,0))="En proceso")+--(INDEX(NORMATIVOS!$C$249:$W$249,1,MATCH($B$3,NORMATIVOS!$C$1:$W$1,0))="En proceso")+--(INDEX(NORMATIVOS!$C$250:$W$250,1,MATCH($B$3,NORMATIVOS!$C$1:$W$1,0))="En proceso")+--(INDEX(NORMATIVOS!$C$251:$W$251,1,MATCH($B$3,NORMATIVOS!$C$1:$W$1,0))="En proceso")+--(INDEX(NORMATIVOS!$C$252:$W$252,1,MATCH($B$3,NORMATIVOS!$C$1:$W$1,0))="En proceso")+--(INDEX(NORMATIVOS!$C$253:$W$253,1,MATCH($B$3,NORMATIVOS!$C$1:$W$1,0))="En proceso")+--(INDEX(NORMATIVOS!$C$254:$W$254,1,MATCH($B$3,NORMATIVOS!$C$1:$W$1,0))="En proceso")+--(INDEX(NORMATIVOS!$C$255:$W$255,1,MATCH($B$3,NORMATIVOS!$C$1:$W$1,0))="En proceso")+--(INDEX(NORMATIVOS!$C$256:$W$256,1,MATCH($B$3,NORMATIVOS!$C$1:$W$1,0))="En proceso")+--(INDEX(NORMATIVOS!$C$257:$W$257,1,MATCH($B$3,NORMATIVOS!$C$1:$W$1,0))="En proceso")+--(INDEX(NORMATIVOS!$C$258:$W$258,1,MATCH($B$3,NORMATIVOS!$C$1:$W$1,0))="En proceso")+--(INDEX(NORMATIVOS!$C$259:$W$259,1,MATCH($B$3,NORMATIVOS!$C$1:$W$1,0))="En proceso") -> 0 | G20: =--(INDEX(NORMATIVOS!$C$232:$W$232,1,MATCH($B$3,NORMATIVOS!$C$1:$W$1,0))="Proyección")+--(INDEX(NORMATIVOS!$C$233:$W$233,1,MATCH($B$3,NORMATIVOS!$C$1:$W$1,0))="Proyección")+--(INDEX(NORMATIVOS!$C$234:$W$234,1,MATCH($B$3,NORMATIVOS!$C$1:$W$1,0))="Proyección")+--(INDEX(NORMATIVOS!$C$235:$W$235,1,MATCH($B$3,NORMATIVOS!$C$1:$W$1,0))="Proyección")+--(INDEX(NORMATIVOS!$C$236:$W$236,1,MATCH($B$3,NORMATIVOS!$C$1:$W$1,0))="Proyección")+--(INDEX(NORMATIVOS!$C$237:$W$237,1,MATCH($B$3,NORMATIVOS!$C$1:$W$1,0))="Proyección")+--(INDEX(NORMATIVOS!$C$238:$W$238,1,MATCH($B$3,NORMATIVOS!$C$1:$W$1,0))="Proyección")+--(INDEX(NORMATIVOS!$C$239:$W$239,1,MATCH($B$3,NORMATIVOS!$C$1:$W$1,0))="Proyección")+--(INDEX(NORMATIVOS!$C$240:$W$240,1,MATCH($B$3,NORMATIVOS!$C$1:$W$1,0))="Proyección")+--(INDEX(NORMATIVOS!$C$241:$W$241,1,MATCH($B$3,NORMATIVOS!$C$1:$W$1,0))="Proyección")+--(INDEX(NORMATIVOS!$C$242:$W$242,1,MATCH($B$3,NORMATIVOS!$C$1:$W$1,0))="Proyección")+--(INDEX(NORMATIVOS!$C$243:$W$243,1,MATCH($B$3,NORMATIVOS!$C$1:$W$1,0))="Proyección")+--(INDEX(NORMATIVOS!$C$244:$W$244,1,MATCH($B$3,NORMATIVOS!$C$1:$W$1,0))="Proyección")+--(INDEX(NORMATIVOS!$C$245:$W$245,1,MATCH($B$3,NORMATIVOS!$C$1:$W$1,0))="Proyección")+--(INDEX(NORMATIVOS!$C$246:$W$246,1,MATCH($B$3,NORMATIVOS!$C$1:$W$1,0))="Proyección")+--(INDEX(NORMATIVOS!$C$247:$W$247,1,MATCH($B$3,NORMATIVOS!$C$1:$W$1,0))="Proyección")+--(INDEX(NORMATIVOS!$C$248:$W$248,1,MATCH($B$3,NORMATIVOS!$C$1:$W$1,0))="Proyección")+--(INDEX(NORMATIVOS!$C$249:$W$249,1,MATCH($B$3,NORMATIVOS!$C$1:$W$1,0))="Proyección")+--(INDEX(NORMATIVOS!$C$250:$W$250,1,MATCH($B$3,NORMATIVOS!$C$1:$W$1,0))="Proyección")+--(INDEX(NORMATIVOS!$C$251:$W$251,1,MATCH($B$3,NORMATIVOS!$C$1:$W$1,0))="Proyección")+--(INDEX(NORMATIVOS!$C$252:$W$252,1,MATCH($B$3,NORMATIVOS!$C$1:$W$1,0))="Proyección")+--(INDEX(NORMATIVOS!$C$253:$W$253,1,MATCH($B$3,NORMATIVOS!$C$1:$W$1,0))="Proyección")+--(INDEX(NORMATIVOS!$C$254:$W$254,1,MATCH($B$3,NORMATIVOS!$C$1:$W$1,0))="Proyección")+--(INDEX(NORMATIVOS!$C$255:$W$255,1,MATCH($B$3,NORMATIVOS!$C$1:$W$1,0))="Proyección")+--(INDEX(NORMATIVOS!$C$256:$W$256,1,MATCH($B$3,NORMATIVOS!$C$1:$W$1,0))="Proyección")+--(INDEX(NORMATIVOS!$C$257:$W$257,1,MATCH($B$3,NORMATIVOS!$C$1:$W$1,0))="Proyección")+--(INDEX(NORMATIVOS!$C$258:$W$258,1,MATCH($B$3,NORMATIVOS!$C$1:$W$1,0))="Proyección")+--(INDEX(NORMATIVOS!$C$259:$W$259,1,MATCH($B$3,NORMATIVOS!$C$1:$W$1,0))="Proyección") -> 28 | H20: =IFERROR(E20/(E20+F20+G20),0) -> 0
D21: ACERCAMIENTO A LA BARRA | E21: =--(INDEX(NORMATIVOS!$C$260:$W$260,1,MATCH($B$3,NORMATIVOS!$C$1:$W$1,0))="Consolidado")+--(INDEX(NORMATIVOS!$C$261:$W$261,1,MATCH($B$3,NORMATIVOS!$C$1:$W$1,0))="Consolidado")+--(INDEX(NORMATIVOS!$C$262:$W$262,1,MATCH($B$3,NORMATIVOS!$C$1:$W$1,0))="Consolidado")+--(INDEX(NORMATIVOS!$C$263:$W$263,1,MATCH($B$3,NORMATIVOS!$C$1:$W$1,0))="Consolidado")+--(INDEX(NORMATIVOS!$C$264:$W$264,1,MATCH($B$3,NORMATIVOS!$C$1:$W$1,0))="Consolidado")+--(INDEX(NORMATIVOS!$C$265:$W$265,1,MATCH($B$3,NORMATIVOS!$C$1:$W$1,0))="Consolidado")+--(INDEX(NORMATIVOS!$C$266:$W$266,1,MATCH($B$3,NORMATIVOS!$C$1:$W$1,0))="Consolidado")+--(INDEX(NORMATIVOS!$C$267:$W$267,1,MATCH($B$3,NORMATIVOS!$C$1:$W$1,0))="Consolidado")+--(INDEX(NORMATIVOS!$C$268:$W$268,1,MATCH($B$3,NORMATIVOS!$C$1:$W$1,0))="Consolidado")+--(INDEX(NORMATIVOS!$C$269:$W$269,1,MATCH($B$3,NORMATIVOS!$C$1:$W$1,0))="Consolidado")+--(INDEX(NORMATIVOS!$C$270:$W$270,1,MATCH($B$3,NORMATIVOS!$C$1:$W$1,0))="Consolidado")+--(INDEX(NORMATIVOS!$C$271:$W$271,1,MATCH($B$3,NORMATIVOS!$C$1:$W$1,0))="Consolidado")+--(INDEX(NORMATIVOS!$C$272:$W$272,1,MATCH($B$3,NORMATIVOS!$C$1:$W$1,0))="Consolidado")+--(INDEX(NORMATIVOS!$C$273:$W$273,1,MATCH($B$3,NORMATIVOS!$C$1:$W$1,0))="Consolidado")+--(INDEX(NORMATIVOS!$C$274:$W$274,1,MATCH($B$3,NORMATIVOS!$C$1:$W$1,0))="Consolidado")+--(INDEX(NORMATIVOS!$C$275:$W$275,1,MATCH($B$3,NORMATIVOS!$C$1:$W$1,0))="Consolidado")+--(INDEX(NORMATIVOS!$C$276:$W$276,1,MATCH($B$3,NORMATIVOS!$C$1:$W$1,0))="Consolidado") -> 0 | F21: =--(INDEX(NORMATIVOS!$C$260:$W$260,1,MATCH($B$3,NORMATIVOS!$C$1:$W$1,0))="En proceso")+--(INDEX(NORMATIVOS!$C$261:$W$261,1,MATCH($B$3,NORMATIVOS!$C$1:$W$1,0))="En proceso")+--(INDEX(NORMATIVOS!$C$262:$W$262,1,MATCH($B$3,NORMATIVOS!$C$1:$W$1,0))="En proceso")+--(INDEX(NORMATIVOS!$C$263:$W$263,1,MATCH($B$3,NORMATIVOS!$C$1:$W$1,0))="En proceso")+--(INDEX(NORMATIVOS!$C$264:$W$264,1,MATCH($B$3,NORMATIVOS!$C$1:$W$1,0))="En proceso")+--(INDEX(NORMATIVOS!$C$265:$W$265,1,MATCH($B$3,NORMATIVOS!$C$1:$W$1,0))="En proceso")+--(INDEX(NORMATIVOS!$C$266:$W$266,1,MATCH($B$3,NORMATIVOS!$C$1:$W$1,0))="En proceso")+--(INDEX(NORMATIVOS!$C$267:$W$267,1,MATCH($B$3,NORMATIVOS!$C$1:$W$1,0))="En proceso")+--(INDEX(NORMATIVOS!$C$268:$W$268,1,MATCH($B$3,NORMATIVOS!$C$1:$W$1,0))="En proceso")+--(INDEX(NORMATIVOS!$C$269:$W$269,1,MATCH($B$3,NORMATIVOS!$C$1:$W$1,0))="En proceso")+--(INDEX(NORMATIVOS!$C$270:$W$270,1,MATCH($B$3,NORMATIVOS!$C$1:$W$1,0))="En proceso")+--(INDEX(NORMATIVOS!$C$271:$W$271,1,MATCH($B$3,NORMATIVOS!$C$1:$W$1,0))="En proceso")+--(INDEX(NORMATIVOS!$C$272:$W$272,1,MATCH($B$3,NORMATIVOS!$C$1:$W$1,0))="En proceso")+--(INDEX(NORMATIVOS!$C$273:$W$273,1,MATCH($B$3,NORMATIVOS!$C$1:$W$1,0))="En proceso")+--(INDEX(NORMATIVOS!$C$274:$W$274,1,MATCH($B$3,NORMATIVOS!$C$1:$W$1,0))="En proceso")+--(INDEX(NORMATIVOS!$C$275:$W$275,1,MATCH($B$3,NORMATIVOS!$C$1:$W$1,0))="En proceso")+--(INDEX(NORMATIVOS!$C$276:$W$276,1,MATCH($B$3,NORMATIVOS!$C$1:$W$1,0))="En proceso") -> 0 | G21: =--(INDEX(NORMATIVOS!$C$260:$W$260,1,MATCH($B$3,NORMATIVOS!$C$1:$W$1,0))="Proyección")+--(INDEX(NORMATIVOS!$C$261:$W$261,1,MATCH($B$3,NORMATIVOS!$C$1:$W$1,0))="Proyección")+--(INDEX(NORMATIVOS!$C$262:$W$262,1,MATCH($B$3,NORMATIVOS!$C$1:$W$1,0))="Proyección")+--(INDEX(NORMATIVOS!$C$263:$W$263,1,MATCH($B$3,NORMATIVOS!$C$1:$W$1,0))="Proyección")+--(INDEX(NORMATIVOS!$C$264:$W$264,1,MATCH($B$3,NORMATIVOS!$C$1:$W$1,0))="Proyección")+--(INDEX(NORMATIVOS!$C$265:$W$265,1,MATCH($B$3,NORMATIVOS!$C$1:$W$1,0))="Proyección")+--(INDEX(NORMATIVOS!$C$266:$W$266,1,MATCH($B$3,NORMATIVOS!$C$1:$W$1,0))="Proyección")+--(INDEX(NORMATIVOS!$C$267:$W$267,1,MATCH($B$3,NORMATIVOS!$C$1:$W$1,0))="Proyección")+--(INDEX(NORMATIVOS!$C$268:$W$268,1,MATCH($B$3,NORMATIVOS!$C$1:$W$1,0))="Proyección")+--(INDEX(NORMATIVOS!$C$269:$W$269,1,MATCH($B$3,NORMATIVOS!$C$1:$W$1,0))="Proyección")+--(INDEX(NORMATIVOS!$C$270:$W$270,1,MATCH($B$3,NORMATIVOS!$C$1:$W$1,0))="Proyección")+--(INDEX(NORMATIVOS!$C$271:$W$271,1,MATCH($B$3,NORMATIVOS!$C$1:$W$1,0))="Proyección")+--(INDEX(NORMATIVOS!$C$272:$W$272,1,MATCH($B$3,NORMATIVOS!$C$1:$W$1,0))="Proyección")+--(INDEX(NORMATIVOS!$C$273:$W$273,1,MATCH($B$3,NORMATIVOS!$C$1:$W$1,0))="Proyección")+--(INDEX(NORMATIVOS!$C$274:$W$274,1,MATCH($B$3,NORMATIVOS!$C$1:$W$1,0))="Proyección")+--(INDEX(NORMATIVOS!$C$275:$W$275,1,MATCH($B$3,NORMATIVOS!$C$1:$W$1,0))="Proyección")+--(INDEX(NORMATIVOS!$C$276:$W$276,1,MATCH($B$3,NORMATIVOS!$C$1:$W$1,0))="Proyección") -> 17 | H21: =IFERROR(E21/(E21+F21+G21),0) -> 0
A25: DETALLE DE ELEMENTOS
A26: Aparato | B26: Elemento | C26: Estado
A27: POSICIONES BÁSICAS Y FUERZA | B27: Postura de pie firme | C27: =INDEX(NORMATIVOS!$C$3:$W$3,1,MATCH($B$3,NORMATIVOS!$C$1:$W$1,0)) -> Proyección
A28: POSICIONES BÁSICAS Y FUERZA | B28: Parado de hombros | C28: =INDEX(NORMATIVOS!$C$4:$W$4,1,MATCH($B$3,NORMATIVOS!$C$1:$W$1,0)) -> Proyección
A29: POSICIONES BÁSICAS Y FUERZA | B29: Parado de antebrazos | C29: =INDEX(NORMATIVOS!$C$5:$W$5,1,MATCH($B$3,NORMATIVOS!$C$1:$W$1,0)) -> Proyección
A30: POSICIONES BÁSICAS Y FUERZA | B30: Parado de cabeza | C30: =INDEX(NORMATIVOS!$C$6:$W$6,1,MATCH($B$3,NORMATIVOS!$C$1:$W$1,0)) -> Proyección
A31: POSICIONES BÁSICAS Y FUERZA | B31: Parado de manos en apoyo | C31: =INDEX(NORMATIVOS!$C$7:$W$7,1,MATCH($B$3,NORMATIVOS!$C$1:$W$1,0)) -> Proyección
A32: POSICIONES BÁSICAS Y FUERZA | B32: Parado de Manos | C32: =INDEX(NORMATIVOS!$C$8:$W$8,1,MATCH($B$3,NORMATIVOS!$C$1:$W$1,0)) -> Proyección
A33: POSICIONES BÁSICAS Y FUERZA | B33: Split | C33: =INDEX(NORMATIVOS!$C$9:$W$9,1,MATCH($B$3,NORMATIVOS!$C$1:$W$1,0)) -> Proyección
A34: POSICIONES BÁSICAS Y FUERZA | B34: Squat | C34: =INDEX(NORMATIVOS!$C$10:$W$10,1,MATCH($B$3,NORMATIVOS!$C$1:$W$1,0)) -> Proyección
A35: POSICIONES BÁSICAS Y FUERZA | B35: Equilibrio a un pie (arabesca) | C35: =INDEX(NORMATIVOS!$C$11:$W$11,1,MATCH($B$3,NORMATIVOS!$C$1:$W$1,0)) -> Proyección
A36: POSICIONES BÁSICAS Y FUERZA | B36: L sit | C36: =INDEX(NORMATIVOS!$C$12:$W$12,1,MATCH($B$3,NORMATIVOS!$C$1:$W$1,0)) -> Proyección
A37: POSICIONES BÁSICAS Y FUERZA | B37: Sustentación en Arco | C37: =INDEX(NORMATIVOS!$C$13:$W$13,1,MATCH($B$3,NORMATIVOS!$C$1:$W$1,0)) -> Proyección
A38: POSICIONES BÁSICAS Y FUERZA | B38: Soporte en escuadra endo | C38: =INDEX(NORMATIVOS!$C$14:$W$14,1,MATCH($B$3,NORMATIVOS!$C$1:$W$1,0)) -> Proyección
A39: POSICIONES BÁSICAS Y FUERZA | B39: Kato de fuerza | C39: =INDEX(NORMATIVOS!$C$15:$W$15,1,MATCH($B$3,NORMATIVOS!$C$1:$W$1,0)) -> Proyección
A40: POSICIONES BÁSICAS Y FUERZA | B40: Rodada Kato | C40: =INDEX(NORMATIVOS!$C$16:$W$16,1,MATCH($B$3,NORMATIVOS!$C$1:$W$1,0)) -> Proyección
A41: ACROBATICO HACÍA DELANTE | B41: Rodada adelanté | C41: =INDEX(NORMATIVOS!$C$17:$W$17,1,MATCH($B$3,NORMATIVOS!$C$1:$W$1,0)) -> Proyección
A42: ACROBATICO HACÍA DELANTE | B42: Vuelta de carro | C42: =INDEX(NORMATIVOS!$C$18:$W$18,1,MATCH($B$3,NORMATIVOS!$C$1:$W$1,0)) -> Proyección
A43: ACROBATICO HACÍA DELANTE | B43: Redondilla | C43: =INDEX(NORMATIVOS!$C$19:$W$19,1,MATCH($B$3,NORMATIVOS!$C$1:$W$1,0)) -> Proyección
A44: ACROBATICO HACÍA DELANTE | B44: Resorte a 2 pies | C44: =INDEX(NORMATIVOS!$C$20:$W$20,1,MATCH($B$3,NORMATIVOS!$C$1:$W$1,0)) -> Proyección
A45: ACROBATICO HACÍA DELANTE | B45: Resorte a 1 pie | C45: =INDEX(NORMATIVOS!$C$21:$W$21,1,MATCH($B$3,NORMATIVOS!$C$1:$W$1,0)) -> Proyección
A46: ACROBATICO HACÍA DELANTE | B46: Mortal adelante en C | C46: =INDEX(NORMATIVOS!$C$22:$W$22,1,MATCH($B$3,NORMATIVOS!$C$1:$W$1,0)) -> Proyección
A47: ACROBATICO HACÍA DELANTE | B47: Resorte 1 a 2 | C47: =INDEX(NORMATIVOS!$C$23:$W$23,1,MATCH($B$3,NORMATIVOS!$C$1:$W$1,0)) -> Proyección
A48: ACROBATICO HACÍA DELANTE | B48: Mortal adelante en V | C48: =INDEX(NORMATIVOS!$C$24:$W$24,1,MATCH($B$3,NORMATIVOS!$C$1:$W$1,0)) -> Proyección
A49: ACROBATICO HACÍA DELANTE | B49: Mortal extendido | C49: =INDEX(NORMATIVOS!$C$25:$W$25,1,MATCH($B$3,NORMATIVOS!$C$1:$W$1,0)) -> Proyección
A50: ACROBATICO HACÍA DELANTE | B50: Mortal rebote mortal | C50: =INDEX(NORMATIVOS!$C$26:$W$26,1,MATCH($B$3,NORMATIVOS!$C$1:$W$1,0)) -> Proyección
A51: ACROBATICO HACÍA DELANTE | B51: Doble mortal en C adelanté | C51: =INDEX(NORMATIVOS!$C$27:$W$27,1,MATCH($B$3,NORMATIVOS!$C$1:$W$1,0)) -> Proyección
A52: ACROBATICO HACÍA ATRÁS | B52: Rodada atras | C52: =INDEX(NORMATIVOS!$C$28:$W$28,1,MATCH($B$3,NORMATIVOS!$C$1:$W$1,0)) -> Proyección
A53: ACROBATICO HACÍA ATRÁS | B53: Rodada atrás a parado de manos | C53: =INDEX(NORMATIVOS!$C$29:$W$29,1,MATCH($B$3,NORMATIVOS!$C$1:$W$1,0)) -> Proyección
A54: ACROBATICO HACÍA ATRÁS | B54: Flic flac | C54: =INDEX(NORMATIVOS!$C$30:$W$30,1,MATCH($B$3,NORMATIVOS!$C$1:$W$1,0)) -> Proyección
A55: ACROBATICO HACÍA ATRÁS | B55: Doble flic | C55: =INDEX(NORMATIVOS!$C$31:$W$31,1,MATCH($B$3,NORMATIVOS!$C$1:$W$1,0)) -> Proyección
A56: ACROBATICO HACÍA ATRÁS | B56: Mortal atras en C desde Redondilla | C56: =INDEX(NORMATIVOS!$C$32:$W$32,1,MATCH($B$3,NORMATIVOS!$C$1:$W$1,0)) -> Proyección
A57: ACROBATICO HACÍA ATRÁS | B57: Mortal atras en C desde Flic flac | C57: =INDEX(NORMATIVOS!$C$33:$W$33,1,MATCH($B$3,NORMATIVOS!$C$1:$W$1,0)) -> Proyección
A58: ACROBATICO HACÍA ATRÁS | B58: Mortal en V atras | C58: =INDEX(NORMATIVOS!$C$34:$W$34,1,MATCH($B$3,NORMATIVOS!$C$1:$W$1,0)) -> Proyección
A59: ACROBATICO HACÍA ATRÁS | B59: Mortal extendido atras | C59: =INDEX(NORMATIVOS!$C$35:$W$35,1,MATCH($B$3,NORMATIVOS!$C$1:$W$1,0)) -> Proyección
A60: ACROBATICO HACÍA ATRÁS | B60: Power flic (Tempo) | C60: =INDEX(NORMATIVOS!$C$36:$W$36,1,MATCH($B$3,NORMATIVOS!$C$1:$W$1,0)) -> Proyección
A61: ACROBATICO HACÍA ATRÁS | B61: Doble mortal atrás en C | C61: =INDEX(NORMATIVOS!$C$37:$W$37,1,MATCH($B$3,NORMATIVOS!$C$1:$W$1,0)) -> Proyección
A62: ACROBATICO CON GIRO | B62: Mortal extendido atras con 1/2 giro | C62: =INDEX(NORMATIVOS!$C$38:$W$38,1,MATCH($B$3,NORMATIVOS!$C$1:$W$1,0)) -> Proyección
A63: ACROBATICO CON GIRO | B63: Mortal extendido atras con un giro | C63: =INDEX(NORMATIVOS!$C$39:$W$39,1,MATCH($B$3,NORMATIVOS!$C$1:$W$1,0)) -> Proyección
A64: ACROBATICO CON GIRO | B64: Mortal agrupado adelanté con 1/2 giro | C64: =INDEX(NORMATIVOS!$C$40:$W$40,1,MATCH($B$3,NORMATIVOS!$C$1:$W$1,0)) -> Proyección
A65: ACROBATICO CON GIRO | B65: Mortal agrupado adelanté con 1 giro | C65: =INDEX(NORMATIVOS!$C$41:$W$41,1,MATCH($B$3,NORMATIVOS!$C$1:$W$1,0)) -> Proyección
A66: ACROBATICO CON GIRO | B66: Varani | C66: =INDEX(NORMATIVOS!$C$42:$W$42,1,MATCH($B$3,NORMATIVOS!$C$1:$W$1,0)) -> Proyección
A67: ACROBATICO CON GIRO | B67: Mortal extendido adelanté con 1 giro | C67: =INDEX(NORMATIVOS!$C$43:$W$43,1,MATCH($B$3,NORMATIVOS!$C$1:$W$1,0)) -> Proyección
A68: ACROBATICO CON GIRO | B68: Mortal extendido atras con 1 1/2 giro | C68: =INDEX(NORMATIVOS!$C$44:$W$44,1,MATCH($B$3,NORMATIVOS!$C$1:$W$1,0)) -> Proyección
A69: ACROBATICO CON GIRO | B69: Mortal extendido atrás con 2 giros | C69: =INDEX(NORMATIVOS!$C$45:$W$45,1,MATCH($B$3,NORMATIVOS!$C$1:$W$1,0)) -> Proyección
A70: ACROBATICO CON GIRO | B70: Mortal extendido adelante con 1 1/2 giro | C70: =INDEX(NORMATIVOS!$C$46:$W$46,1,MATCH($B$3,NORMATIVOS!$C$1:$W$1,0)) -> Proyección
A71: HONGO | B71: Posturas básicas de apoyo e impulso | C71: =INDEX(NORMATIVOS!$C$49:$W$49,1,MATCH($B$3,NORMATIVOS!$C$1:$W$1,0)) -> Proyección
A72: HONGO | B72: 1/4 de circulo | C72: =INDEX(NORMATIVOS!$C$50:$W$50,1,MATCH($B$3,NORMATIVOS!$C$1:$W$1,0)) -> Proyección
A73: HONGO | B73: 1/2 de circulo | C73: =INDEX(NORMATIVOS!$C$51:$W$51,1,MATCH($B$3,NORMATIVOS!$C$1:$W$1,0)) -> Proyección
A74: HONGO | B74: 3/4 de circulo | C74: =INDEX(NORMATIVOS!$C$52:$W$52,1,MATCH($B$3,NORMATIVOS!$C$1:$W$1,0)) -> Proyección
A75: HONGO | B75: 1 circulo | C75: =INDEX(NORMATIVOS!$C$53:$W$53,1,MATCH($B$3,NORMATIVOS!$C$1:$W$1,0)) -> Proyección
A76: HONGO | B76: 2 circulos | C76: =INDEX(NORMATIVOS!$C$54:$W$54,1,MATCH($B$3,NORMATIVOS!$C$1:$W$1,0)) -> Proyección
A77: HONGO | B77: 3 circulos | C77: =INDEX(NORMATIVOS!$C$55:$W$55,1,MATCH($B$3,NORMATIVOS!$C$1:$W$1,0)) -> Proyección
A78: HONGO | B78: 4 circulos | C78: =INDEX(NORMATIVOS!$C$56:$W$56,1,MATCH($B$3,NORMATIVOS!$C$1:$W$1,0)) -> Proyección
A79: HONGO | B79: 5 circulos | C79: =INDEX(NORMATIVOS!$C$57:$W$57,1,MATCH($B$3,NORMATIVOS!$C$1:$W$1,0)) -> Proyección
A80: HONGO | B80: Salida finlandesa | C80: =INDEX(NORMATIVOS!$C$58:$W$58,1,MATCH($B$3,NORMATIVOS!$C$1:$W$1,0)) -> Proyección
A81: HONGO | B81: Splindle | C81: =INDEX(NORMATIVOS!$C$59:$W$59,1,MATCH($B$3,NORMATIVOS!$C$1:$W$1,0)) -> Proyección
A82: HONGO | B82: Thomas Flair | C82: =INDEX(NORMATIVOS!$C$60:$W$60,1,MATCH($B$3,NORMATIVOS!$C$1:$W$1,0)) -> Proyección
A83: HONGO | B83: Cheka | C83: =INDEX(NORMATIVOS!$C$61:$W$61,1,MATCH($B$3,NORMATIVOS!$C$1:$W$1,0)) -> Proyección
A84: HONGO | B84: Stöckli | C84: =INDEX(NORMATIVOS!$C$62:$W$62,1,MATCH($B$3,NORMATIVOS!$C$1:$W$1,0)) -> Proyección
A85: HONGO | B85: Splindle con thomas | C85: =INDEX(NORMATIVOS!$C$63:$W$63,1,MATCH($B$3,NORMATIVOS!$C$1:$W$1,0)) -> Proyección
A86: HONGO | B86: Rusa | C86: =INDEX(NORMATIVOS!$C$64:$W$64,1,MATCH($B$3,NORMATIVOS!$C$1:$W$1,0)) -> Proyección
A87: CABALLO SIN ARZON | B87: 1/2 Circulo | C87: =INDEX(NORMATIVOS!$C$65:$W$65,1,MATCH($B$3,NORMATIVOS!$C$1:$W$1,0)) -> Proyección
A88: CABALLO SIN ARZON | B88: Circulo | C88: =INDEX(NORMATIVOS!$C$66:$W$66,1,MATCH($B$3,NORMATIVOS!$C$1:$W$1,0)) -> Proyección
A89: CABALLO SIN ARZON | B89: Thomas Flair | C89: =INDEX(NORMATIVOS!$C$67:$W$67,1,MATCH($B$3,NORMATIVOS!$C$1:$W$1,0)) -> Proyección
A90: CABALLO SIN ARZON | B90: 1/4 de Kehr | C90: =INDEX(NORMATIVOS!$C$68:$W$68,1,MATCH($B$3,NORMATIVOS!$C$1:$W$1,0)) -> Proyección
A91: CABALLO SIN ARZON | B91: 1/2 Splindle | C91: =INDEX(NORMATIVOS!$C$69:$W$69,1,MATCH($B$3,NORMATIVOS!$C$1:$W$1,0)) -> Proyección
A92: CABALLO SIN ARZON | B92: Salida finlandesa | C92: =INDEX(NORMATIVOS!$C$70:$W$70,1,MATCH($B$3,NORMATIVOS!$C$1:$W$1,0)) -> Proyección
A93: CABALLO SIN ARZON | B93: Cheka | C93: =INDEX(NORMATIVOS!$C$71:$W$71,1,MATCH($B$3,NORMATIVOS!$C$1:$W$1,0)) -> Proyección
A94: CABALLO SIN ARZON | B94: Stöckli | C94: =INDEX(NORMATIVOS!$C$72:$W$72,1,MATCH($B$3,NORMATIVOS!$C$1:$W$1,0)) -> Proyección
A95: CABALLO SIN ARZON | B95: 1/2 Magyar | C95: =INDEX(NORMATIVOS!$C$73:$W$73,1,MATCH($B$3,NORMATIVOS!$C$1:$W$1,0)) -> Proyección
A96: CABALLO SIN ARZON | B96: 1/2 Sivado | C96: =INDEX(NORMATIVOS!$C$74:$W$74,1,MATCH($B$3,NORMATIVOS!$C$1:$W$1,0)) -> Proyección
A97: CABALLO SIN ARZON | B97: Rusa | C97: =INDEX(NORMATIVOS!$C$75:$W$75,1,MATCH($B$3,NORMATIVOS!$C$1:$W$1,0)) -> Proyección
A98: CABALLO SIN ARZON | B98: Doble rusa | C98: =INDEX(NORMATIVOS!$C$76:$W$76,1,MATCH($B$3,NORMATIVOS!$C$1:$W$1,0)) -> Proyección
A99: CABALLO SIN ARZON | B99: Magyar | C99: =INDEX(NORMATIVOS!$C$77:$W$77,1,MATCH($B$3,NORMATIVOS!$C$1:$W$1,0)) -> Proyección
A100: CABALLO SIN ARZON | B100: Sivado | C100: =INDEX(NORMATIVOS!$C$78:$W$78,1,MATCH($B$3,NORMATIVOS!$C$1:$W$1,0)) -> Proyección
A101: CABALLO CON ARZONES | B101: Balanceo pendular | C101: =INDEX(NORMATIVOS!$C$79:$W$79,1,MATCH($B$3,NORMATIVOS!$C$1:$W$1,0)) -> Proyección
A102: CABALLO CON ARZONES | B102: Tijera falsa | C102: =INDEX(NORMATIVOS!$C$80:$W$80,1,MATCH($B$3,NORMATIVOS!$C$1:$W$1,0)) -> Proyección
A103: CABALLO CON ARZONES | B103: Tijera | C103: =INDEX(NORMATIVOS!$C$81:$W$81,1,MATCH($B$3,NORMATIVOS!$C$1:$W$1,0)) -> Proyección
A104: CABALLO CON ARZONES | B104: Circulo sobre arzones | C104: =INDEX(NORMATIVOS!$C$82:$W$82,1,MATCH($B$3,NORMATIVOS!$C$1:$W$1,0)) -> Proyección
A105: CABALLO CON ARZONES | B105: Tijera circulo | C105: =INDEX(NORMATIVOS!$C$83:$W$83,1,MATCH($B$3,NORMATIVOS!$C$1:$W$1,0)) -> Proyección
...

Sheet INDICADORES
A1: INDICADORES DE SEGUIMIENTO ESGILA
A3: Atletas evaluados | B3: =COUNTA(CONSOLIDADO!$A$4:$A$103) -> 100 | D3: Estado | E3: Total
A4: % dominio promedio | B4: =AVERAGE(CONSOLIDADO!$G$4:$G$103) -> 0 | D4: N/A | E4: =SUM(CONSOLIDADO!$F$4:$F$103) -> 0
A5: Elementos consolidados | B5: =SUM(CONSOLIDADO!$C$4:$C$103) -> 0 | D5: Proyección | E5: =SUM(CONSOLIDADO!$E$4:$E$103) -> 1584
A6: Elementos en proceso | B6: =SUM(CONSOLIDADO!$D$4:$D$103) -> 0 | D6: En proceso | E6: =SUM(CONSOLIDADO!$D$4:$D$103) -> 0
D7: Consolidado | E7: =SUM(CONSOLIDADO!$C$4:$C$103) -> 0
A10: DOMINIO PROMEDIO POR APARATO
A11: Aparato | B11: % dominio
A12: POSICIONES BÁSICAS Y FUERZA | B12: =IFERROR(COUNTIF(NORMATIVOS!$C$3:$N$16,"Consolidado")/(COUNTA(NORMATIVOS!$C$3:$N$16)-COUNTIF(NORMATIVOS!$C$3:$N$16,"N/A")),0) -> 0
A13: ACROBATICO HACÍA DELANTE | B13: =IFERROR(COUNTIF(NORMATIVOS!$C$17:$N$27,"Consolidado")/(COUNTA(NORMATIVOS!$C$17:$N$27)-COUNTIF(NORMATIVOS!$C$17:$N$27,"N/A")),0) -> 0
A14: ACROBATICO HACÍA ATRÁS | B14: =IFERROR(COUNTIF(NORMATIVOS!$C$28:$N$37,"Consolidado")/(COUNTA(NORMATIVOS!$C$28:$N$37)-COUNTIF(NORMATIVOS!$C$28:$N$37,"N/A")),0) -> 0
A15: ACROBATICO CON GIRO | B15: =IFERROR(COUNTIF(NORMATIVOS!$C$38:$N$46,"Consolidado")/(COUNTA(NORMATIVOS!$C$38:$N$46)-COUNTIF(NORMATIVOS!$C$38:$N$46,"N/A")),0) -> 0
A16: HONGO | B16: =IFERROR(COUNTIF(NORMATIVOS!$C$49:$N$64,"Consolidado")/(COUNTA(NORMATIVOS!$C$49:$N$64)-COUNTIF(NORMATIVOS!$C$49:$N$64,"N/A")),0) -> 0
A17: CABALLO SIN ARZON | B17: =IFERROR(COUNTIF(NORMATIVOS!$C$65:$N$78,"Consolidado")/(COUNTA(NORMATIVOS!$C$65:$N$78)-COUNTIF(NORMATIVOS!$C$65:$N$78,"N/A")),0) -> 0
A18: CABALLO CON ARZONES | B18: =IFERROR(COUNTIF(NORMATIVOS!$C$79:$N$104,"Consolidado")/(COUNTA(NORMATIVOS!$C$79:$N$104)-COUNTIF(NORMATIVOS!$C$79:$N$104,"N/A")),0) -> 0
A19: ELEMENTOS DE FUERZA | B19: =IFERROR(COUNTIF(NORMATIVOS!$C$107:$N$121,"Consolidado")/(COUNTA(NORMATIVOS!$C$107:$N$121)-COUNTIF(NORMATIVOS!$C$107:$N$121,"N/A")),0) -> 0
A20: ELEMENTOS DE VUELO | B20: =IFERROR(COUNTIF(NORMATIVOS!$C$122:$N$141,"Consolidado")/(COUNTA(NORMATIVOS!$C$122:$N$141)-COUNTIF(NORMATIVOS!$C$122:$N$141,"N/A")),0) -> 0
A21: ACCIONES SIN TABLA DE SALTO | B21: =IFERROR(COUNTIF(NORMATIVOS!$C$144:$N$150,"Consolidado")/(COUNTA(NORMATIVOS!$C$144:$N$150)-COUNTIF(NORMATIVOS!$C$144:$N$150,"N/A")),0) -> 0
A22: SALTOS | B22: =IFERROR(COUNTIF(NORMATIVOS!$C$151:$N$172,"Consolidado")/(COUNTA(NORMATIVOS!$C$151:$N$172)-COUNTIF(NORMATIVOS!$C$151:$N$172,"N/A")),0) -> 0
A23: ELEMENTOS EN SUSPENSION | B23: =IFERROR(COUNTIF(NORMATIVOS!$C$175:$N$192,"Consolidado")/(COUNTA(NORMATIVOS!$C$175:$N$192)-COUNTIF(NORMATIVOS!$C$175:$N$192,"N/A")),0) -> 0
A24: ELEMENTOS EN APOYO | B24: =IFERROR(COUNTIF(NORMATIVOS!$C$193:$N$216,"Consolidado")/(COUNTA(NORMATIVOS!$C$193:$N$216)-COUNTIF(NORMATIVOS!$C$193:$N$216,"N/A")),0) -> 0
A25: ELEMENTOS EN APOYO BRAQUIAL | B25: =IFERROR(COUNTIF(NORMATIVOS!$C$217:$N$229,"Consolidado")/(COUNTA(NORMATIVOS!$C$217:$N$229)-COUNTIF(NORMATIVOS!$C$217:$N$229,"N/A")),0) -> 0
A26: ELEMENTOS DE VUELO Y SOLTADAS | B26: =IFERROR(COUNTIF(NORMATIVOS!$C$232:$N$259,"Consolidado")/(COUNTA(NORMATIVOS!$C$232:$N$259)-COUNTIF(NORMATIVOS!$C$232:$N$259,"N/A")),0) -> 0
A27: ACERCAMIENTO A LA BARRA | B27: =IFERROR(COUNTIF(NORMATIVOS!$C$260:$N$276,"Consolidado")/(COUNTA(NORMATIVOS!$C$260:$N$276)-COUNTIF(NORMATIVOS!$C$260:$N$276,"N/A")),0) -> 0

Sheet CONSOLIDADO
A1: CONSOLIDADO GENERAL DE NORMATIVOS ESGILA
A3: Atleta | B3: Elementos evaluados | C3: Consolidados | D3: En proceso | E3: Proyección | F3: N/A | G3: % dominio | H3: Seguimiento
A4: =IFERROR(IF(INDEX(NORMATIVOS!$C$1:$N$1,1,ROWS($A$4:A4))="","",INDEX(NORMATIVOS!$C$1:$N$1,1,ROWS($A$4:A4))),"") -> Renato Garcia | B4: =IF($A4="","",COUNTA(INDEX(NORMATIVOS!$C$3:$N$276,0,ROWS($A$4:A4)))) -> 264 | C4: =IF($A4="","",COUNTIF(INDEX(NORMATIVOS!$C$3:$N$276,0,ROWS($A$4:A4)),"Consolidado")) -> 0 | D4: =IF($A4="","",COUNTIF(INDEX(NORMATIVOS!$C$3:$N$276,0,ROWS($A$4:A4)),"En proceso")) -> 0 | E4: =IF($A4="","",COUNTIF(INDEX(NORMATIVOS!$C$3:$N$276,0,ROWS($A$4:A4)),"Proyección")) -> 264 | F4: =IF($A4="","",COUNTIF(INDEX(NORMATIVOS!$C$3:$N$276,0,ROWS($A$4:A4)),"N/A")) -> 0 | G4: =IF($A4="","",IFERROR(C4/(B4-F4),0)) -> 0 | H4: =IF($A4="","",IF(G4>=0.8,"Alto avance",IF(G4>=0.5,"Avance medio",IF(G4>=0.3,"Avance inicial",IF(G4>=0.1,"Base solida","Base inicial"))))) -> Base inicial
A5: =IFERROR(IF(INDEX(NORMATIVOS!$C$1:$N$1,1,ROWS($A$4:A5))="","",INDEX(NORMATIVOS!$C$1:$N$1,1,ROWS($A$4:A5))),"") -> Krishna Vargas | B5: =IF($A5="","",COUNTA(INDEX(NORMATIVOS!$C$3:$N$276,0,ROWS($A$4:A5)))) -> 264 | C5: =IF($A5="","",COUNTIF(INDEX(NORMATIVOS!$C$3:$N$276,0,ROWS($A$4:A5)),"Consolidado")) -> 0 | D5: =IF($A5="","",COUNTIF(INDEX(NORMATIVOS!$C$3:$N$276,0,ROWS($A$4:A5)),"En proceso")) -> 0 | E5: =IF($A5="","",COUNTIF(INDEX(NORMATIVOS!$C$3:$N$276,0,ROWS($A$4:A5)),"Proyección")) -> 264 | F5: =IF($A5="","",COUNTIF(INDEX(NORMATIVOS!$C$3:$N$276,0,ROWS($A$4:A5)),"N/A")) -> 0 | G5: =IF($A5="","",IFERROR(C5/(B5-F5),0)) -> 0 | H5: =IF($A5="","",IF(G5>=0.8,"Alto avance",IF(G5>=0.5,"Avance medio",IF(G5>=0.3,"Avance inicial",IF(G5>=0.1,"Base solida","Base inicial"))))) -> Base inicial
A6: =IFERROR(IF(INDEX(NORMATIVOS!$C$1:$N$1,1,ROWS($A$4:A6))="","",INDEX(NORMATIVOS!$C$1:$N$1,1,ROWS($A$4:A6))),"") -> Adolfo Sochiro | B6: =IF($A6="","",COUNTA(INDEX(NORMATIVOS!$C$3:$N$276,0,ROWS($A$4:A6)))) -> 264 | C6: =IF($A6="","",COUNTIF(INDEX(NORMATIVOS!$C$3:$N$276,0,ROWS($A$4:A6)),"Consolidado")) -> 0 | D6: =IF($A6="","",COUNTIF(INDEX(NORMATIVOS!$C$3:$N$276,0,ROWS($A$4:A6)),"En proceso")) -> 0 | E6: =IF($A6="","",COUNTIF(INDEX(NORMATIVOS!$C$3:$N$276,0,ROWS($A$4:A6)),"Proyección")) -> 264 | F6: =IF($A6="","",COUNTIF(INDEX(NORMATIVOS!$C$3:$N$276,0,ROWS($A$4:A6)),"N/A")) -> 0 | G6: =IF($A6="","",IFERROR(C6/(B6-F6),0)) -> 0 | H6: =IF($A6="","",IF(G6>=0.8,"Alto avance",IF(G6>=0.5,"Avance medio",IF(G6>=0.3,"Avance inicial",IF(G6>=0.1,"Base solida","Base inicial"))))) -> Base inicial
A7: =IFERROR(IF(INDEX(NORMATIVOS!$C$1:$N$1,1,ROWS($A$4:A7))="","",INDEX(NORMATIVOS!$C$1:$N$1,1,ROWS($A$4:A7))),"") -> Iker Bonilla | B7: =IF($A7="","",COUNTA(INDEX(NORMATIVOS!$C$3:$N$276,0,ROWS($A$4:A7)))) -> 264 | C7: =IF($A7="","",COUNTIF(INDEX(NORMATIVOS!$C$3:$N$276,0,ROWS($A$4:A7)),"Consolidado")) -> 0 | D7: =IF($A7="","",COUNTIF(INDEX(NORMATIVOS!$C$3:$N$276,0,ROWS($A$4:A7)),"En proceso")) -> 0 | E7: =IF($A7="","",COUNTIF(INDEX(NORMATIVOS!$C$3:$N$276,0,ROWS($A$4:A7)),"Proyección")) -> 264 | F7: =IF($A7="","",COUNTIF(INDEX(NORMATIVOS!$C$3:$N$276,0,ROWS($A$4:A7)),"N/A")) -> 0 | G7: =IF($A7="","",IFERROR(C7/(B7-F7),0)) -> 0 | H7: =IF($A7="","",IF(G7>=0.8,"Alto avance",IF(G7>=0.5,"Avance medio",IF(G7>=0.3,"Avance inicial",IF(G7>=0.1,"Base solida","Base inicial"))))) -> Base inicial
A8: =IFERROR(IF(INDEX(NORMATIVOS!$C$1:$N$1,1,ROWS($A$4:A8))="","",INDEX(NORMATIVOS!$C$1:$N$1,1,ROWS($A$4:A8))),"") -> Joseph Cardona | B8: =IF($A8="","",COUNTA(INDEX(NORMATIVOS!$C$3:$N$276,0,ROWS($A$4:A8)))) -> 264 | C8: =IF($A8="","",COUNTIF(INDEX(NORMATIVOS!$C$3:$N$276,0,ROWS($A$4:A8)),"Consolidado")) -> 0 | D8: =IF($A8="","",COUNTIF(INDEX(NORMATIVOS!$C$3:$N$276,0,ROWS($A$4:A8)),"En proceso")) -> 0 | E8: =IF($A8="","",COUNTIF(INDEX(NORMATIVOS!$C$3:$N$276,0,ROWS($A$4:A8)),"Proyección")) -> 264 | F8: =IF($A8="","",COUNTIF(INDEX(NORMATIVOS!$C$3:$N$276,0,ROWS($A$4:A8)),"N/A")) -> 0 | G8: =IF($A8="","",IFERROR(C8/(B8-F8),0)) -> 0 | H8: =IF($A8="","",IF(G8>=0.8,"Alto avance",IF(G8>=0.5,"Avance medio",IF(G8>=0.3,"Avance inicial",IF(G8>=0.1,"Base solida","Base inicial"))))) -> Base inicial
A9: =IFERROR(IF(INDEX(NORMATIVOS!$C$1:$N$1,1,ROWS($A$4:A9))="","",INDEX(NORMATIVOS!$C$1:$N$1,1,ROWS($A$4:A9))),"") -> Kevin Gonzalez | B9: =IF($A9="","",COUNTA(INDEX(NORMATIVOS!$C$3:$N$276,0,ROWS($A$4:A9)))) -> 264 | C9: =IF($A9="","",COUNTIF(INDEX(NORMATIVOS!$C$3:$N$276,0,ROWS($A$4:A9)),"Consolidado")) -> 0 | D9: =IF($A9="","",COUNTIF(INDEX(NORMATIVOS!$C$3:$N$276,0,ROWS($A$4:A9)),"En proceso")) -> 0 | E9: =IF($A9="","",COUNTIF(INDEX(NORMATIVOS!$C$3:$N$276,0,ROWS($A$4:A9)),"Proyección")) -> 264 | F9: =IF($A9="","",COUNTIF(INDEX(NORMATIVOS!$C$3:$N$276,0,ROWS($A$4:A9)),"N/A")) -> 0 | G9: =IF($A9="","",IFERROR(C9/(B9-F9),0)) -> 0 | H9: =IF($A9="","",IF(G9>=0.8,"Alto avance",IF(G9>=0.5,"Avance medio",IF(G9>=0.3,"Avance inicial",IF(G9>=0.1,"Base solida","Base inicial"))))) -> Base inicial
A10: =IFERROR(IF(INDEX(NORMATIVOS!$C$1:$N$1,1,ROWS($A$4:A10))="","",INDEX(NORMATIVOS!$C$1:$N$1,1,ROWS($A$4:A10))),"") | B10: =IF($A10="","",COUNTA(INDEX(NORMATIVOS!$C$3:$N$276,0,ROWS($A$4:A10)))) | C10: =IF($A10="","",COUNTIF(INDEX(NORMATIVOS!$C$3:$N$276,0,ROWS($A$4:A10)),"Consolidado")) | D10: =IF($A10="","",COUNTIF(INDEX(NORMATIVOS!$C$3:$N$276,0,ROWS($A$4:A10)),"En proceso")) | E10: =IF($A10="","",COUNTIF(INDEX(NORMATIVOS!$C$3:$N$276,0,ROWS($A$4:A10)),"Proyección")) | F10: =IF($A10="","",COUNTIF(INDEX(NORMATIVOS!$C$3:$N$276,0,ROWS($A$4:A10)),"N/A")) | G10: =IF($A10="","",IFERROR(C10/(B10-F10),0)) | H10: =IF($A10="","",IF(G10>=0.8,"Alto avance",IF(G10>=0.5,"Avance medio",IF(G10>=0.3,"Avance inicial",IF(G10>=0.1,"Base solida","Base inicial")))))
A11: =IFERROR(IF(INDEX(NORMATIVOS!$C$1:$N$1,1,ROWS($A$4:A11))="","",INDEX(NORMATIVOS!$C$1:$N$1,1,ROWS($A$4:A11))),"") | B11: =IF($A11="","",COUNTA(INDEX(NORMATIVOS!$C$3:$N$276,0,ROWS($A$4:A11)))) | C11: =IF($A11="","",COUNTIF(INDEX(NORMATIVOS!$C$3:$N$276,0,ROWS($A$4:A11)),"Consolidado")) | D11: =IF($A11="","",COUNTIF(INDEX(NORMATIVOS!$C$3:$N$276,0,ROWS($A$4:A11)),"En proceso")) | E11: =IF($A11="","",COUNTIF(INDEX(NORMATIVOS!$C$3:$N$276,0,ROWS($A$4:A11)),"Proyección")) | F11: =IF($A11="","",COUNTIF(INDEX(NORMATIVOS!$C$3:$N$276,0,ROWS($A$4:A11)),"N/A")) | G11: =IF($A11="","",IFERROR(C11/(B11-F11),0)) | H11: =IF($A11="","",IF(G11>=0.8,"Alto avance",IF(G11>=0.5,"Avance medio",IF(G11>=0.3,"Avance inicial",IF(G11>=0.1,"Base solida","Base inicial")))))
A12: =IFERROR(IF(INDEX(NORMATIVOS!$C$1:$N$1,1,ROWS($A$4:A12))="","",INDEX(NORMATIVOS!$C$1:$N$1,1,ROWS($A$4:A12))),"") | B12: =IF($A12="","",COUNTA(INDEX(NORMATIVOS!$C$3:$N$276,0,ROWS($A$4:A12)))) | C12: =IF($A12="","",COUNTIF(INDEX(NORMATIVOS!$C$3:$N$276,0,ROWS($A$4:A12)),"Consolidado")) | D12: =IF($A12="","",COUNTIF(INDEX(NORMATIVOS!$C$3:$N$276,0,ROWS($A$4:A12)),"En proceso")) | E12: =IF($A12="","",COUNTIF(INDEX(NORMATIVOS!$C$3:$N$276,0,ROWS($A$4:A12)),"Proyección")) | F12: =IF($A12="","",COUNTIF(INDEX(NORMATIVOS!$C$3:$N$276,0,ROWS($A$4:A12)),"N/A")) | G12: =IF($A12="","",IFERROR(C12/(B12-F12),0)) | H12: =IF($A12="","",IF(G12>=0.8,"Alto avance",IF(G12>=0.5,"Avance medio",IF(G12>=0.3,"Avance inicial",IF(G12>=0.1,"Base solida","Base inicial")))))
A13: =IFERROR(IF(INDEX(NORMATIVOS!$C$1:$N$1,1,ROWS($A$4:A13))="","",INDEX(NORMATIVOS!$C$1:$N$1,1,ROWS($A$4:A13))),"") | B13: =IF($A13="","",COUNTA(INDEX(NORMATIVOS!$C$3:$N$276,0,ROWS($A$4:A13)))) | C13: =IF($A13="","",COUNTIF(INDEX(NORMATIVOS!$C$3:$N$276,0,ROWS($A$4:A13)),"Consolidado")) | D13: =IF($A13="","",COUNTIF(INDEX(NORMATIVOS!$C$3:$N$276,0,ROWS($A$4:A13)),"En proceso")) | E13: =IF($A13="","",COUNTIF(INDEX(NORMATIVOS!$C$3:$N$276,0,ROWS($A$4:A13)),"Proyección")) | F13: =IF($A13="","",COUNTIF(INDEX(NORMATIVOS!$C$3:$N$276,0,ROWS($A$4:A13)),"N/A")) | G13: =IF($A13="","",IFERROR(C13/(B13-F13),0)) | H13: =IF($A13="","",IF(G13>=0.8,"Alto avance",IF(G13>=0.5,"Avance medio",IF(G13>=0.3,"Avance inicial",IF(G13>=0.1,"Base solida","Base inicial")))))
A14: =IFERROR(IF(INDEX(NORMATIVOS!$C$1:$N$1,1,ROWS($A$4:A14))="","",INDEX(NORMATIVOS!$C$1:$N$1,1,ROWS($A$4:A14))),"") | B14: =IF($A14="","",COUNTA(INDEX(NORMATIVOS!$C$3:$N$276,0,ROWS($A$4:A14)))) | C14: =IF($A14="","",COUNTIF(INDEX(NORMATIVOS!$C$3:$N$276,0,ROWS($A$4:A14)),"Consolidado")) | D14: =IF($A14="","",COUNTIF(INDEX(NORMATIVOS!$C$3:$N$276,0,ROWS($A$4:A14)),"En proceso")) | E14: =IF($A14="","",COUNTIF(INDEX(NORMATIVOS!$C$3:$N$276,0,ROWS($A$4:A14)),"Proyección")) | F14: =IF($A14="","",COUNTIF(INDEX(NORMATIVOS!$C$3:$N$276,0,ROWS($A$4:A14)),"N/A")) | G14: =IF($A14="","",IFERROR(C14/(B14-F14),0)) | H14: =IF($A14="","",IF(G14>=0.8,"Alto avance",IF(G14>=0.5,"Avance medio",IF(G14>=0.3,"Avance inicial",IF(G14>=0.1,"Base solida","Base inicial")))))
A15: =IFERROR(IF(INDEX(NORMATIVOS!$C$1:$N$1,1,ROWS($A$4:A15))="","",INDEX(NORMATIVOS!$C$1:$N$1,1,ROWS($A$4:A15))),"") | B15: =IF($A15="","",COUNTA(INDEX(NORMATIVOS!$C$3:$N$276,0,ROWS($A$4:A15)))) | C15: =IF($A15="","",COUNTIF(INDEX(NORMATIVOS!$C$3:$N$276,0,ROWS($A$4:A15)),"Consolidado")) | D15: =IF($A15="","",COUNTIF(INDEX(NORMATIVOS!$C$3:$N$276,0,ROWS($A$4:A15)),"En proceso")) | E15: =IF($A15="","",COUNTIF(INDEX(NORMATIVOS!$C$3:$N$276,0,ROWS($A$4:A15)),"Proyección")) | F15: =IF($A15="","",COUNTIF(INDEX(NORMATIVOS!$C$3:$N$276,0,ROWS($A$4:A15)),"N/A")) | G15: =IF($A15="","",IFERROR(C15/(B15-F15),0)) | H15: =IF($A15="","",IF(G15>=0.8,"Alto avance",IF(G15>=0.5,"Avance medio",IF(G15>=0.3,"Avance inicial",IF(G15>=0.1,"Base solida","Base inicial")))))
... A103: =IFERROR(IF(INDEX(NORMATIVOS!$C$1:$N$1,1,ROWS($A$4:A103))="","",INDEX(NORMATIVOS!$C$1:$N$1,1,ROWS($A$4:A103))),"") | B103: =IF($A103="","",COUNTA(INDEX(NORMATIVOS!$C$3:$N$276,0,ROWS($A$4:A103)))) | C103: =IF($A103="","",COUNTIF(INDEX(NORMATIVOS!$C$3:$N$276,0,ROWS($A$4:A103)),"Consolidado")) | D103: =IF($A103="","",COUNTIF(INDEX(NORMATIVOS!$C$3:$N$276,0,ROWS($A$4:A103)),"En proceso")) | E103: =IF($A103="","",COUNTIF(INDEX(NORMATIVOS!$C$3:$N$276,0,ROWS($A$4:A103)),"Proyección")) | F103: =IF($A103="","",COUNTIF(INDEX(NORMATIVOS!$C$3:$N$276,0,ROWS($A$4:A103)),"N/A")) | G103: =IF($A103="","",IFERROR(C103/(B103-F103),0)) | H103: =IF($A103="","",IF(G103>=0.8,"Alto avance",IF(G103>=0.5,"Avance medio",IF(G103>=0.3,"Avance inicial",IF(G103>=0.1,"Base solida","Base inicial")))))

Sheet CATALOGOS
A1: ESTADOS DE EVALUACIÓN | C1: APARATOS | E1: CRITERIO | G1: ESTADO → CICLO DE CARGA
A2: N/A | C2: POSICIONES BÁSICAS Y FUERZA | E2: N/A = no aplica / aún no corresponde | G2: Estado | H2: Ciclo de carga | I2: Enfoque
A3: Proyección | C3: ACROBATICO HACÍA DELANTE | E3: Proyección = habilidad prevista para desarrollar | G3: Consolidado | H3: Microciclo | I3: Mantener / perfeccionar
A4: En proceso | C4: ACROBATICO HACÍA ATRÁS | E4: En proceso = habilidad trabajada pero no consolidada | G4: En proceso | H4: Mesociclo | I4: Desarrollar / consolidar
A5: Consolidado | C5: ACROBATICO CON GIRO | E5: Consolidado = habilidad dominada según el criterio del entrenador | G5: Proyección | H5: Macrociclo | I5: Iniciar / aprender
C6: HONGO | G6: N/A | H6: No aplica | I6: Sin carga
C7: CABALLO SIN ARZON
C8: CABALLO CON ARZONES
C9: ELEMENTOS DE FUERZA
C10: ELEMENTOS DE VUELO
C11: ACCIONES SIN TABLA DE SALTO
C12: SALTOS
C13: ELEMENTOS EN SUSPENSION
C14: ELEMENTOS EN APOYO
C15: ELEMENTOS EN APOYO BRAQUIAL
C16: ELEMENTOS DE VUELO Y SOLTADAS
C17: ACERCAMIENTO A LA BARRA
